npm notice run verify
npm notice run node scripts/verify.mjs fast

── [fast] Release metadata semantic regression  (cwd: .)
✔ accepts canonical monotonic release metadata and numeric component ordering (1.1245ms)
✔ rejects equal or decreasing release versions (0.211333ms)
✔ rejects malformed, ambiguous, or noncanonical manifest bytes (0.141417ms)
✔ rejects noncanonical stable SemVer spellings (0.1085ms)
✔ requires the leading changelog release to agree with the head manifest (0.137459ms)
✔ CLI arguments require one exact base and head SHA (0.14175ms)
✔ range verification reads exact commit blobs rather than mutable worktree files (101.7495ms)
✔ range verification rejects non-regular release metadata (86.212125ms)
ℹ tests 8
ℹ suites 0
ℹ pass 8
ℹ fail 0
ℹ cancelled 0
ℹ skipped 0
ℹ todo 0
ℹ duration_ms 224.224291

── [fast] Release metadata documentation link tests  (cwd: .)
✔ accepts local links and ignores external/anchor links (37.557ms)
✔ fails with file and line for missing local target (33.122583ms)
✔ ignores fenced code (31.546208ms)
✔ ignores link-shaped examples inside inline code (32.352ms)
✔ still checks links beside inline code (32.635583ms)
✔ ignores Buck output trees, including dangling artifact symlinks (33.002542ms)
✔ rejects missing extensionless and reference-style targets (32.073041ms)
✔ accepts one tracked entry record plus three current authorities (130.547042ms)
✔ rejects unknown root completeness and document-manifest fields (282.120375ms)
✔ rejects unknown entry, authority, and transition record fields (404.48725ms)
✔ rejects a fourth README current authority (139.422458ms)
✔ rejects a prose declaration of a fourth README current authority (143.080709ms)
✔ rejects reordered README current authorities (134.728292ms)
✔ reads index and Markdown from the exact Git index tree, not unstaged worktree bytes (212.332ms)
✔ rejects a Git worktree with no documentation index (58.612875ms)
✔ rejects an untracked or ignored documentation index (154.890917ms)
✔ cannot be redirected to an attacker-selected Git index (126.92825ms)
✔ rejects a tracked entry or authority symlink to uncustodied bytes (264.926583ms)
✔ rejects an extensionless link whose tracked target is a symlink (138.454167ms)
✔ rejects a missing current authority path (132.191875ms)
✔ rejects duplicate concerns and admitted paths (260.354083ms)
✔ rejects authority outside the allowed three concern/path pairs (136.938416ms)
✔ rejects invalid redirect and frozen replacements (272.293417ms)
✔ rejects untracked and ignored path admission (270.419166ms)
✔ rejects every premature complete-coverage claim (138.20825ms)
✔ accepts a green schema-v2 exact first-party manifest fixture (135.018ms)
✔ duplicated first-party universe and class constants cannot drift (1.327208ms)
✔ all seven authority-slice records require exact document projections (929.796792ms)
✔ P1 rejects a newly staged unclassified Markdown blob by path (110.594792ms)
✔ P2 rejects staged Markdown blob drift until regeneration (111.55ms)
✔ P3 rejects a missing full-manifest document record by path (129.25425ms)
✔ P4 keeps complete coverage fail-closed (134.914125ms)
✔ P5 rejects non-null archive tags that are not exact pinned objects (130.191958ms)
✔ P6 root field allowlist drift still rejects documents (134.965375ms)
✔ P7 write preserves a missing semantic class and check remains red (162.563417ms)
✔ custom manifest diagnostics preserve the exact custom scope command (109.588083ms)
✔ A1 archive validation keeps an all-null manifest offline (63.500958ms)
✔ A2 validates an exact freshly fetched signed annotated archive tag (321.0895ms)
✔ A3 rejects an archive tag signed by an untrusted SSH key (275.560417ms)
✔ A4 rejects an unsigned annotated archive tag (244.772041ms)
✔ A5 rejects a lightweight archive tag (244.340833ms)
✔ A6 rejects a remote archive ref moved away from its pinned tag object (283.71525ms)
✔ A7 rejects a pinned archive ref absent from the fresh remote (175.95025ms)
✔ A8 rejects an annotated archive tag that targets a tree instead of a commit (259.691417ms)
✔ A9 rejects an archive commit missing the exact manifest path (287.308875ms)
✔ A10 rejects an archive commit whose document bytes differ (280.144292ms)
✔ A11 rejects an archive commit whose document mode is executable (285.682791ms)
✔ A12 rejects two document records claiming one annotated tag object (196.729041ms)
✔ A13 rejects malformed pins, derived-ref drift, OID drift, and internal tag-name drift (526.44ms)
✔ A14 rejects a signed tag whose message is not canonical archive metadata (253.665916ms)
✔ A15 treats hostile paths as literals and never executes archived document bytes (320.490625ms)
✔ A16 rejects indexed trust drift, replacement objects, and stale local archive refs (665.574875ms)
✔ A17 rejects an archive-tree symlink while the live manifest path remains 100644 (290.845084ms)
✔ A18 rejects an archive-tree gitlink while the live manifest path remains 100644 (302.66775ms)
ℹ tests 54
ℹ suites 0
ℹ pass 54
ℹ fail 0
ℹ cancelled 0
ℹ skipped 0
ℹ todo 0
ℹ duration_ms 11045.316375

── [fast] Release metadata documentation manifest gate  (cwd: .)
npm notice run check:doc-manifest
npm notice run node scripts/console/generate-documentation-manifest.mjs --check
Command failed: git -C /private/tmp/console-client-release-20260919 write-tree
fatal: Unable to create '/Users/jasonlee/Developer/console/.git/worktrees/console-client-release-20260919/index.lock': Operation not permitted


── [fast] Release metadata documentation local-link gate  (cwd: .)
npm notice run check:doc-links
npm notice run node --test scripts/check-current-authority-palantir-contract.test.mjs && node scripts/check-current-authority-palantir-contract.mjs && node scripts/check-doc-links.mjs
▶ check-current-authority-palantir-contract
  ✔ reads live body-gate constants from the gate source (0.5075ms)
  ✔ fails when PRODUCT still claims the generator is unimplemented (1.779958ms)
  ✔ fails when ROADMAP still claims the stale 53/291 body-gate floor (1.335625ms)
  ✔ fails when a remaining Palantir-class HOLD phrase is missing (1.719375ms)
  ✔ passes when current authority records the landed generator and remaining HOLDs (1.502167ms)
  ✔ CLI exits non-zero on the repository tree until current authority records the generator (27.369125ms)
✔ check-current-authority-palantir-contract (34.676083ms)
ℹ tests 6
ℹ suites 1
ℹ pass 6
ℹ fail 0
ℹ cancelled 0
ℹ skipped 0
ℹ todo 0
ℹ duration_ms 77.136125
current-authority Palantir-contract gate passed (4/4 artifacts, 14/14 HOLD phrases, 0 findings)
docs/documentation-index.json: cannot establish exact Git index-tree custody

── [fast] Cheap Buck2 generated-face admission  (cwd: .)
buck-preflight: pinned release 2026-07-15
buck2 2026-07-14-1560aca2002865cd73d7cafb22c705cfb640b2bc
Command failed: Failed to connect to buck daemon.
    Daemon process info from /Users/jasonlee/.buck/buckd/private/tmp/console-client-release-20260919/console-buck-preflight-jasonlee-3898103057/buckd.info:
    daemon dir: /Users/jasonlee/.buck/buckd/private/tmp/console-client-release-20260919/console-buck-preflight-jasonlee-3898103057
    pid: 46761
    endpoint: tcp:57696
    version: 6592108321bf36cd98b93efa40473d4b
    pid present on system: yes

    Try running `buck2 kill` and your command afterwards.
    Alternatively, try running `rm -rf ~/.buck/buckd` and your command afterwards

Caused by:
    0: Error connecting to the daemon, daemon stderr follows:
       2026-09-19T18:51:13.579863Z  INFO daemon_listener: buck2_daemon::daemon: Daemonized.
       2026-09-19T18:51:13.580338Z  INFO daemon_listener: buck2_daemon::daemon: Starting Buck2 daemon
       2026-09-19T18:51:13.580345Z  INFO daemon_listener: buck2_daemon::daemon: Version: 2026-07-14-1560aca2002865cd73d7cafb22c705cfb640b2bc
       2026-09-19T18:51:13.580357Z  INFO daemon_listener: buck2_daemon::daemon: PID: 46761
       2026-09-19T18:51:13.580361Z  INFO daemon_listener: buck2_daemon::daemon: ID: dfd3cf4f-2baa-41d0-a99f-556a8c34f47b
       2026-09-19T18:51:13.580371Z  INFO daemon_listener: buck2_daemon::daemon: Endpoint: tcp:57696
       2026-09-19T18:51:13.582785Z  INFO daemon_listener: buck2_daemon::daemon: Starting tokio runtime...
       2026-09-19T18:51:13.583268Z  INFO daemon_listener: buck2_daemon::daemon: Listening.
       2026-09-19T18:51:13.583398Z  INFO daemon_listener: buck2_server::daemon::state: Reading config...
       2026-09-19T18:51:13.583819Z  INFO daemon_listener: buck2_server::daemon::state: Starting...
       2026-09-19T18:51:13.583855Z  INFO daemon_listener: buck2_server::daemon::state: Initializing scribe sink...
       2026-09-19T18:51:13.584045Z  INFO daemon_listener: buck2_server::daemon::state: Creating materializer...
       2026-09-19T18:51:13.677069Z  INFO daemon_listener: buck2_server::daemon::state: Creating memory tracker...
       2026-09-19T18:51:13.677089Z  INFO daemon_listener: buck2_server::daemon::state: Launching forkserver...
       2026-09-19T18:51:13.678653Z  INFO daemon_listener: buck2_server::daemon::state: Creating tenting ACL provider...
       2026-09-19T18:51:13.678671Z  INFO daemon_listener: buck2_server::daemon::state: Constructing DICE...
       2026-09-19T18:51:13.678825Z  INFO daemon_listener: buck2_server::daemon::state: Creating file watcher...
       2026-09-19T18:51:13.680058Z  INFO daemon_listener: buck2_server::daemon::state: Daemon state is ready.
       2026-09-19T18:51:13.680093Z  INFO daemon_listener: buck2_server::daemon::server: Starting server
       
    1: establishing connection to Buck daemon or start a daemon
    2: acquire lifecycle lock
    3: Error locking buckd.lifecycle: Operation not permitted (os error 1)
    4: Operation not permitted (os error 1)

── [fast] Foundation gate contract  (cwd: .)
npm notice run check:foundation-gates
npm notice run node scripts/check-foundation-gates.mjs
Foundation gate check passed (147 checks).
- G001 backlog ledger: present
- G001 lane ownership matrix
- G001 generated-client rules
- G001 evidence/signoff columns
- G002 foundation-gates contract: present
- foundation gate readiness marker
- current G002 goal id recorded
- downstream domain-lane block
- workflow/action lifecycle gate recorded
- ontology/import/export gate recorded
- UI no-text-wall gate recorded
- foundation gate has no stale G011 plan reference
- foundation gate has no stale G012 plan reference
- foundation gate has no stale G013 plan reference
- foundation gate has no stale G014 plan reference
- foundation gate has no stale G015 plan reference
- foundation gate has no stale G016 plan reference
- foundation gate has no stale G017 plan reference
- foundation gate has no stale G018 plan reference
- foundation gate has no stale G019 plan reference
- foundation gate has no stale G020 plan reference
- foundation gate has no stale G021 plan reference
- foundation gate has no stale G022 plan reference
- foundation gate has no stale G023 plan reference
- foundation gate has no stale G024 plan reference
- foundation gate has no stale G025 plan reference
- foundation gate has no stale G026 plan reference
- foundation gate has no stale G027 plan reference
- foundation gate has no stale G028 plan reference
- foundation gate has no stale G029 plan reference
- foundation gate has no stale G030 plan reference
- foundation gate has no stale W1A-W1H plan reference
- backend layer-boundary gate: present
- backend audit-coverage gate: present
- backend migration-safety gate: present
- backend tenant-isolation gate: present
- backend pii-no-logs gate: present
- backend rls-arming gate: present
- backend audit-coverage gate (CI-run): present
- backend dev-auth-absence gate (CI-run): present
- backend fabricated-branch gate (CI-run): present
- backend iac-tier gate (CI-run): present
- backend layer-boundary gate (CI-run): present
- backend migration-safety gate (CI-run): present
- backend personal-data-classification gate (CI-run): present
- backend pii-no-logs gate (CI-run): present
- backend rls-arming gate (CI-run): present
- backend tenant-isolation gate (CI-run): present
- backend writer-ownership gate (CI-run): present
- object action passkey step-up contract
- approval feed authz/RLS contract
- initial-login agreement acceptance contract
- account lifecycle passkey step-up contract
- policy audit evidence contract
- package script check:foundation-gates
- package script test:text-gate
- CI runs foundation gate contract
- CI runs shared text-gate tests
- CI required-context triggers: push and pull_request are unfiltered
- package.json: scripts omit retired check:openapi-app
- root CI package scripts: all CI-run package scripts exist in package.json
- live CI gate documentation package scripts: all CI-run package scripts exist in package.json
- docs/CI-GATES.md backend console-gate binaries run by CI inventory matches .github/workflows/ci.yml
- docs/CI-GATES.md root package scripts run by CI inventory matches .github/workflows/ci.yml + package.json
- live CI gate docs exclude retired generated-client round-trip
- live CI gate docs exclude retired app-served OpenAPI gate
- live CI gate docs exclude retired contract database handoff
- CI gate: cargo fmt --all -- --check
- CI gate: cargo clippy --all-targets -- -D warnings
- CI gate: SQLX_OFFLINE=true cargo test
- CI gate: cargo run -p console-gate-audit-coverage
- CI gate: cargo run -p console-gate-pii-no-logs
- CI gate: cargo run -p console-gate-rls-arming
- CI gate: npm run check:platform-contract-drift
- security workflow: trivy fs --scanners vuln,secret
- security workflow: node --test scripts/generate-trivy-dev-codegen-exceptions.test.mjs
- security workflow: node scripts/generate-trivy-dev-codegen-exceptions.mjs --check
- security workflow: --ignorefile security/trivy-dev-codegen-exceptions.yaml
- security workflow: trivy config --severity HIGH,CRITICAL --exit-code 1
- security workflow: cargo-security-tools/bin/cargo-audit
- security workflow: cargo-security-tools/bin/cargo-deny
- security workflow: node --test scripts/check-workflow-hardening.test.mjs
- security workflow: node --test scripts/check-node-audit-exceptions.test.mjs
- security workflow: npm audit --omit=dev --audit-level=high --json
- security workflow: check-node-audit-exceptions.mjs --mode production
- security workflow: npm audit --audit-level=high --json
- security workflow: check-node-audit-exceptions.mjs --mode dev-codegen
- security workflow hardening: 5 required contexts have exact ordered proofs
- Node audit exception registry: present
- Trivy dev/codegen exception registry: present
- Node audit exception gate: present
- Node audit exception gate regressions: present
- Trivy exception projection gate: present
- Trivy exception projection regressions: present
- Node audit exception regression script
- Trivy exception projection script
- Trivy exception projection regression script
- image release gate: workflow_run:
- image release gate: Classify exact immutable source release
- image release gate: eligible: ${{ steps.admit.outputs.eligible }}
- image release gate: needs.ci-admission.outputs.eligible == 'true'
- image release gate: type=semver,pattern={{version}},value=${{ needs.ci-admission.outputs.release_tag }}
- image release gate: type=raw,value=sha-${{ needs.ci-admission.outputs.release_sha }}
- image release gate: org.opencontainers.image.version=${{ needs.ci-admission.outputs.release_version }}
- image release gate: org.opencontainers.image.revision=${{ needs.ci-admission.outputs.release_sha }}
- image release gate: .immutable == true
- image release gate: readonly SECURITY_WORKFLOW_ID="296023731"
- image release gate: Required / Security
- image release gate: Install checksum-pinned Trivy without candidate checkout
- image release gate: Trivy scan both arches (fail on HIGH/CRITICAL)
- image release gate: target: linux/amd64
- image release gate: target: linux/arm64
- image release gate: docker buildx imagetools create
- image release gate: cosign sign --yes
- image release gate: attest-build-provenance
- image release gate: Promote signed digests to production overlay
- image release admission regressions: present
- image release regressions execute in production-hardening suite
- release-please branch transport token documented
- Rust toolchain pinned at the repository root
- enterprise UX benchmark matrix
- ontology/operations benchmark matrix
- fan-out epoch contract recorded
- Buck2 scale playbook recorded
- Buck2-only fan-out authority
- exact-SHA fan-out evidence
- bounded fan-out evidence
- multi-cell ownership evidence
- candidate CI evidence
- release matrix evidence
- docs/specs/foundation-gates.md excludes retired NousResearch Hermes authority
- docs/specs/foundation-gates.md excludes retired Hermes Kanban/profile authority
- docs/specs/foundation-gates.md excludes retired OMX authority
- docs/specs/foundation-gates.md excludes retired OMC authority
- docs/specs/foundation-gates.md excludes retired GJC authority
- docs/specs/foundation-gates.md excludes retired developer-home role authority
- docs/specs/foundation-gates.md excludes retired developer-home role authority
- docs/specs/foundation-gates.md permits only exact React Native Hermes JS engine technical lines
- docs/specs/review-fix-merge-governance.md excludes retired NousResearch Hermes authority
- docs/specs/review-fix-merge-governance.md excludes retired Hermes Kanban/profile authority
- docs/specs/review-fix-merge-governance.md excludes retired OMX authority
- docs/specs/review-fix-merge-governance.md excludes retired OMC authority
- docs/specs/review-fix-merge-governance.md excludes retired GJC authority
- docs/specs/review-fix-merge-governance.md excludes retired developer-home role authority
- docs/specs/review-fix-merge-governance.md excludes retired developer-home role authority
- docs/specs/review-fix-merge-governance.md permits only exact React Native Hermes JS engine technical lines
- repository-owned concurrent execution authority recorded in foundation contract

── [fast] Reasoning lens manifest regression  (cwd: .)
✔ the checked-in repository satisfies the invariant (0.895459ms)
✔ a rename in the source alone is caught (0.157209ms)
✔ an appended lens in a projection is caught (0.090875ms)
✔ a duplicated marked block is caught (0.083542ms)
✔ an unparseable canonical entry fails closed rather than being skipped (0.052833ms)
✔ a blank canonical identifier fails closed (0.050917ms)
✔ a duplicated canonical identifier fails closed (0.038292ms)
✔ a parenthesized ordered-list entry fails closed (0.3145ms)
✔ renumbering the canonical list fails closed (0.052333ms)
✔ a projection missing its markers is caught, not skipped (0.086084ms)
✔ both projections are checked, so drift in either is caught (0.0805ms)
✔ markedBlock and expectedProjection agree on the live files (0.04425ms)
ℹ tests 12
ℹ suites 0
ℹ pass 12
ℹ fail 0
ℹ cancelled 0
ℹ skipped 0
ℹ todo 0
ℹ duration_ms 40.903417

── [fast] Reasoning lens manifest drift  (cwd: .)
reasoning lens manifest OK (16 lenses, 2 projections)

── [fast] CI preflight contract tests  (cwd: .)
▶ CI preflight contract
  ✖ ignores an inherited alternate Git index (100.022125ms)
  ✔ isolates fixture Git from hostile external repository controls (97.315916ms)
  ✔ classifies docs-only narrowly and keeps unmapped or product paths heavy (0.389417ms)
  ✔ path-gates live Postgres like oyatie pg-gate (4.668ms)
  ✔ resolves a merge group's diff range, and fails closed without its SHAs (0.215958ms)
  ✔ classifies only the complete release metadata shape as thin (0.157166ms)
  ✔ empty successful changed-path list keeps runHeavy / non-docs-only (0.0375ms)
  ✔ lists rename sources so product→docs rename is not docs-only (77.405166ms)
  ✔ lists deletions so docs edit + product delete is mixed / runHeavy (74.750834ms)
  ✔ preserves exact Git pathname bytes so whitespace cannot alias a release path (71.674334ms)
  ✔ fails closed on malformed or non-UTF-8 NUL-delimited Git path output (0.17825ms)
  ✔ invokes Git with an exact NUL-delimited no-helper path inventory (0.080792ms)
  ✖ accepts the workflow's cheap preflight and protected expensive jobs (42.890541ms)
  ✔ locks Required / CI to the oyatie-style presubmit proofs (212.780083ms)
  ✔ keeps PostgreSQL reachability non-evaluated when preflight fails (48.690833ms)
  ✔ rejects every run-step condition, soft-failure, and retained-text early-exit bypass (6493.228375ms)
  ✔ rejects every setup-action condition and soft-failure bypass (1584.522875ms)
  ✔ locks every setup action's identity, inputs, totality, and interleaving (3820.8865ms)
  ✔ locks the setup-rust action body, which is now the only namer of a Rust version (35.290291ms)
  ✔ locks the candidate-controlled local free-runner-disk action body (30.623541ms)
  ✔ locks every required job's complete execution envelope (328.208083ms)
  ✔ locks the top-level trigger, permission, concurrency, and job-id envelope (59.405458ms)
  ✔ forbids push and pull-request path filters so every required context is created (59.803292ms)
  ✔ locks both reasoning-lens steps to one occurrence each, gated on npm ci (59.984041ms)
  ✔ rejects Buck2 jobs that do not bootstrap pinned DotSlash before invocation (14.851916ms)
  ✔ resolves the backend DotSlash bootstrap from its effective working directory (14.89425ms)
  ✔ requires backend Buck2 commands to run from the repository root (44.8055ms)
  ✔ rejects CONSOLE_APP_BIN anywhere in the text-only API contract job (60.377333ms)
  ✔ rejects every GITHUB_ENV handoff surface in the API contract job (46.095875ms)
  ✔ rejects any build or executable surface added to the text-only API contract job (121.413125ms)
  ✔ rejects a duplicated platform contract drift gate (15.3905ms)
  ✖ accepts the text-only API contract surface (15.594792ms)
  ✔ rejects services and job-level environment on the text-only API contract (32.195625ms)
  ✔ requires backend DotSlash bootstrap before any Buck or DotSlash invocation (30.408625ms)
  ✔ rejects a generated-face authority job without the complete closure (16.861167ms)
  ✔ requires the lock-sourced Reindeer toolchain before the full generated-face closure (91.768375ms)
  ✔ requires the pinned Rust toolchain before Cargo-dependent preflight tests (15.752416ms)
  ✔ requires a full-history checkout for fail-closed path classification (15.289083ms)
  ✔ keeps authority regressions without live C/T/M admission in general CI (92.111875ms)
  ✔ runs release metadata semantics, custody, and links on the exact thin boundary (105.315917ms)
  ✔ rejects omission and comment-only reachability regressions (89.214333ms)
  ✔ rejects conditional and continue-on-error reachability regressions (88.921584ms)
  ✔ rejects a preflight that does not run npm and Cargo lock consistency gates (30.486709ms)
  ✔ rejects a dependency missing from Cargo.lock while the clean lock passes (290.468875ms)
  ✔ rejects a preflight command that appears only in a comment (15.322167ms)
  ✔ rejects a required preflight step guarded by a condition (15.007458ms)
  ✔ rejects a required preflight step allowed to continue on error (15.040083ms)
  ✔ rejects any expensive job without the preflight dependency (79.918833ms)
  ✔ rejects failure-insensitive job-level conditions on protected jobs (165.220291ms)
  ✔ rejects job-level preflight failure bypasses (60.080583ms)
  ✔ rejects workflow-level environment and shell overrides (30.029084ms)
  ✔ locks exact job-level environment and defaults metadata (74.627709ms)
  ✔ rejects step environment injection across every protected proof class (134.949666ms)
  ✔ locks post-preflight Buck2 reachability targets and disallows added run surfaces (2616.998083ms)
  ✔ keeps both payroll release-gate halves reachable from domain-unit (102.005166ms)
  ✔ rejects non-executing or non-gating domain-unit command surfaces (134.53575ms)
  ✔ derives the ordered domain-unit integration inventory and checks its baseline (149.184542ms)
  ✔ preserves fail-fast backend ordering (29.84075ms)
  ✔ locks the company-conformance proof and its execution semantics (74.821333ms)
  ✔ locks the Kubernetes production-hardening proof (60.024375ms)
  ✔ fails closed when optimized gates or targets are commented, weakened, or duplicated (75.089875ms)
  ✔ keeps protected backend steps fail-slow and runs PR 473 contract tests before topology (45.2335ms)
  ✔ locks the documentation manifest gate and its doc-test to doc-link position (152.776084ms)
  ✔ locks the undeclared-imports gate step in repo-gates (16.16425ms)
  ✔ locks the request-body-contract gate step in repo-gates (33.071583ms)
  ✔ locks the console-app OpenAPI drift suite step in backend (47.709834ms)
✖ CI preflight contract (18565.341458ms)
ℹ tests 66
ℹ suites 1
ℹ pass 63
ℹ fail 3
ℹ cancelled 0
ℹ skipped 0
ℹ todo 0
ℹ duration_ms 18626.422167

✖ failing tests:

test at scripts/check-ci-preflight.test.mjs:208:3
✖ ignores an inherited alternate Git index (100.022125ms)
  AssertionError [ERR_ASSERTION]: 
  domain-unit integration binary console-attendance-application --test attendance_policy must resolve exactly once through docs/program/executed-tests-baseline.json and its owning Cargo.toml
  domain-unit integration binary console-compliance-domain --test location_consent_fsm must resolve exactly once through docs/program/executed-tests-baseline.json and its owning Cargo.toml
  domain-unit integration binary console-compliance-domain --test location_ping_policy must resolve exactly once through docs/program/executed-tests-baseline.json and its owning Cargo.toml
  domain-unit integration binary console-platform-authz --test cedar_pbac_readiness_cases must resolve exactly once through docs/program/executed-tests-baseline.json and its owning Cargo.toml
  domain-unit integration binary console-platform-authz --test cedar_pbac_legacy_only_observe_and_record must resolve exactly once through docs/program/executed-tests-baseline.json and its owning Cargo.toml
  domain-unit integration binary console-platform-authz --test cedar_diagnostic_fail_closed must resolve exactly once through docs/program/executed-tests-baseline.json and its owning Cargo.toml
  domain-unit integration binary console-platform-authz --test cedar_sdk_identity must resolve exactly once through docs/program/executed-tests-baseline.json and its owning Cargo.toml
  domain-unit integration binary console-platform-request-context --test native_error_envelope must resolve exactly once through docs/program/executed-tests-baseline.json and its owning Cargo.toml
  domain-unit integration binary console-platform-audit-chain --test ed25519_compatibility must resolve exactly once through docs/program/executed-tests-baseline.json and its owning Cargo.toml
  domain-unit integration binary console-platform-provisioning --test account_historical_consent must resolve exactly once through docs/program/executed-tests-baseline.json and its owning Cargo.toml
  domain-unit integration binary console-attendance-domain --test range_and_history must resolve exactly once through docs/program/executed-tests-baseline.json and its owning Cargo.toml
  domain-unit integration binary console-contracts --test compose must resolve exactly once through docs/program/executed-tests-baseline.json and its owning Cargo.toml
  domain-unit integration binary console-todos-rest --test openapi_fragment must resolve exactly once through docs/program/executed-tests-baseline.json and its owning Cargo.toml
  domain-unit integration binary console-financial-domain --test quote_and_residual must resolve exactly once through docs/program/executed-tests-baseline.json and its owning Cargo.toml
  domain-unit integration binary console-registry-domain --test equipment must resolve exactly once through docs/program/executed-tests-baseline.json and its owning Cargo.toml
  domain-unit integration binary console-messenger-domain --test mentions must resolve exactly once through docs/program/executed-tests-baseline.json and its owning Cargo.toml
  domain-unit integration binary console-messenger-domain --test object_code_refs must resolve exactly once through docs/program/executed-tests-baseline.json and its owning Cargo.toml
  domain-unit integration binary console-messenger-domain --test parity must resolve exactly once through docs/program/executed-tests-baseline.json and its owning Cargo.toml
  domain-unit integration binary console-messenger-domain --test thread_kind must resolve exactly once through docs/program/executed-tests-baseline.json and its owning Cargo.toml
  domain-unit integration binary console-workorder-domain --test approval_and_assignment must resolve exactly once through docs/program/executed-tests-baseline.json and its owning Cargo.toml
  domain-unit integration binary console-workorder-domain --test serde_roundtrips must resolve exactly once through docs/program/executed-tests-baseline.json and its owning Cargo.toml
  domain-unit integration binary console-workorder-domain --test settlement_fsm must resolve exactly once through docs/program/executed-tests-baseline.json and its owning Cargo.toml
  domain-unit integration binary console-workorder-domain --test workorder_fsm must resolve exactly once through docs/program/executed-tests-baseline.json and its owning Cargo.toml
  domain-unit integration binary console-platform-auth --test jwt_es256 must resolve exactly once through docs/program/executed-tests-baseline.json and its owning Cargo.toml
  domain-unit integration binary console-platform-auth --test jwt_verifier must resolve exactly once through docs/program/executed-tests-baseline.json and its owning Cargo.toml
  domain-unit integration binary console-platform-auth --test well_known must resolve exactly once through docs/program/executed-tests-baseline.json and its owning Cargo.toml
  domain-unit integration binary console-platform-excel --test template_fidelity must resolve exactly once through docs/program/executed-tests-baseline.json and its owning Cargo.toml
  domain-unit integration binary console-platform-excel --test template_fill_engine must resolve exactly once through docs/program/executed-tests-baseline.json and its owning Cargo.toml
  domain-unit integration binary console-platform-realtime --test hub must resolve exactly once through docs/program/executed-tests-baseline.json and its owning Cargo.toml
  domain-unit integration binary console-platform-realtime --test notify_payload must resolve exactly once through docs/program/executed-tests-baseline.json and its owning Cargo.toml
  domain-unit integration binary console-app --test config must resolve exactly once through docs/program/executed-tests-baseline.json and its owning Cargo.toml
  domain-unit integration binary console-app --test dev_seed_notification_links must resolve exactly once through docs/program/executed-tests-baseline.json and its owning Cargo.toml
  domain-unit integration binary console-app --test openslo_files must resolve exactly once through docs/program/executed-tests-baseline.json and its owning Cargo.toml
  domain-unit integration binary console-app --test well_known must resolve exactly once through docs/program/executed-tests-baseline.json and its owning Cargo.toml
  domain-unit integration binary console-app --test workbench_api must resolve exactly once through docs/program/executed-tests-baseline.json and its owning Cargo.toml
  domain-unit integration binary console-app --test intelligence_bind must resolve exactly once through docs/program/executed-tests-baseline.json and its owning Cargo.toml
  domain-unit integration binary console-gate-writer-ownership --test gate_detects_violation must resolve exactly once through docs/program/executed-tests-baseline.json and its owning Cargo.toml
  
  1 !== 0
  
      at TestContext.<anonymous> (file:///private/tmp/console-client-release-20260919/scripts/check-ci-preflight.test.mjs:294:14)
      at Test.runInAsyncScope (node:async_hooks:226:14)
      at Test.run (node:internal/test_runner/test:1397:25)
      at Test.start (node:internal/test_runner/test:1257:17)
      at node:internal/test_runner/test:1887:71
      at node:internal/per_context/primordials:504:82
      at new Promise (<anonymous>)
      at new SafePromise (node:internal/per_context/primordials:478:3)
      at node:internal/per_context/primordials:504:9
      at Array.map (<anonymous>) {
    generatedMessage: false,
    code: 'ERR_ASSERTION',
    actual: 1,
    expected: 0,
    operator: 'strictEqual',
    diff: 'simple'
  }

test at scripts/check-ci-preflight.test.mjs:826:3
✖ accepts the workflow's cheap preflight and protected expensive jobs (42.890541ms)
  AssertionError [ERR_ASSERTION]: Expected values to be strictly deep-equal:
  + actual - expected
  
  + [
  +   'domain-unit integration binary console-attendance-application --test attendance_policy must resolve exactly once through docs/program/executed-tests-baseline.json and its owning Cargo.toml',
  +   'domain-unit integration binary console-compliance-domain --test location_consent_fsm must resolve exactly once through docs/program/executed-tests-baseline.json and its owning Cargo.toml',
  +   'domain-unit integration binary console-compliance-domain --test location_ping_policy must resolve exactly once through docs/program/executed-tests-baseline.json and its owning Cargo.toml',
  +   'domain-unit integration binary console-platform-authz --test cedar_pbac_readiness_cases must resolve exactly once through docs/program/executed-tests-baseline.json and its owning Cargo.toml',
  +   'domain-unit integration binary console-platform-authz --test cedar_pbac_legacy_only_observe_and_record must resolve exactly once through docs/program/executed-tests-baseline.json and its owning Cargo.toml',
  +   'domain-unit integration binary console-platform-authz --test cedar_diagnostic_fail_closed must resolve exactly once through docs/program/executed-tests-baseline.json and its owning Cargo.toml',
  +   'domain-unit integration binary console-platform-authz --test cedar_sdk_identity must resolve exactly once through docs/program/executed-tests-baseline.json and its owning Cargo.toml',
  +   'domain-unit integration binary console-platform-request-context --test native_error_envelope must resolve exactly once through docs/program/executed-tests-baseline.json and its owning Cargo.toml',
  +   'domain-unit integration binary console-platform-audit-chain --test ed25519_compatibility must resolve exactly once through docs/program/executed-tests-baseline.json and its owning Cargo.toml',
  +   'domain-unit integration binary console-platform-provisioning --test account_historical_consent must resolve exactly once through docs/program/executed-tests-baseline.json and its owning Cargo.toml',
  +   'domain-unit integration binary console-attendance-domain --test range_and_history must resolve exactly once through docs/program/executed-tests-baseline.json and its owning Cargo.toml',
  +   'domain-unit integration binary console-contracts --test compose must resolve exactly once through docs/program/executed-tests-baseline.json and its owning Cargo.toml',
  +   'domain-unit integration binary console-todos-rest --test openapi_fragment must resolve exactly once through docs/program/executed-tests-baseline.json and its owning Cargo.toml',
  +   'domain-unit integration binary console-financial-domain --test quote_and_residual must resolve exactly once through docs/program/executed-tests-baseline.json and its owning Cargo.toml',
  +   'domain-unit integration binary console-registry-domain --test equipment must resolve exactly once through docs/program/executed-tests-baseline.json and its owning Cargo.toml',
  +   'domain-unit integration binary console-messenger-domain --test mentions must resolve exactly once through docs/program/executed-tests-baseline.json and its owning Cargo.toml',
  +   'domain-unit integration binary console-messenger-domain --test object_code_refs must resolve exactly once through docs/program/executed-tests-baseline.json and its owning Cargo.toml',
  +   'domain-unit integration binary console-messenger-domain --test parity must resolve exactly once through docs/program/executed-tests-baseline.json and its owning Cargo.toml',
  +   'domain-unit integration binary console-messenger-domain --test thread_kind must resolve exactly once through docs/program/executed-tests-baseline.json and its owning Cargo.toml',
  +   'domain-unit integration binary console-workorder-domain --test approval_and_assignment must resolve exactly once through docs/program/executed-tests-baseline.json and its owning Cargo.toml',
  +   'domain-unit integration binary console-workorder-domain --test serde_roundtrips must resolve exactly once through docs/program/executed-tests-baseline.json and its owning Cargo.toml',
  +   'domain-unit integration binary console-workorder-domain --test settlement_fsm must resolve exactly once through docs/program/executed-tests-baseline.json and its owning Cargo.toml',
  +   'domain-unit integration binary console-workorder-domain --test workorder_fsm must resolve exactly once through docs/program/executed-tests-baseline.json and its owning Cargo.toml',
  +   'domain-unit integration binary console-platform-auth --test jwt_es256 must resolve exactly once through docs/program/executed-tests-baseline.json and its owning Cargo.toml',
  +   'domain-unit integration binary console-platform-auth --test jwt_verifier must resolve exactly once through docs/program/executed-tests-baseline.json and its owning Cargo.toml',
  +   'domain-unit integration binary console-platform-auth --test well_known must resolve exactly once through docs/program/executed-tests-baseline.json and its owning Cargo.toml',
  +   'domain-unit integration binary console-platform-excel --test template_fidelity must resolve exactly once through docs/program/executed-tests-baseline.json and its owning Cargo.toml',
  +   'domain-unit integration binary console-platform-excel --test template_fill_engine must resolve exactly once through docs/program/executed-tests-baseline.json and its owning Cargo.toml',
  +   'domain-unit integration binary console-platform-realtime --test hub must resolve exactly once through docs/program/executed-tests-baseline.json and its owning Cargo.toml',
  +   'domain-unit integration binary console-platform-realtime --test notify_payload must resolve exactly once through docs/program/executed-tests-baseline.json and its owning Cargo.toml',
  +   'domain-unit integration binary console-app --test config must resolve exactly once through docs/program/executed-tests-baseline.json and its owning Cargo.toml',
  +   'domain-unit integration binary console-app --test dev_seed_notification_links must resolve exactly once through docs/program/executed-tests-baseline.json and its owning Cargo.toml',
  +   'domain-unit integration binary console-app --test openslo_files must resolve exactly once through docs/program/executed-tests-baseline.json and its owning Cargo.toml',
  +   'domain-unit integration binary console-app --test well_known must resolve exactly once through docs/program/executed-tests-baseline.json and its owning Cargo.toml',
  +   'domain-unit integration binary console-app --test workbench_api must resolve exactly once through docs/program/executed-tests-baseline.json and its owning Cargo.toml',
  +   'domain-unit integration binary console-app --test intelligence_bind must resolve exactly once through docs/program/executed-tests-baseline.json and its owning Cargo.toml',
  +   'domain-unit integration binary console-gate-writer-ownership --test gate_detects_violation must resolve exactly once through docs/program/executed-tests-baseline.json and its owning Cargo.toml'
  + ]
  - []
  
      at TestContext.<anonymous> (file:///private/tmp/console-client-release-20260919/scripts/check-ci-preflight.test.mjs:827:12)
      at Test.runInAsyncScope (node:async_hooks:226:14)
      at Test.run (node:internal/test_runner/test:1397:25)
      at Suite.processPendingSubtests (node:internal/test_runner/test:969:18)
      at Test.postRun (node:internal/test_runner/test:1537:19)
      at Test.run (node:internal/test_runner/test:1462:12)
      at async Suite.processPendingSubtests (node:internal/test_runner/test:969:7) {
    generatedMessage: true,
    code: 'ERR_ASSERTION',
    actual: [ 'domain-unit integration binary console-attendance-application --test attendance_policy must resolve exactly once through docs/program/executed-tests-baseline.json and its owning Cargo.toml', 'domain-unit integration binary console-compliance-domain --test location_consent_fsm must resolve exactly once through docs/program/executed-tests-baseline.json and its owning Cargo.toml', 'domain-unit integration binary console-compliance-domain --test location_ping_policy must resolve exactly once through docs/program/executed-tests-baseline.json and its owning Cargo.toml', 'domain-unit integration binary console-platform-authz --test cedar_pbac_readiness_cases must resolve exactly once through docs/program/executed-tests-baseline.json and its owning Cargo.toml', 'domain-unit integration binary console-platform-authz --test cedar_pbac_legacy_only_observe_and_record must resolve exactly once through docs/program/executed-tests-baseline.json and its owning Cargo.toml', 'domain-unit integration binary console-platform-authz --test cedar_diagnostic_fail_closed must resolve exactly once through docs/program/executed-tests-baseline.json and its owning Cargo.toml', 'domain-unit integration binary console-platform-authz --test cedar_sdk_identity must resolve exactly once through docs/program/executed-tests-baseline.json and its owning Cargo.toml', 'domain-unit integration binary console-platform-request-context --test native_error_envelope must resolve exactly once through docs/program/executed-tests-baseline.json and its owning Cargo.toml', 'domain-unit integration binary console-platform-audit-chain --test ed25519_compatibility must resolve exactly once through docs/program/executed-tests-baseline.json and its owning Cargo.toml', 'domain-unit integration binary console-platform-provisioning --test account_historical_consent must resolve exactly once through docs/program/executed-tests-baseline.json and its owning Cargo.toml', 'domain-unit integration binary console-attendance-domain --test range_and_history must resolve exactly once through docs/program/executed-tests-baseline.json and its owning Cargo.toml', 'domain-unit integration binary console-contracts --test compose must resolve exactly once through docs/program/executed-tests-baseline.json and its owning Cargo.toml', 'domain-unit integration binary console-todos-rest --test openapi_fragment must resolve exactly once through docs/program/executed-tests-baseline.json and its owning Cargo.toml', 'domain-unit integration binary console-financial-domain --test quote_and_residual must resolve exactly once through docs/program/executed-tests-baseline.json and its owning Cargo.toml', 'domain-unit integration binary console-registry-domain --test equipment must resolve exactly once through docs/program/executed-tests-baseline.json and its owning Cargo.toml', 'domain-unit integration binary console-messenger-domain --test mentions must resolve exactly once through docs/program/executed-tests-baseline.json and its owning Cargo.toml', 'domain-unit integration binary console-messenger-domain --test object_code_refs must resolve exactly once through docs/program/executed-tests-baseline.json and its owning Cargo.toml', 'domain-unit integration binary console-messenger-domain --test parity must resolve exactly once through docs/program/executed-tests-baseline.json and its owning Cargo.toml', 'domain-unit integration binary console-messenger-domain --test thread_kind must resolve exactly once through docs/program/executed-tests-baseline.json and its owning Cargo.toml', 'domain-unit integration binary console-workorder-domain --test approval_and_assignment must resolve exactly once through docs/program/executed-tests-baseline.json and its owning Cargo.toml', 'domain-unit integration binary console-workorder-domain --test serde_roundtrips must resolve exactly once through docs/program/executed-tests-baseline.json and its owning Cargo.toml', 'domain-unit integration binary console-workorder-domain --test settlement_fsm must resolve exactly once through docs/program/executed-tests-baseline.json and its owning Cargo.toml', 'domain-unit integration binary console-workorder-domain --test workorder_fsm must resolve exactly once through docs/program/executed-tests-baseline.json and its owning Cargo.toml', 'domain-unit integration binary console-platform-auth --test jwt_es256 must resolve exactly once through docs/program/executed-tests-baseline.json and its owning Cargo.toml', 'domain-unit integration binary console-platform-auth --test jwt_verifier must resolve exactly once through docs/program/executed-tests-baseline.json and its owning Cargo.toml', 'domain-unit integration binary console-platform-auth --test well_known must resolve exactly once through docs/program/executed-tests-baseline.json and its owning Cargo.toml', 'domain-unit integration binary console-platform-excel --test template_fidelity must resolve exactly once through docs/program/executed-tests-baseline.json and its owning Cargo.toml', 'domain-unit integration binary console-platform-excel --test template_fill_engine must resolve exactly once through docs/program/executed-tests-baseline.json and its owning Cargo.toml', 'domain-unit integration binary console-platform-realtime --test hub must resolve exactly once through docs/program/executed-tests-baseline.json and its owning Cargo.toml', 'domain-unit integration binary console-platform-realtime --test notify_payload must resolve exactly once through docs/program/executed-tests-baseline.json and its owning Cargo.toml', 'domain-unit integration binary console-app --test config must resolve exactly once through docs/program/executed-tests-baseline.json and its owning Cargo.toml', 'domain-unit integration binary console-app --test dev_seed_notification_links must resolve exactly once through docs/program/executed-tests-baseline.json and its owning Cargo.toml', 'domain-unit integration binary console-app --test openslo_files must resolve exactly once through docs/program/executed-tests-baseline.json and its owning Cargo.toml', 'domain-unit integration binary console-app --test well_known must resolve exactly once through docs/program/executed-tests-baseline.json and its owning Cargo.toml', 'domain-unit integration binary console-app --test workbench_api must resolve exactly once through docs/program/executed-tests-baseline.json and its owning Cargo.toml', 'domain-unit integration binary console-app --test intelligence_bind must resolve exactly once through docs/program/executed-tests-baseline.json and its owning Cargo.toml', 'domain-unit integration binary console-gate-writer-ownership --test gate_detects_violation must resolve exactly once through docs/program/executed-tests-baseline.json and its owning Cargo.toml' ],
    expected: [],
    operator: 'deepStrictEqual',
    diff: 'simple'
  }

test at scripts/check-ci-preflight.test.mjs:1456:3
✖ accepts the text-only API contract surface (15.594792ms)
  AssertionError [ERR_ASSERTION]: Expected values to be strictly deep-equal:
  + actual - expected
  
  + [
  +   'domain-unit integration binary console-attendance-application --test attendance_policy must resolve exactly once through docs/program/executed-tests-baseline.json and its owning Cargo.toml',
  +   'domain-unit integration binary console-compliance-domain --test location_consent_fsm must resolve exactly once through docs/program/executed-tests-baseline.json and its owning Cargo.toml',
  +   'domain-unit integration binary console-compliance-domain --test location_ping_policy must resolve exactly once through docs/program/executed-tests-baseline.json and its owning Cargo.toml',
  +   'domain-unit integration binary console-platform-authz --test cedar_pbac_readiness_cases must resolve exactly once through docs/program/executed-tests-baseline.json and its owning Cargo.toml',
  +   'domain-unit integration binary console-platform-authz --test cedar_pbac_legacy_only_observe_and_record must resolve exactly once through docs/program/executed-tests-baseline.json and its owning Cargo.toml',
  +   'domain-unit integration binary console-platform-authz --test cedar_diagnostic_fail_closed must resolve exactly once through docs/program/executed-tests-baseline.json and its owning Cargo.toml',
  +   'domain-unit integration binary console-platform-authz --test cedar_sdk_identity must resolve exactly once through docs/program/executed-tests-baseline.json and its owning Cargo.toml',
  +   'domain-unit integration binary console-platform-request-context --test native_error_envelope must resolve exactly once through docs/program/executed-tests-baseline.json and its owning Cargo.toml',
  +   'domain-unit integration binary console-platform-audit-chain --test ed25519_compatibility must resolve exactly once through docs/program/executed-tests-baseline.json and its owning Cargo.toml',
  +   'domain-unit integration binary console-platform-provisioning --test account_historical_consent must resolve exactly once through docs/program/executed-tests-baseline.json and its owning Cargo.toml',
  +   'domain-unit integration binary console-attendance-domain --test range_and_history must resolve exactly once through docs/program/executed-tests-baseline.json and its owning Cargo.toml',
  +   'domain-unit integration binary console-contracts --test compose must resolve exactly once through docs/program/executed-tests-baseline.json and its owning Cargo.toml',
  +   'domain-unit integration binary console-todos-rest --test openapi_fragment must resolve exactly once through docs/program/executed-tests-baseline.json and its owning Cargo.toml',
  +   'domain-unit integration binary console-financial-domain --test quote_and_residual must resolve exactly once through docs/program/executed-tests-baseline.json and its owning Cargo.toml',
  +   'domain-unit integration binary console-registry-domain --test equipment must resolve exactly once through docs/program/executed-tests-baseline.json and its owning Cargo.toml',
  +   'domain-unit integration binary console-messenger-domain --test mentions must resolve exactly once through docs/program/executed-tests-baseline.json and its owning Cargo.toml',
  +   'domain-unit integration binary console-messenger-domain --test object_code_refs must resolve exactly once through docs/program/executed-tests-baseline.json and its owning Cargo.toml',
  +   'domain-unit integration binary console-messenger-domain --test parity must resolve exactly once through docs/program/executed-tests-baseline.json and its owning Cargo.toml',
  +   'domain-unit integration binary console-messenger-domain --test thread_kind must resolve exactly once through docs/program/executed-tests-baseline.json and its owning Cargo.toml',
  +   'domain-unit integration binary console-workorder-domain --test approval_and_assignment must resolve exactly once through docs/program/executed-tests-baseline.json and its owning Cargo.toml',
  +   'domain-unit integration binary console-workorder-domain --test serde_roundtrips must resolve exactly once through docs/program/executed-tests-baseline.json and its owning Cargo.toml',
  +   'domain-unit integration binary console-workorder-domain --test settlement_fsm must resolve exactly once through docs/program/executed-tests-baseline.json and its owning Cargo.toml',
  +   'domain-unit integration binary console-workorder-domain --test workorder_fsm must resolve exactly once through docs/program/executed-tests-baseline.json and its owning Cargo.toml',
  +   'domain-unit integration binary console-platform-auth --test jwt_es256 must resolve exactly once through docs/program/executed-tests-baseline.json and its owning Cargo.toml',
  +   'domain-unit integration binary console-platform-auth --test jwt_verifier must resolve exactly once through docs/program/executed-tests-baseline.json and its owning Cargo.toml',
  +   'domain-unit integration binary console-platform-auth --test well_known must resolve exactly once through docs/program/executed-tests-baseline.json and its owning Cargo.toml',
  +   'domain-unit integration binary console-platform-excel --test template_fidelity must resolve exactly once through docs/program/executed-tests-baseline.json and its owning Cargo.toml',
  +   'domain-unit integration binary console-platform-excel --test template_fill_engine must resolve exactly once through docs/program/executed-tests-baseline.json and its owning Cargo.toml',
  +   'domain-unit integration binary console-platform-realtime --test hub must resolve exactly once through docs/program/executed-tests-baseline.json and its owning Cargo.toml',
  +   'domain-unit integration binary console-platform-realtime --test notify_payload must resolve exactly once through docs/program/executed-tests-baseline.json and its owning Cargo.toml',
  +   'domain-unit integration binary console-app --test config must resolve exactly once through docs/program/executed-tests-baseline.json and its owning Cargo.toml',
  +   'domain-unit integration binary console-app --test dev_seed_notification_links must resolve exactly once through docs/program/executed-tests-baseline.json and its owning Cargo.toml',
  +   'domain-unit integration binary console-app --test openslo_files must resolve exactly once through docs/program/executed-tests-baseline.json and its owning Cargo.toml',
  +   'domain-unit integration binary console-app --test well_known must resolve exactly once through docs/program/executed-tests-baseline.json and its owning Cargo.toml',
  +   'domain-unit integration binary console-app --test workbench_api must resolve exactly once through docs/program/executed-tests-baseline.json and its owning Cargo.toml',
  +   'domain-unit integration binary console-app --test intelligence_bind must resolve exactly once through docs/program/executed-tests-baseline.json and its owning Cargo.toml',
  +   'domain-unit integration binary console-gate-writer-ownership --test gate_detects_violation must resolve exactly once through docs/program/executed-tests-baseline.json and its owning Cargo.toml'
  + ]
  - []
  
      at TestContext.<anonymous> (file:///private/tmp/console-client-release-20260919/scripts/check-ci-preflight.test.mjs:1457:12)
      at Test.runInAsyncScope (node:async_hooks:226:14)
      at Test.run (node:internal/test_runner/test:1397:25)
      at Suite.processPendingSubtests (node:internal/test_runner/test:969:18)
      at Test.postRun (node:internal/test_runner/test:1537:19)
      at Test.run (node:internal/test_runner/test:1462:12)
      at async Suite.processPendingSubtests (node:internal/test_runner/test:969:7) {
    generatedMessage: true,
    code: 'ERR_ASSERTION',
    actual: [ 'domain-unit integration binary console-attendance-application --test attendance_policy must resolve exactly once through docs/program/executed-tests-baseline.json and its owning Cargo.toml', 'domain-unit integration binary console-compliance-domain --test location_consent_fsm must resolve exactly once through docs/program/executed-tests-baseline.json and its owning Cargo.toml', 'domain-unit integration binary console-compliance-domain --test location_ping_policy must resolve exactly once through docs/program/executed-tests-baseline.json and its owning Cargo.toml', 'domain-unit integration binary console-platform-authz --test cedar_pbac_readiness_cases must resolve exactly once through docs/program/executed-tests-baseline.json and its owning Cargo.toml', 'domain-unit integration binary console-platform-authz --test cedar_pbac_legacy_only_observe_and_record must resolve exactly once through docs/program/executed-tests-baseline.json and its owning Cargo.toml', 'domain-unit integration binary console-platform-authz --test cedar_diagnostic_fail_closed must resolve exactly once through docs/program/executed-tests-baseline.json and its owning Cargo.toml', 'domain-unit integration binary console-platform-authz --test cedar_sdk_identity must resolve exactly once through docs/program/executed-tests-baseline.json and its owning Cargo.toml', 'domain-unit integration binary console-platform-request-context --test native_error_envelope must resolve exactly once through docs/program/executed-tests-baseline.json and its owning Cargo.toml', 'domain-unit integration binary console-platform-audit-chain --test ed25519_compatibility must resolve exactly once through docs/program/executed-tests-baseline.json and its owning Cargo.toml', 'domain-unit integration binary console-platform-provisioning --test account_historical_consent must resolve exactly once through docs/program/executed-tests-baseline.json and its owning Cargo.toml', 'domain-unit integration binary console-attendance-domain --test range_and_history must resolve exactly once through docs/program/executed-tests-baseline.json and its owning Cargo.toml', 'domain-unit integration binary console-contracts --test compose must resolve exactly once through docs/program/executed-tests-baseline.json and its owning Cargo.toml', 'domain-unit integration binary console-todos-rest --test openapi_fragment must resolve exactly once through docs/program/executed-tests-baseline.json and its owning Cargo.toml', 'domain-unit integration binary console-financial-domain --test quote_and_residual must resolve exactly once through docs/program/executed-tests-baseline.json and its owning Cargo.toml', 'domain-unit integration binary console-registry-domain --test equipment must resolve exactly once through docs/program/executed-tests-baseline.json and its owning Cargo.toml', 'domain-unit integration binary console-messenger-domain --test mentions must resolve exactly once through docs/program/executed-tests-baseline.json and its owning Cargo.toml', 'domain-unit integration binary console-messenger-domain --test object_code_refs must resolve exactly once through docs/program/executed-tests-baseline.json and its owning Cargo.toml', 'domain-unit integration binary console-messenger-domain --test parity must resolve exactly once through docs/program/executed-tests-baseline.json and its owning Cargo.toml', 'domain-unit integration binary console-messenger-domain --test thread_kind must resolve exactly once through docs/program/executed-tests-baseline.json and its owning Cargo.toml', 'domain-unit integration binary console-workorder-domain --test approval_and_assignment must resolve exactly once through docs/program/executed-tests-baseline.json and its owning Cargo.toml', 'domain-unit integration binary console-workorder-domain --test serde_roundtrips must resolve exactly once through docs/program/executed-tests-baseline.json and its owning Cargo.toml', 'domain-unit integration binary console-workorder-domain --test settlement_fsm must resolve exactly once through docs/program/executed-tests-baseline.json and its owning Cargo.toml', 'domain-unit integration binary console-workorder-domain --test workorder_fsm must resolve exactly once through docs/program/executed-tests-baseline.json and its owning Cargo.toml', 'domain-unit integration binary console-platform-auth --test jwt_es256 must resolve exactly once through docs/program/executed-tests-baseline.json and its owning Cargo.toml', 'domain-unit integration binary console-platform-auth --test jwt_verifier must resolve exactly once through docs/program/executed-tests-baseline.json and its owning Cargo.toml', 'domain-unit integration binary console-platform-auth --test well_known must resolve exactly once through docs/program/executed-tests-baseline.json and its owning Cargo.toml', 'domain-unit integration binary console-platform-excel --test template_fidelity must resolve exactly once through docs/program/executed-tests-baseline.json and its owning Cargo.toml', 'domain-unit integration binary console-platform-excel --test template_fill_engine must resolve exactly once through docs/program/executed-tests-baseline.json and its owning Cargo.toml', 'domain-unit integration binary console-platform-realtime --test hub must resolve exactly once through docs/program/executed-tests-baseline.json and its owning Cargo.toml', 'domain-unit integration binary console-platform-realtime --test notify_payload must resolve exactly once through docs/program/executed-tests-baseline.json and its owning Cargo.toml', 'domain-unit integration binary console-app --test config must resolve exactly once through docs/program/executed-tests-baseline.json and its owning Cargo.toml', 'domain-unit integration binary console-app --test dev_seed_notification_links must resolve exactly once through docs/program/executed-tests-baseline.json and its owning Cargo.toml', 'domain-unit integration binary console-app --test openslo_files must resolve exactly once through docs/program/executed-tests-baseline.json and its owning Cargo.toml', 'domain-unit integration binary console-app --test well_known must resolve exactly once through docs/program/executed-tests-baseline.json and its owning Cargo.toml', 'domain-unit integration binary console-app --test workbench_api must resolve exactly once through docs/program/executed-tests-baseline.json and its owning Cargo.toml', 'domain-unit integration binary console-app --test intelligence_bind must resolve exactly once through docs/program/executed-tests-baseline.json and its owning Cargo.toml', 'domain-unit integration binary console-gate-writer-ownership --test gate_detects_violation must resolve exactly once through docs/program/executed-tests-baseline.json and its owning Cargo.toml' ],
    expected: [],
    operator: 'deepStrictEqual',
    diff: 'simple'
  }

── [fast] Buck impact planner regression  (cwd: .)
test_archive_rejects_symbolic_and_hard_link_entries (tools.buck.impact.test_plan.ImpactPlannerTests.test_archive_rejects_symbolic_and_hard_link_entries) ... ok
test_changed_cell_mapping_is_incompatible (tools.buck.impact.test_plan.ImpactPlannerTests.test_changed_cell_mapping_is_incompatible) ... ok
test_configuration_change_is_never_a_selective_plan (tools.buck.impact.test_plan.ImpactPlannerTests.test_configuration_change_is_never_a_selective_plan) ... ok
test_declared_cell_buck_file_change_is_configuration_incompatible (tools.buck.impact.test_plan.ImpactPlannerTests.test_declared_cell_buck_file_change_is_configuration_incompatible) ... ok
test_distinct_worktree_paths_with_identical_cell_maps_are_compatible (tools.buck.impact.test_plan.ImpactPlannerTests.test_distinct_worktree_paths_with_identical_cell_maps_are_compatible) ... ok
test_failed_probe_emits_typed_failure_manifest_with_cleanup_receipt (tools.buck.impact.test_plan.ImpactPlannerTests.test_failed_probe_emits_typed_failure_manifest_with_cleanup_receipt) ... ok
test_identical_revisions_need_no_targets (tools.buck.impact.test_plan.ImpactPlannerTests.test_identical_revisions_need_no_targets) ... ok
test_incompatible_configuration_falls_back_without_a_base_buck_probe (tools.buck.impact.test_plan.ImpactPlannerTests.test_incompatible_configuration_falls_back_without_a_base_buck_probe) ... ok
test_manifest_json_is_bounded_and_stably_serialized (tools.buck.impact.test_plan.ImpactPlannerTests.test_manifest_json_is_bounded_and_stably_serialized) ... ok
test_non_sha_revision_is_rejected_before_git_or_buck_access (tools.buck.impact.test_plan.ImpactPlannerTests.test_non_sha_revision_is_rejected_before_git_or_buck_access) ... ok
test_nonempty_diff_uses_only_a_candidate_archive_probe_without_registered_worktrees (tools.buck.impact.test_plan.ImpactPlannerTests.test_nonempty_diff_uses_only_a_candidate_archive_probe_without_registered_worktrees) ... ok
test_two_identical_sha_plans_are_byte_identical (tools.buck.impact.test_plan.ImpactPlannerTests.test_two_identical_sha_plans_are_byte_identical) ... ok
test_unknown_path_falls_back_to_sorted_full_universe (tools.buck.impact.test_plan.ImpactPlannerTests.test_unknown_path_falls_back_to_sorted_full_universe) ... ok

----------------------------------------------------------------------
Ran 13 tests in 2.057s

OK

── [fast] Console route inventory regression  (cwd: .)
✔ the tree under test holds no console route source (10.443833ms)
✔ with no route source the registry may not claim any route presentation (0.090666ms)
✔ route fact extraction fails closed on anything other than a wholly absent source (2.165792ms)
✔ extracted facts classify mounted, exposed, nav-declared and registry-bodied keys apart (0.111625ms)
✔ HEAD allows ui members and lockfile leptos; non-ui leptos is forbidden (27.865916ms)
✔ workspace member manifests surface renamed leptos without cargo metadata (0.103833ms)
✔ workspace = true reads package rename from workspace.dependencies (0.1255ms)
✔ dotted [dependencies.leptos] is classified and does not hide a later table (0.113833ms)
✔ unresolved workspace = true fails closed instead of treating the key as the package (0.066ms)
✔ HEAD workspace.dependencies remains readable without cargo (0.269125ms)
✔ HEAD cargo-free inventory flags workspace-renamed and dotted-table Leptos (43.092542ms)
✔ the workspace scan flags non-ui leptos and allows ui members plus lockfile leptos (0.167084ms)
✔ the workspace scan fails closed on anything it cannot read (119.468ms)
ℹ tests 13
ℹ suites 0
ℹ pass 13
ℹ fail 0
ℹ cancelled 0
ℹ skipped 0
ℹ todo 0
ℹ duration_ms 247.799125

── [fast] Console authority-train regression  (cwd: .)
hint: Using 'master' as the name for the initial branch. This default branch name
hint: will change to "main" in Git 3.0. To configure the initial branch name
hint: to use in all of your new repositories, which will suppress this warning,
hint: call:
hint:
hint: 	git config --global init.defaultBranch <name>
hint:
hint: Names commonly chosen instead of 'master' are 'main', 'trunk' and
hint: 'development'. The just-created branch can be renamed via this command:
hint:
hint: 	git branch -m <name>
hint:
hint: Disable this message with "git config set advice.defaultBranchName false"
hint: Using 'master' as the name for the initial branch. This default branch name
hint: will change to "main" in Git 3.0. To configure the initial branch name
hint: to use in all of your new repositories, which will suppress this warning,
hint: call:
hint:
hint: 	git config --global init.defaultBranch <name>
hint:
hint: Names commonly chosen instead of 'master' are 'main', 'trunk' and
hint: 'development'. The just-created branch can be renamed via this command:
hint:
hint: 	git branch -m <name>
hint:
hint: Disable this message with "git config set advice.defaultBranchName false"
hint: Using 'master' as the name for the initial branch. This default branch name
hint: will change to "main" in Git 3.0. To configure the initial branch name
hint: to use in all of your new repositories, which will suppress this warning,
hint: call:
hint:
hint: 	git config --global init.defaultBranch <name>
hint:
hint: Names commonly chosen instead of 'master' are 'main', 'trunk' and
hint: 'development'. The just-created branch can be renamed via this command:
hint:
hint: 	git branch -m <name>
hint:
hint: Disable this message with "git config set advice.defaultBranchName false"
✔ authority train accepts only an exact structural synthetic merge M (590.226917ms)
✔ C..T may touch one authority document, and may ADD files only under the ledger directory (2365.1805ms)
✔ all three gates read the same C..T diff, including a ledger entry that is a near-copy (333.753709ms)
ℹ tests 3
ℹ suites 0
ℹ pass 3
ℹ fail 0
ℹ cancelled 0
ℹ skipped 0
ℹ todo 0
ℹ duration_ms 3326.850458

── [fast] Console lane-receipt validator regression  (cwd: .)
npm notice run test:lane-receipt
npm notice run node --test scripts/console/validate-lane-receipt.test.mjs
✔ valid lane receipt passes (23.454916ms)
✔ valid critic receipt passes (22.947041ms)
✔ missing enforcementPlacement FAILS (24.708917ms)
✔ missing redBaseline FAILS (BUILD_SCHEMA union field) (23.345375ms)
✔ empty-string command in commandsRun FAILS (25.722208ms)
✔ whitespace-only command in commandsRun FAILS (false-green guard) (25.139875ms)
✔ status=done without commands FAILS (incumbent parity) (24.718542ms)
✔ bad headSha FAILS (24.451ms)
✔ n/a enforcement escape accepts case-insensitive prefix (incumbent parity) (23.444ms)
✔ enforcementPlacement without WHERE/sequence/subject and without n/a escape FAILS (25.231167ms)
✔ peripheralsUpdated empty array FAILS (24.281917ms)
✔ critic finding missing provenByExecution FAILS (24.934542ms)
✔ verdict BLOCK with empty findings FAILS (23.035959ms)
✔ APPROVE over a blocker finding FAILS (convergence tie-break) (23.915333ms)
✔ APPROVE over a proven major FAILS; unproven major passes; leased blocker passes (74.24075ms)
✔ zero-input invocation FAILS (24.841917ms)
✔ --dir scan of a directory with zero kind-bearing receipts FAILS (24.447458ms)
✔ --dir scan validates kind-bearing receipts and fails on a bad one (47.562333ms)
✔ --dir scan FAILS a present-but-unrecognised kind instead of skipping it (planted red) (24.417958ms)
✔ --dir scan of the real tracked receipts directory examines at least this lane receipt and passes (22.28975ms)
✔ cross-authority parity: BUILD_SCHEMA required fields are a subset of laneReceipt required (1.087917ms)
✔ this lane receipt validates under both the tracked and incumbent cursor validators (47.017625ms)
ℹ tests 22
ℹ suites 0
ℹ pass 22
ℹ fail 0
ℹ cancelled 0
ℹ skipped 0
ℹ todo 0
ℹ duration_ms 641.289959

── [fast] Console PR authority bootstrap regression  (cwd: .)
✔ post-push proof polling accepts only the exact new tip with bounded old-tip retries (0.925584ms)
✔ pre-push validation rejects stable metadata drift before transport work (0.527834ms)
✔ post-push proof polling times out on a persistently stale old tip (0.249375ms)
✔ post-push proof polling defaults to twenty reads and 500 millisecond delays (0.608042ms)
✔ post-push proof polling fails immediately on any non-old, non-new head (0.240375ms)
✔ post-push proof polling never retries API, response, or sleep failures (0.225209ms)
✔ post-push proof polling validates all stable metadata before old/new SHA handling (0.922875ms)
✔ post-push proof polling validates all inputs before its first read (0.607292ms)
✔ binds an exact release action output to the generated core tip (0.705208ms)
✔ binds recurring native updates to the exact pinned transport-created PR (0.35875ms)
✔ rejects a raced live PR or a tip detached from the triggering main SHA (0.200959ms)
✔ rejects PR metadata, repository, action body, or bot identity drift (0.15225ms)
✔ rejects release core bytes not deterministically represented by the action output (0.3895ms)
✔ rejects missing, malformed, or ambiguous release action output (0.0855ms)
✔ strips scheduling-capable push tokens from every non-transport child environment (0.053334ms)
✔ a fixed-clock custody transport commit is guaranteed to differ from the action tip (88.618542ms)
✔ keeps the push token out of argv, process errors, and non-password askpass responses (179.237709ms)
✔ protected producer validates before transport and accepts the exact post-push head before proof (0.207333ms)
✔ protected release workflow keeps the PAT transport-only and emits one native proof job (3.811125ms)
✔ protected release authority issuer executable closure is review-pinned (1.069791ms)
✔ accepts exactly one successful native proof job from the pinned protected run (0.718875ms)
✔ rejects run provenance, state, attempt, or ambiguity drift (0.259917ms)
✔ rejects forged, failed, stale-attempt, wrong-head, or duplicate proof jobs (0.127ms)
✔ polls boundedly for delayed native proof visibility and rechecks the live PR head (0.539167ms)
✔ accepts the exact pinned transport creator and rejects mixed creator identities (0.466084ms)
✔ fails closed when the current run attempt advances after the proof jobs are read (0.143292ms)
✔ filters by exact parent SHA and paginates before selecting the globally newest run (0.629125ms)
✔ a page-two newer pending or failed run overrides a page-one success (0.273958ms)
✔ fails closed when exact-parent pagination metadata is missing or changes between pages (0.236291ms)
✔ newest protected run wins so recovery supersedes an older failure (0.150417ms)
✔ a newer pending or failed protected run overrides an older success (0.124458ms)
✔ fails closed when the PR moves during polling or proof never appears (0.143583ms)
✔ GitHub proof adapter pins the API origin, authentication, and JSON success contract (0.246584ms)
✔ classifies only exact bot or pinned transport PR creator pairs (0.784666ms)
✔ accepts exact bot identity, subject, and two-file path allow-list (0.708958ms)
✔ accepts core release paths plus regenerated documentation custody pair (0.101334ms)
✔ rejects forged author, wrong committer, bad subject, and path sprawl (0.28025ms)
✔ bootstrap requirePrMeta rejects human creator/updater, fork heads, and non-release refs (0.164166ms)
✔ structural M checks remain fail-closed for bot tips (0.103ms)
✔ admits main squash that tree-binds a classifiable release-please tip; forged off-main C stays null (0.228083ms)
✔ poisoned committer is never healable even when release paths are valid (0.148583ms)
✔ derives the exact native Release Please title, body, labels, and path envelope (1.142291ms)
✔ rejects malformed UTF-8, CRLF, truncation, and ambiguous changelog insertion (0.308792ms)
✔ rejects manifest, leading changelog version, subject version, and ref drift (0.104042ms)
✔ rejects PR body overflow and any action-output metadata drift (0.672875ms)
✔ snapshots exact protected coordinates, old ref, active run, and empty PR state (1.572084ms)
✔ snapshots a deleted release ref as null and admits one newly created exact ref (1.964ms)
✔ snapshot rejects prefix or ambiguous matches for the exact release ref (0.363875ms)
✔ rejects wrong repository, workflow, run, attempt, event, main, or competing active run at snapshot (0.522791ms)
✔ creates one exact PR with the pinned PAT, labels/readbacks with GITHUB_TOKEN, and never duplicates POST (0.618ms)
✔ fallback requires exact action failure, no action output, no prior/competing PR, and an advanced ref (0.74075ms)
✔ rejects main/ref/run races before or after the sole PAT mutation (0.386167ms)
✔ rejects wrong parent, signature, bot/GitHub identity, path, mode, or type before PAT use (1.422792ms)
✔ rejects semantic version, changelog body, blob encoding, and tree truncation drift (1.353208ms)
✔ wrong PAT principal and ambiguous POST failure stop without a retry (0.866583ms)
✔ HTTP adapter pins origin, redirect policy, token header, and never retries or leaks response bodies (0.372208ms)
✔ selector accepts native PR, recurring PR, release, no-op, or exact fallback and rejects unhandled failure (0.126792ms)
✔ final adjudicator requires convergence for every PR and exact parent-bound proof outputs (0.09925ms)
✔ finalize CLI emits the exact snake_case workflow proof-output protocol for PR and no-op results (52.155459ms)
✔ recognises a single-entry merge-group ref (0.511958ms)
✔ refuses any ref it cannot resolve to exactly one pull request (0.088166ms)
✔ accepts only a check that concluded success (0.557625ms)
✔ a missing or unreadable check is refused, not treated as absent-therefore-fine (0.056792ms)
✔ a re-run that produced one success and one failure is refused (0.049541ms)
▶ check-run pagination
  ✔ an incomplete read is not reported as a missing run (0.07675ms)
  ✔ a complete read that truly lacks the run still says so (0.0405ms)
  ✔ a complete read containing the run passes (0.050584ms)
  ✔ an unknown total does not manufacture a short-read failure (0.05475ms)
  ✔ more runs than the reported total is not a short read (0.078792ms)
  ✔ parses the NDJSON gh --paginate emits across pages (0.344458ms)
  ✔ blank lines between pages are tolerated (0.039125ms)
  ✔ a truncated page yields null, not a partial list (0.038417ms)
✔ check-run pagination (1.072458ms)
✔ ordinary unsigned single-commit code PR passes without signature, policy, ledger, merge, or API reads (1.014875ms)
✔ ordinary multi-commit, fork, Dependabot, and unsigned authority-doc PRs have no C/T requirement (0.2495ms)
✔ ordinary admission binds the exact protected base ancestry and needs no synthetic merge (0.287041ms)
✔ real Git one- and multi-commit ordinary graphs pass without a merge or signing key (206.529166ms)
✔ malformed release claims cannot fall through to ordinary admission (0.417459ms)
✔ the pinned transport principal can author an ordinary non-release PR (0.072708ms)
✔ exact Release Please tip requires native protected-workflow proof and exact structural merge (0.339083ms)
✔ exact pinned transport-created release PR requires the same protected proof and structural merge (0.089458ms)
✔ live PR snapshot pins repository identity, state, base, head, and release routing metadata (0.151625ms)
✔ workflow emits one unconditional protected-code-only required context (8.104292ms)
✔ protected-target executable closure is bound to reviewed capabilities (0.835667ms)
✔ fetches an exact non-reachable PR head without requiring a synthetic merge ref (275.159167ms)
✔ candidate compatibility fixture executes the actual planner CLI flag contract (3654.827584ms)
ℹ tests 86
ℹ suites 0
ℹ pass 86
ℹ fail 0
ℹ cancelled 0
ℹ skipped 0
ℹ todo 0
ℹ duration_ms 4196.836917

── [fast] Executed-tests baseline set regression  (cwd: .)
npm notice run test:executed-tests-baseline
npm notice run node --test scripts/lib/executed-tests-baseline.test.mjs scripts/dev/mjs-test-reachability.test.mjs
✔ repository root follows the utility location instead of a workstation path or cwd (0.832958ms)
▶ evaluateBaseline
  ✔ passes when the measured dark set equals the named set (0.397417ms)
  ✔ is order-independent across buckets (0.057959ms)
  ✔ fails a newly dark file that is not named (0.091208ms)
  ✔ fails substitution even when the count is unchanged (0.046292ms)
  ✔ fails closed when a named binary starts executing until the baseline is updated (0.065541ms)
  ✔ rejects a count that disagrees with the named set (0.041ms)
  ✔ rejects a baseline that names nothing, rather than falling back to a count (0.046333ms)
  ✔ ignores unrelated arrays of non-strings (0.038416ms)
  ✔ does not treat defined feature variants as accepted-dark binaries (0.055333ms)
  ✔ rejects a malformed deferred bucket rather than ignoring it (0.066625ms)
  ▶ the derived count is mandatory
    ✔ rejects a missing dark_baseline (0.090792ms)
    ✔ rejects a non-numeric dark_baseline (0.040792ms)
  ✔ the derived count is mandatory (0.546459ms)
✔ evaluateBaseline (1.970541ms)
▶ countDeclaredTestAttributes
  ✔ is explicitly cfg- and ignore-unaware static source evidence (0.127792ms)
✔ countDeclaredTestAttributes (0.166375ms)
▶ evaluateTestAttributeBaseline
  ✔ passes only an exact static-attribute baseline (0.347125ms)
  ✔ fails closed on a gain until --update locks it (0.056375ms)
  ✔ fails closed on a newly reachable source until --update locks it (0.03725ms)
✔ evaluateTestAttributeBaseline (0.479208ms)
▶ workflow executable command extraction
  ✔ admits a direct assignment-prefixed cargo test (0.66325ms)
  ✔ does not truncate a run block at an empty line (0.160583ms)
  ✔ scans every block-scalar indicator, not only run: | (0.139917ms)
  ✔ extracts steps when the steps key carries a YAML comment (0.045125ms)
  ✔ preserves commands after a here-document redirection (0.065625ms)
  ✔ does not mistake echo text for an executable cargo test (0.037042ms)
  ✔ drops literal-false and continue-on-error steps (0.07225ms)
  ✔ stops at an unconditional exit before command-shaped text (0.034375ms)
  ✔ marks shell masks and disabled errexit as non-gating control flow (0.114708ms)
✔ workflow executable command extraction (1.405875ms)
ℹ tests 26
ℹ suites 5
ℹ pass 26
ℹ fail 0
ℹ cancelled 0
ℹ skipped 0
ℹ todo 0
ℹ duration_ms 43.657917

── [fast] Local CI mirror contract  (cwd: .)
✔ every mirrored CI run-step is classified (5.111375ms)
✔ hosted hardening dependency bootstrap is explicit and lifecycle-script free (0.268542ms)
✔ local verification mirrors release content proofs without deriving an authority train (0.213916ms)
✔ a new CI step that nobody classified fails the guard (2.161083ms)
✔ every CI job is declared mirrored or explicitly not mirrored (1.995167ms)
✔ Required / CI is orchestration-only while every leaf proof remains classified (1.513709ms)
✔ a whole new CI job that nobody declared fails the guard (1.266041ms)
✔ a declared job that CI no longer runs fails the guard (1.131333ms)
✔ a plan entry whose CI step disappeared fails the guard (0.975167ms)
✔ domain-unit is part of the local mirror (1.086333ms)
✔ the reasoning-lens manifest check is a fast-tier local gate (0.044625ms)
✔ PostgreSQL provisioning keeps generated credentials out of Docker argv (0.280459ms)
✔ secret-bearing temporary files are private at creation (0.78725ms)
✔ topology env assembly requires pairwise-distinct role credentials (0.108375ms)
✔ the topology script rejects duplicate role passwords before DB access (28.868292ms)
ℹ tests 15
ℹ suites 0
ℹ pass 15
ℹ fail 0
ℹ cancelled 0
ℹ skipped 0
ℹ todo 0
ℹ duration_ms 91.305292

── [fast] Console truth-ledger validator exact-M regression  (cwd: .)
hint: Using 'master' as the name for the initial branch. This default branch name
hint: will change to "main" in Git 3.0. To configure the initial branch name
hint: to use in all of your new repositories, which will suppress this warning,
hint: call:
hint:
hint: 	git config --global init.defaultBranch <name>
hint:
hint: Names commonly chosen instead of 'master' are 'main', 'trunk' and
hint: 'development'. The just-created branch can be renamed via this command:
hint:
hint: 	git branch -m <name>
hint:
hint: Disable this message with "git config set advice.defaultBranchName false"
Switched to a new branch 'marker-<<<'
Switched to a new branch 'marker-|||'
Switched to a new branch 'marker->>>'
Switched to a new branch 'setext-authority'
Note: switching to '1419f38478d7f30497ff14b3c982d3360655ed45'.

You are in 'detached HEAD' state. You can look around, make experimental
changes and commit them, and you can discard any commits you make in this
state without impacting any branches by switching back to a branch.

If you want to create a new branch to retain commits you create, you may
do so (now or later) by using -c with the switch command. Example:

  git switch -c <new-branch-name>

Or undo this operation with:

  git switch -

Turn off this advice by setting config variable advice.detachedHead to false

HEAD is now at 1419f38 authority control
Switched to a new branch 'renamed-authority'
Switched to a new branch 'symlink-authority'
Switched to a new branch 'product-drift'
hint: Using 'master' as the name for the initial branch. This default branch name
hint: will change to "main" in Git 3.0. To configure the initial branch name
hint: to use in all of your new repositories, which will suppress this warning,
hint: call:
hint:
hint: 	git config --global init.defaultBranch <name>
hint:
hint: Names commonly chosen instead of 'master' are 'main', 'trunk' and
hint: 'development'. The just-created branch can be renamed via this command:
hint:
hint: 	git branch -m <name>
hint:
hint: Disable this message with "git config set advice.defaultBranchName false"
Switched to a new branch 'indirect'
hint: Using 'master' as the name for the initial branch. This default branch name
hint: will change to "main" in Git 3.0. To configure the initial branch name
hint: to use in all of your new repositories, which will suppress this warning,
hint: call:
hint:
hint: 	git config --global init.defaultBranch <name>
hint:
hint: Names commonly chosen instead of 'master' are 'main', 'trunk' and
hint: 'development'. The just-created branch can be renamed via this command:
hint:
hint: 	git branch -m <name>
hint:
hint: Disable this message with "git config set advice.defaultBranchName false"
✔ current candidate truth ledger is structurally complete but remains candidate-bound HOLD where evidence is absent (50.51625ms)
✔ an unavailable governing lifecycle cannot become an absolute workstation dependency (0.465959ms)
✔ pre-wipe paths, branches, lanes, and progress labels cannot become current continuation authority (30.670958ms)
✔ provenance is reproducible from advertised tags in a candidate-only clone (321.539792ms)
✔ validator fails closed for duplicate IDs, missing evidence, missing module benchmark, and unsafe exposure (20.288459ms)
✔ validator rejects generic outcomes, duplicate controls, legal promotion, and control evidence that is absent (6.400916ms)
✔ raw ledger JSON rejects duplicate keys before JSON.parse can hide them (0.383875ms)
✔ source route facts reject a ledger claim that disagrees with mounted/exposed source (27.829833ms)
✔ an absent route source refutes every positive route claim instead of iterating zero keys (39.1645ms)
✔ forged comparator source/date and attacker review cannot pass (32.665ms)
✔ required Buck target fails closed when resolver rejects it (4.38825ms)
✔ Buck target existence is read from the candidate BUCK blob, never evaluated by Buck2 (0.334791ms)
✔ the real registry resolves against the real tree, and a nonexistent Buck target goes RED (27.85175ms)
✔ delivery-unit Buck authority cannot diverge from declared verification targets (4.059ms)
✔ attestation rejects TOCTOU mutation after candidate-bound validation (39.64175ms)
✔ moving candidate branch names are irrelevant and jurisdiction target bypasses reject (23.610833ms)
✔ non-HOLD promotion requires canonical trusted immutable receipt fields (42.775083ms)
✔ a passing verdict cannot be self-asserted by declaring no independent review (27.025542ms)
✔ Korea trace bijection rejects missing trace (5.555708ms)
✔ Korea exactness rejects duplicate bindings and duplicate targets (4.715791ms)
✔ a real SSH-signed canonical Git receipt is the only non-HOLD admission path (1413.081166ms)
✔ candidate resolver requires the signed authority tip to be the direct three-document child of C (371.44525ms)
✔ the candidate SHA comes only from the caller, and a re-added stored copy buys nothing (58.178334ms)
✔ the authority-only diff accepts one document and added ledger entries, and refuses added files elsewhere (2062.274167ms)
✔ Korea jurisdiction rows require exactly one canonical JUR-KR-001 row (1.114375ms)
✔ release inventory refuses missing section (30.603542ms)
✔ release inventory refuses empty section (29.699125ms)
✔ release inventory refuses wrong version (39.076584ms)
✔ release inventory refuses wrong authority (39.547958ms)
✔ release inventory refuses wrong population (38.009042ms)
✔ release inventory refuses missing families (40.18875ms)
✔ release inventory refuses family exclusion overlap (38.67375ms)
✔ release inventory refuses empty leaves (37.972083ms)
✔ release inventory refuses duplicate leaf (42.976083ms)
✔ release inventory refuses unknown leaf family (39.170041ms)
✔ release inventory refuses optional required leaf (40.2555ms)
✔ release inventory refuses invalid milestone (40.312375ms)
✔ release inventory refuses empty owner (39.852542ms)
✔ release inventory refuses empty journey (39.031375ms)
✔ release inventory refuses dangling dependency (37.793167ms)
✔ release inventory refuses self dependency (39.862ms)
✔ release inventory refuses dependency cycle (39.290459ms)
✔ release inventory refuses duplicate dependency (38.950959ms)
✔ release inventory refuses invented acceptance (39.125334ms)
✔ release inventory refuses unbound executable (39.036042ms)
✔ release inventory refuses missing blockers (38.970459ms)
✔ release inventory refuses missing state (38.54525ms)
✔ release inventory refuses string state (38.013417ms)
✔ release inventory refuses extra state (38.373291ms)
✔ release inventory refuses unplanned leaf (38.364208ms)
✔ release inventory refuses missing evidence object (37.988417ms)
✔ release inventory refuses missing source bindings (38.215458ms)
✔ release inventory refuses duplicate source (38.8905ms)
✔ release inventory refuses source path escape (38.877708ms)
✔ release inventory refuses source digest (39.340792ms)
✔ release inventory refuses source empty size (40.882583ms)
✔ release inventory refuses source retrieval date (41.50325ms)
✔ release inventory refuses unknown binding source (40.43125ms)
✔ release inventory refuses unknown binding leaf (40.701166ms)
✔ release inventory refuses binding path mismatch (40.305791ms)
✔ release inventory refuses binding digest mismatch (39.673292ms)
✔ release inventory refuses binding contradictory digest (38.956083ms)
✔ release inventory refuses binding empty quotation (38.987458ms)
✔ release inventory refuses missing support family (38.638042ms)
✔ release inventory refuses duplicate connector (39.732042ms)
✔ release inventory refuses unknown connector source (40.627792ms)
✔ release inventory refuses duplicate runtime (40.029292ms)
✔ release inventory refuses duplicate SDK (40.391375ms)
✔ release inventory refuses unsupported Console support claim (39.470958ms)
✔ release inventory refuses model matrix binding mismatch (40.123083ms)
✔ release inventory refuses qualification binding mismatch (38.795958ms)
✔ release inventory refuses complete freeze (39.344041ms)
✔ release inventory refuses wrong freeze date (38.054083ms)
✔ release inventory refuses implemented with empty evidence (40.042584ms)
✔ release inventory refuses implemented with decorated evidence (44.321542ms)
✔ release inventory refuses integration_accepted with empty evidence (39.2525ms)
✔ release inventory refuses integration_accepted with decorated evidence (46.524709ms)
✔ release inventory refuses production_qualified with empty evidence (40.933166ms)
✔ release inventory refuses production_qualified with decorated evidence (43.680458ms)
✔ release inventory refuses released with empty evidence (39.213417ms)
✔ release inventory refuses released with decorated evidence (42.00425ms)
✔ release inventory preserves partial reference facts and unbound planned requirements (33.76475ms)
✔ release inventory revokes prior validation after invalid candidate (58.29175ms)
✔ release inventory revokes prior validation after null options (57.930334ms)
✔ release inventory revokes prior validation after stricter source resolver (57.940458ms)
✔ release inventory authenticates regular candidate source paths (2185.332542ms)
✔ release inventory authenticates missing candidate source paths (608.68325ms)
✔ release inventory authenticates symlink candidate source paths (609.005917ms)
✔ release inventory refuses unknown connector binding (40.549125ms)
✔ release inventory refuses unknown runtime binding (38.22925ms)
✔ release inventory refuses unknown support namespace (38.608334ms)
✔ release inventory refuses missing named connector binding (38.050167ms)
✔ release inventory refuses duplicate named connector with different path (39.290792ms)
✔ release inventory refuses empty overview connector name (41.433375ms)
✔ release inventory refuses empty overview connector category (42.178125ms)
✔ release inventory refuses wrong overview qualifier (38.880625ms)
✔ release inventory refuses arbitrary connector status (39.320917ms)
✔ release inventory refuses impossible retrieval date 2026-02-30T12:00:00Z (15.1125ms)
✔ release inventory refuses impossible retrieval date 2026-02-29T12:00:00+09:00 (15.871292ms)
✔ release inventory refuses impossible retrieval date 2026-04-31T12:00:00.123456-04:00 (15.647542ms)
✔ release inventory preserves valid leap date offset and fractional retrieval timestamp (17.355708ms)
✔ signed Git source reader preserves complete bytes beyond the former one MiB buffer (245.702416ms)
✔ signed Git authority reader rejects a merge marker beyond one MiB (202.072334ms)
✔ signed Git source reader fails closed above the sixteen MiB bound (312.948833ms)
ℹ tests 104
ℹ suites 0
ℹ pass 104
ℹ fail 0
ℹ cancelled 0
ℹ skipped 0
ℹ todo 0
ℹ duration_ms 11695.178625

── [fast] Console fanout planner exact-M regression  (cwd: .)
✔ only literal paths plus terminal subtree suffix are canonical ownership syntax (0.594667ms)
✔ unsupported authority intersections fail closed (0.513625ms)
✔ migration roots are excluded from leaves and serialised (5.408792ms)
✔ per-lane resource declarations are mandatory while source admission creates no verification jobs (0.91925ms)
✔ cold Rust capacity does not create expensive jobs from selected source writers (0.922584ms)
✔ same writer, worktree, or branch cannot be co-selected (0.271792ms)
✔ completed source cannot bypass invalid roots or exact review receipts (0.296ms)
✔ completed source checks unowned private roots before its review shortcut (0.171667ms)
✔ consolidation is blocked until exact independent review and valid consolidation identity (0.170834ms)
✔ quality-weighted maximal independent set is deterministic (0.379958ms)
✔ Buck isolation directories include a stable full-lane hash and reject caller-controlled traversal (0.16525ms)
✔ review receipts fail closed unless an independent reviewer custody-binds the exact leaf result (0.907625ms)
✔ review authority rejects duplicate IDs or fingerprints and incomplete exact identities (0.108333ms)
✔ format-discriminated SSH authority requires the exact verified principal and SHA256 fingerprint (0.169375ms)
✔ SSH verification fails closed for absent or non-Git status output (0.037875ms)
✔ hermetic signed-candidate smoke ignores an unsigned synthetic HEAD and global config (113.822917ms)
✔ real SSH-signed admission train excludes reviewed leaves and caps cold Buck jobs (363.895833ms)
✔ immutable JSON rejects duplicate object keys before canonicalization (0.408875ms)
✔ admission manifests are single-parent manifest-only commits with unique connected references (0.205417ms)
✔ epoch admission closure rejects unreviewed, unrelated, and divergent-train commits (0.162833ms)
✔ private lane roots that intersect protected authority are held instead of partially admitted (0.165ms)
✔ lane assignment roots must be covered by exactly one private capability root (0.105583ms)
✔ completed and legacy lanes remain held before completion shortcuts (0.148416ms)
✔ runtime-ineligible lanes are held before ranking so lower safe lanes fill capacity (0.150792ms)
✔ source revision syntax requires a full immutable baseline SHA (0.117416ms)
✔ source provenance admits only an existing immutable ancestor and non-conflicting ref (0.118542ms)
✔ exact-SHA verification scheduling groups only compatible validated work and uses deterministic density (0.200916ms)
✔ receipt-controlled grouping ignores caller-provided consolidated-tip hints (0.0805ms)
✔ v2 truth ledger cannot bypass validated admission (0.106459ms)
ℹ tests 29
ℹ suites 0
ℹ pass 29
ℹ fail 0
ℹ cancelled 0
ℹ skipped 0
ℹ todo 0
ℹ duration_ms 534.088333

── [fast] Buck PostgreSQL environment wrapper regression  (cwd: .)
buck-postgres: environment file must be mode 0600
buck-postgres: exact Rust test name contains unsupported characters
buck-postgres: duplicate environment key
buck-postgres: duplicate environment key
buck-postgres: duplicate environment key
buck-postgres: duplicate environment key
run_test_with_postgres_env: PASS

── [fast] Buck disposable PostgreSQL harness regression  (cwd: .)
buck-postgres: raw backend test targets bypass the credential loader; use a //tools/buck PostgreSQL wrapper
buck-postgres: disposable PostgreSQL did not become healthy
buck-postgres: disposable PostgreSQL did not become healthy
grep: : No such file or directory
grep: : No such file or directory
grep: : No such file or directory
grep: : No such file or directory
grep: : No such file or directory
grep: : No such file or directory
grep: : No such file or directory
grep: : No such file or directory
grep: : No such file or directory
grep: : No such file or directory
grep: : No such file or directory
grep: : No such file or directory
grep: : No such file or directory
grep: : No such file or directory
grep: : No such file or directory
grep: : No such file or directory
grep: : No such file or directory
grep: : No such file or directory
grep: : No such file or directory
grep: : No such file or directory
grep: : No such file or directory
grep: : No such file or directory
grep: : No such file or directory
grep: : No such file or directory
grep: : No such file or directory
grep: : No such file or directory
grep: : No such file or directory
grep: : No such file or directory
grep: : No such file or directory
grep: : No such file or directory
grep: : No such file or directory
grep: : No such file or directory
grep: : No such file or directory
grep: : No such file or directory
grep: : No such file or directory
grep: : No such file or directory
grep: : No such file or directory
grep: : No such file or directory
grep: : No such file or directory
grep: : No such file or directory
grep: : No such file or directory
grep: : No such file or directory
grep: : No such file or directory
grep: : No such file or directory
grep: : No such file or directory
grep: : No such file or directory
grep: : No such file or directory
grep: : No such file or directory
grep: : No such file or directory
grep: : No such file or directory
grep: : No such file or directory
grep: : No such file or directory
grep: : No such file or directory
grep: : No such file or directory
grep: : No such file or directory
grep: : No such file or directory
grep: : No such file or directory
grep: : No such file or directory
grep: : No such file or directory
grep: : No such file or directory
grep: : No such file or directory
grep: : No such file or directory
grep: : No such file or directory
grep: : No such file or directory
buck-postgres: isolation name must contain only letters, digits, dot, underscore, or dash
buck-postgres: exact Rust test name contains unsupported characters
grep: : No such file or directory
grep: : No such file or directory
grep: : No such file or directory
grep: : No such file or directory
grep: : No such file or directory
grep: : No such file or directory
grep: : No such file or directory
grep: : No such file or directory
grep: : No such file or directory
grep: : No such file or directory
grep: : No such file or directory
grep: : No such file or directory
grep: : No such file or directory
grep: : No such file or directory
grep: : No such file or directory
grep: : No such file or directory
buck-postgres: pulling the pinned PostgreSQL image failed; retrying
buck-postgres: pulling the pinned PostgreSQL image failed; retrying
grep: : No such file or directory
grep: : No such file or directory
grep: : No such file or directory
grep: : No such file or directory
grep: : No such file or directory
grep: : No such file or directory
grep: : No such file or directory
grep: : No such file or directory
grep: : No such file or directory
grep: : No such file or directory
grep: : No such file or directory
grep: : No such file or directory
grep: : No such file or directory
grep: : No such file or directory
grep: : No such file or directory
grep: : No such file or directory
test_needs_postgres: PASS

── [fast] CI preflight contract  (cwd: .)
npm notice run check:ci-preflight
npm notice run node tools/ci/gate-sweep.mjs
FAIL  check-ci-preflight  (0.1s)
PASS  check-toolchain-pin  (0.8s)
PASS  check-wasm-bundle-drift  (2.4s)
PASS  check-cas-canary-verdict  (0.2s)
PASS  ci-tools-suites  (49.2s)
PASS  check-product-buck-residual  (0s)
PASS  check-nextest-config  (0s)
PASS  check-postgres-cargo-map  (0s)
PASS  check-mjs-dark-suites  (0.1s)
PASS  check-nightly-workflow  (0s)
PASS  check-hold-release-conditions  (0s)
PASS  check-foundation-gates-tests  (1s)
PASS  check-non-oci-mail-imessage-relay-tests  (0.2s)
PASS  run-verification-queue-tests  (0.1s)
PASS  fanout-tests  (0.1s)
PASS  gate-sweep-tests  (0.1s)

gate-sweep: 15 passed, 1 failed

--- check-ci-preflight ---
CI preflight contract failed:
- domain-unit integration binary console-attendance-application --test attendance_policy must resolve exactly once through docs/program/executed-tests-baseline.json and its owning Cargo.toml
- domain-unit integration binary console-compliance-domain --test location_consent_fsm must resolve exactly once through docs/program/executed-tests-baseline.json and its owning Cargo.toml
- domain-unit integration binary console-compliance-domain --test location_ping_policy must resolve exactly once through docs/program/executed-tests-baseline.json and its owning Cargo.toml
- domain-unit integration binary console-platform-authz --test cedar_pbac_readiness_cases must resolve exactly once through docs/program/executed-tests-baseline.json and its owning Cargo.toml
- domain-unit integration binary console-platform-authz --test cedar_pbac_legacy_only_observe_and_record must resolve exactly once through docs/program/executed-tests-baseline.json and its owning Cargo.toml
- domain-unit integration binary console-platform-authz --test cedar_diagnostic_fail_closed must resolve exactly once through docs/program/executed-tests-baseline.json and its owning Cargo.toml
- domain-unit integration binary console-platform-authz --test cedar_sdk_identity must resolve exactly once through docs/program/executed-tests-baseline.json and its owning Cargo.toml
- domain-unit integration binary console-platform-request-context --test native_error_envelope must resolve exactly once through docs/program/executed-tests-baseline.json and its owning Cargo.toml
- domain-unit integration binary console-platform-audit-chain --test ed25519_compatibility must resolve exactly once through docs/program/executed-tests-baseline.json and its owning Cargo.toml
- domain-unit integration binary console-platform-provisioning --test account_historical_consent must resolve exactly once through docs/program/executed-tests-baseline.json and its owning Cargo.toml
- domain-unit integration binary console-attendance-domain --test range_and_history must resolve exactly once through docs/program/executed-tests-baseline.json and its owning Cargo.toml
- domain-unit integration binary console-contracts --test compose must resolve exactly once through docs/program/executed-tests-baseline.json and its owning Cargo.toml
- domain-unit integration binary console-todos-rest --test openapi_fragment must resolve exactly once through docs/program/executed-tests-baseline.json and its owning Cargo.toml
- domain-unit integration binary console-financial-domain --test quote_and_residual must resolve exactly once through docs/program/executed-tests-baseline.json and its owning Cargo.toml
- domain-unit integration binary console-registry-domain --test equipment must resolve exactly once through docs/program/executed-tests-baseline.json and its owning Cargo.toml
- domain-unit integration binary console-messenger-domain --test mentions must resolve exactly once through docs/program/executed-tests-baseline.json and its owning Cargo.toml
- domain-unit integration binary console-messenger-domain --test object_code_refs must resolve exactly once through docs/program/executed-tests-baseline.json and its owning Cargo.toml
- domain-unit integration binary console-messenger-domain --test parity must resolve exactly once through docs/program/executed-tests-baseline.json and its owning Cargo.toml
- domain-unit integration binary console-messenger-domain --test thread_kind must resolve exactly once through docs/program/executed-tests-baseline.json and its owning Cargo.toml
- domain-unit integration binary console-workorder-domain --test approval_and_assignment must resolve exactly once through docs/program/executed-tests-baseline.json and its owning Cargo.toml
- domain-unit integration binary console-workorder-domain --test serde_roundtrips must resolve exactly once through docs/program/executed-tests-baseline.json and its owning Cargo.toml
- domain-unit integration binary console-workorder-domain --test settlement_fsm must resolve exactly once through docs/program/executed-tests-baseline.json and its owning Cargo.toml
- domain-unit integration binary console-workorder-domain --test workorder_fsm must resolve exactly once through docs/program/executed-tests-baseline.json and its owning Cargo.toml
- domain-unit integration binary console-platform-auth --test jwt_es256 must resolve exactly once through docs/program/executed-tests-baseline.json and its owning Cargo.toml
- domain-unit integration binary console-platform-auth --test jwt_verifier must resolve exactly once through docs/program/executed-tests-baseline.json and its owning Cargo.toml
- domain-unit integration binary console-platform-auth --test well_known must resolve exactly once through docs/program/executed-tests-baseline.json and its owning Cargo.toml
- domain-unit integration binary console-platform-excel --test template_fidelity must resolve exactly once through docs/program/executed-tests-baseline.json and its owning Cargo.toml
- domain-unit integration binary console-platform-excel --test template_fill_engine must resolve exactly once through docs/program/executed-tests-baseline.json and its owning Cargo.toml
- domain-unit integration binary console-platform-realtime --test hub must resolve exactly once through docs/program/executed-tests-baseline.json and its owning Cargo.toml
- domain-unit integration binary console-platform-realtime --test notify_payload must resolve exactly once through docs/program/executed-tests-baseline.json and its owning Cargo.toml
- domain-unit integration binary console-app --test config must resolve exactly once through docs/program/executed-tests-baseline.json and its owning Cargo.toml
- domain-unit integration binary console-app --test dev_seed_notification_links must resolve exactly once through docs/program/executed-tests-baseline.json and its owning Cargo.toml
- domain-unit integration binary console-app --test openslo_files must resolve exactly once through docs/program/executed-tests-baseline.json and its owning Cargo.toml
- domain-unit integration binary console-app --test well_known must resolve exactly once through docs/program/executed-tests-baseline.json and its owning Cargo.toml
- domain-unit integration binary console-app --test workbench_api must resolve exactly once through docs/program/executed-tests-baseline.json and its owning Cargo.toml
- domain-unit integration binary console-app --test intelligence_bind must resolve exactly once through docs/program/executed-tests-baseline.json and its owning Cargo.toml
- domain-unit integration binary console-gate-writer-ownership --test gate_detects_violation must resolve exactly once through docs/program/executed-tests-baseline.json and its owning Cargo.toml

gate-sweep: FAILED check-ci-preflight

── [fast] Canonical npm lockfile  (cwd: .)
npm notice run check:package-lock
npm notice run npm install --package-lock-only --ignore-scripts --no-audit --no-fund && git diff --exit-code -- package-lock.json

up to date in 205ms

── [fast] Cargo.lock consistency  (cwd: .)

── [fast] Executed-tests ratchet — a test binary must have a path from a workflow step  (cwd: .)
npm notice run check:executed-tests
npm notice run node --test scripts/check-executed-tests.test.mjs && node scripts/check-executed-tests.mjs
▶ hasLiveCfgTestAttribute — false-dark controls
  ✔ documents the RED substring defect the durable fix replaces (0.267959ms)
  ✔ does not treat doc-comment-only #[cfg(test)] as live (0.088292ms)
  ✔ does not treat line- or block-comment-only #[cfg(test)] as live (0.042667ms)
  ✔ does not treat string-literal-only #[cfg(test)] as live (0.038875ms)
  ✔ still detects a real #[cfg(test)] attribute (fails closed on live tests) (0.041791ms)
  ✔ still detects live attribute when a doc comment also mentions it (0.04275ms)
✔ hasLiveCfgTestAttribute — false-dark controls (0.905625ms)
▶ unitTestedCrateSrcRoots — inventory + examined-zero
  ✔ excludes crates whose only hit is a doc comment (0.08575ms)
  ✔ includes crates with a live #[cfg(test)] under src/ (0.702375ms)
  ✔ fails closed when examined src inventory is empty (0.191542ms)
✔ unitTestedCrateSrcRoots — inventory + examined-zero (1.076ms)
▶ cargoTestKind — cargo metadata lib aliases
  ✔ maps default lib and explicit rlib/cdylib to cargo test --lib (0.106541ms)
  ✔ keeps integration tests and drops bins (0.038292ms)
✔ cargoTestKind — cargo metadata lib aliases (0.198459ms)
▶ gate wiring
  ✔ routes definedBinaries through the comment-aware helper, not raw includes (0.237083ms)
✔ gate wiring (0.261083ms)
▶ Cedar SDK identity workflow reachability
  ✔ domain-unit invokes the complete SDK identity binary and retains the existing Cedar invocations (7.392625ms)
  ✔ the static attribute baseline records the two existing SDK identity tests (0.66275ms)
  ✔ rejects nonexecuting and partial workflow claims (0.517334ms)
✔ Cedar SDK identity workflow reachability (8.643042ms)
ℹ tests 15
ℹ suites 5
ℹ pass 15
ℹ fail 0
ℹ cancelled 0
ℹ skipped 0
ℹ todo 0
ℹ duration_ms 52.482958
test binaries defined         : 386
reachable from a CI step      : 386
declared test attrs in reachable sources: 3070  (static; cfg/ignore-unaware)
executed nowhere              : 1
reachable only through buck2  : 17  (--gap to list; the Buck2 exit has to wire these)
  dark  backend/crates/platform/storage/tests/seaweedfs_worm.rs

── [fast] JavaScript test reachability ratchet  (cwd: .)
npm notice run check:js-test-reachability
npm notice run node scripts/check-js-test-reachability.mjs
js-test-reachability: 115 suites; exact-wired 115; dark 0; basename-only diagnostic 0
js-test-reachability check passed

── [fast] JavaScript test reachability unit tests  (cwd: .)
npm notice run test:js-test-reachability
npm notice run node --test scripts/check-js-test-reachability.test.mjs
✔ live candidate passes js-test-reachability (104.837833ms)
✔ baseline growth fails (unregistered dark suite) (104.499209ms)
ℹ tests 2
ℹ suites 0
ℹ pass 2
ℹ fail 0
ℹ cancelled 0
ℹ skipped 0
ℹ todo 0
ℹ duration_ms 246.478334

── [fast] Lane fan-out harness preflight  (cwd: .)
PASS compile — body parses as the harness evaluates it
PASS unknown top-level arg aborts
PASS unknown per-lane key aborts
PASS a typo in `lenses` aborts rather than silently using defaults
PASS every documented arg is accepted
PASS custom lenses ADD to standing lenses, never replace them
PASS a PROVEN major blocks convergence
PASS an ARGUED major does not block convergence
PASS an owner lease releases at ANY severity
PASS a real blocker blocks
PASS oracleWeakened blocks convergence with zero findings
PASS a wordy but non-contradicting verifier still converges
PASS contradictsClaim=true blocks convergence
PASS reproduced=false blocks convergence
PASS a non-done build skips the verifier
PASS a done build runs the verifier
PASS a dead implementer is retried once and the round proceeds
PASS two deaths abandon the lane without throwing
PASS round 2 receives round 1 blockers as feedback
PASS reviewers are told to diff the tip, and HEAD~1 appears only as a warning
PASS a converged lane LANDS by default
PASS the landing prompt names the real lane key and its worktree
PASS the landing prompt carries the lane's changed files
PASS the landing prompt interpolates no undefined field
PASS the landing prompt carries the head SHA captured at review time
PASS and orders a refusal when the worktree no longer matches it
PASS nothing converged => nothing lands
PASS land:false is honoured (and warns)
PASS a dead STANDING lens blocks convergence
PASS and says which one died
PASS a dead CUSTOM lens is tolerated (a rebuild round costs more than it saves)
PASS but the death is still logged
PASS a dead VERIFIER blocks convergence
PASS and never claims the lane was independently re-verified
PASS and says the verification never happened
PASS a build claiming nothing is skipped, not accused of a dead verifier
PASS telemetry reports dispatched > returned when a checker dies
PASS telemetry names the dead checker
PASS telemetry reports equality when none die
PASS two lanes sharing a worktree abort
PASS duplicate lane keys abort
PASS a documented per-lane key is accepted
PASS scopeCreep alone blocks convergence
PASS and does not block when unset
PASS enforcementPlacement is a REQUIRED build field
PASS peripheralsUpdated is a REQUIRED build field
PASS redBaseline is a REQUIRED build field
PASS provenByExecution and ownerLease are REQUIRED per finding
PASS BASE_LOCK contains no nested backtick
PASS lock clause survives: NEVER WEAKEN THE ORACLE
PASS lock clause survives: CONTRACT TESTS ARE PART OF THE CHANGE
PASS lock clause survives: AN ENFORCEMENT MUST BE ABLE TO SEE ITS SUBJECT
PASS lock clause survives: PERIPHERALS ARE PART OF THE CHANGE
PASS lock clause survives: THE THIRD SPELLING MEANS THE MECHANISM IS WRONG
PASS lock clause survives: NEVER pass --workflow-only
PASS program-tick compiles as the harness evaluates it
PASS program-tick hard-codes no machine-specific worktree path
PASS every harness in the directory is swept, not a hardcoded subset
PASS backlog-audit refuses an option it does not read
PASS lane-fanout refuses an option it does not read
PASS program-tick refuses an option it does not read
PASS review-gate refuses an option it does not read
PASS scout refuses an option it does not read
PASS slice refuses an option it does not read
PASS stale-take-audit refuses an option it does not read
PASS backlog-audit refuses issueBatch=-1
PASS backlog-audit refuses issueBatch=0
PASS backlog-audit refuses issueBatch=1.5
PASS backlog-audit refuses issueBatch="eight"
PASS backlog-audit no longer truncates the findings payload blindly
PASS backlog-audit exposes renderFindings to the preflight
PASS an over-budget findings set says how many it dropped
PASS the proven finding survives truncation regardless of its position
PASS a set that fits carries no truncation notice
PASS a detail-less failure reports instead of crashing the preflight
PASS the lock names a TOTAL generated-face check, not a list: REGENERATE, THEN ASK GIT
PASS the lock names a TOTAL generated-face check, not a list: git status --porcelain
PASS the lock names a TOTAL generated-face check, not a list: POSTFLIGHT
PASS the lock names a TOTAL generated-face check, not a list: tools/buck/preflight.sh
PASS the lock names a TOTAL generated-face check, not a list: tools/lanes/pgtest.sh
PASS a lane owning a subtree of another lane aborts
PASS two lanes owning the SAME root abort
PASS one colliding path inside a multi-path owned root is enough
PASS an owned root with no path in it aborts rather than being silently unguarded
PASS ./ and bare owned roots collide at dispatch
PASS owned roots containing .. are refused
PASS a shared string prefix that is not a PATH prefix is not an overlap
PASS disjoint owned roots dispatch normally
PASS falseGreenRisk is a REQUIRED verifier field
PASS commandsRun is a REQUIRED verifier field
PASS oracleIntact is a REQUIRED verifier field
PASS a verifier that lists no command it RAN cannot certify a green
PASS a verifier that leaves the false-green risk blank cannot certify a green
PASS a verifier that never answers oracle integrity cannot certify a green
PASS a verifier that OBSERVED a weakened oracle blocks convergence
PASS and the next round is told the verification was unanswered, not merely "disagreed"
PASS the verifier is ASKED for the commands it ran and for an oracle verdict
PASS a fully answered verification still converges
PASS two PR-fix lanes are both dispatched
PASS ...and never run concurrently in the one candidate worktree they both edit
PASS more selected lanes than maxLanes refuses the fanout instead of ignoring the cap
PASS and says the cap is why
PASS a lane set within the cap still fans out
PASS the ACTIVE candidate worktree is never offered as safe to remove
PASS an unreadable worktree is not "unused"
PASS a worktree whose file list was capped is not "empty"
PASS a genuinely empty worktree is still removable
PASS a CLOSE-FIXED whose evidence is not on the default branch is WITHHELD
PASS a CLOSE-FIXED that never answered reachability is WITHHELD too — absence is a NO
PASS a CLOSE-FIXED reachable from the default branch is still closable
PASS a KEEP verdict is not withheld — the rule is about CLOSING
PASS triage is told to PROVE reachability by running merge-base --is-ancestor
PASS a discovered crate that no named domain claims is still audited
PASS and no lane is invented when every discovered crate is claimed
PASS a census with no crate inventory cannot claim coverage and must abort
PASS a census that omits a crate-disk-census crate aborts
PASS coverage uses a dedicated crate-disk-census agent, not Collect alone
PASS an empty crate-disk-census list cannot cross-check coverage and must abort
PASS a Collect list that omits an on-disk crate aborts even when well-formed
PASS the lock separates mechanism evidence from wiring evidence: BUILDS ITS OWN SUBJECT
PASS the lock separates mechanism evidence from wiring evidence: MECHANISM:
PASS the lock separates mechanism evidence from wiring evidence: WIRING:
PASS the lock separates mechanism evidence from wiring evidence: composition root
PASS the lock charges for cost of carry: MAINTAINABILITY / COST OF CARRY
PASS the lock charges for cost of carry: COMMENT BLOBBING
PASS the lock charges for cost of carry: RUN WHAT CI RUNS
PASS the maintainability lens is a STANDING lens, not an opt-in
PASS scout exposes normaliseRoot to the preflight
PASS scout root: absolute path made repo-relative
PASS scout root: prose fragment rejected
PASS scout root: shell fragment rejected
PASS scout root: the repository is not an owned root
PASS scout root: nor is a top-level directory
PASS scout root: a file becomes its directory
PASS scout root: a real root survives unchanged
PASS scout root: ./ prefix collapses to the same root
PASS scout root: bare form matches the ./ form
PASS scout root: root rejected
PASS scout root: empty rejected
PASS scout root: glob rejected
PASS scout root: .. segments rejected
PASS scout root: sibling worktree absolute rejected
PASS scout root: absolute outside REPO rejected
PASS scout root: extensionless file preserved as exact path
PASS scout root: BUCK file preserved as exact path
PASS scout root: Makefile preserved as exact path
PASS scout root: ./ and bare forms are identical after normalise
PASS scout exposes overlaps to the preflight
PASS scout overlap: a prefix counts as shared territory
PASS scout overlap: siblings do not
PASS scout packing: transitively-linked territory collapses to ONE group
PASS scout still refuses to emit a plan whose lanes overlap
PASS scout defers a bead whose paths are all unusable rather than inventing a root
PASS a failed trial holds the fleet back
PASS a failed trial dispatches NO other lane
PASS the held-back lanes are named, not silently dropped
PASS a converged trial dispatches the remaining lanes
PASS trial naming an unknown lane aborts
PASS trial with a single lane aborts rather than serialising for nothing
PASS the lock states when a cheaper tier is allowed
PASS the independent verifier does NOT run on a cheaper tier
PASS backlog-audit: KNOWN_ARGS lists nothing the harness never reads
PASS backlog-audit: every option the harness reads is declared
PASS lane-fanout: KNOWN_ARGS lists nothing the harness never reads
PASS lane-fanout: every option the harness reads is declared
PASS program-tick: KNOWN_ARGS lists nothing the harness never reads
PASS program-tick: every option the harness reads is declared
PASS review-gate: KNOWN_ARGS lists nothing the harness never reads
PASS review-gate: every option the harness reads is declared
PASS scout: KNOWN_ARGS lists nothing the harness never reads
PASS scout: every option the harness reads is declared
PASS slice: KNOWN_ARGS lists nothing the harness never reads
PASS slice: every option the harness reads is declared
PASS stale-take-audit: KNOWN_ARGS lists nothing the harness never reads
PASS stale-take-audit: every option the harness reads is declared
PASS a dead confirmation does not erase the suspicion
PASS a dead confirmation stops the report claiming full coverage
PASS a confirmation without a verdict is unresolved, not clean
PASS a live confirmation that fails to refute still reports STALE
PASS an upheld STALE without an attested graft payload is unresolved
PASS an upheld STALE without attestation does not publish first-pass text as missingFromHead
PASS an upheld STALE with a blank graft payload is unresolved
PASS a blank confirmer payload does not expose a graft-shaped missingFromHead either
PASS confirmed stale publishes the confirmer payload, never the first-pass quote
PASS confirm prompt does not offer the first-pass graft payload for rubber-stamping
PASS mutate→red: old confirmed-stale publish path leaks the first-pass graft
PASS a live refutation still drops the suspicion
PASS a fully-answered run still claims full coverage
PASS a live audit that omits a requested file does not claim full coverage
PASS stale-take RULES pin diffs to args.repo via git -C
PASS a verifier that re-ran only some claimed commands does not converge
PASS a verifier that re-ran every claimed command still converges
PASS command matching is not defeated by whitespace
PASS re-running one command three times is not three commands
PASS commandsRun of a single empty string does not converge
PASS a blank entry among commandsRun fails closed even if a real command is present
PASS a done build that omits commands does not converge
PASS a done build whose commands are only blanks does not converge
PASS a done build that omits the commands field does not converge
PASS scout defers a bead when only SOME of its paths are unusable
PASS the partial-rejection branch stops the bead being placed
PASS scout drops edges with no verification verdict (fail closed)
PASS scout no longer advertises fanoutArgs as feed-straight-into lane-fanout
PASS scout fanoutPlan is explicitly incomplete for lane-fanout
PASS scout measures depth by downstream dependents (reverse edges)
PASS scout counts rejected paths before deduplicating roots
PASS scout rejects absolute paths outside REPO with a segment boundary
PASS backlog-audit does not import Node fs for the crate census
PASS backlog-audit measures crates via a dedicated crate-disk-census agent
PASS backlog-audit does not treat Collect.cargoTomlPaths as the disk oracle
PASS backlog-audit exposes cratesOmittedFromCensus to the preflight
PASS a census that omits an on-disk crate is incomplete
PASS a census parent prefix still covers nested crates
PASS backlog-audit exposes crateNamesFromCargoTomlPaths to the preflight
PASS cargoTomlPaths strip to crate names under backend/crates
PASS contract-drift masks string literals before method discovery
PASS contract-drift OpenAPI path keys allow colons inside the path
PASS contract-drift refuses repo-wide same-name fallback for undeclared PATH consts
PASS contract-drift discovers route sources after stripping comments/literals
PASS doc-comment .route( does not survive strip discovery
PASS real .route( survives strip discovery
PASS prose get() inside a string is a raw false-positive before masking
PASS masking string literals drops the prose get() false-positive
PASS openApiApiOperations is extractable
PASS OpenAPI path keys with a colon are accepted

ALL PASS — safe to dispatch

── [fast] Workflow test-runner credential literals  (cwd: .)
npm notice run check:test-credentials
npm notice run node --test scripts/check-test-credentials.test.mjs && node scripts/check-test-credentials.mjs
✔ rejects optional whitespace around a literal libpq password assignment (7.785458ms)
✔ allows a shell environment assignment sourced from a variable (2.514916ms)
✔ recognizes Cargo toolchain, global-flag, and nextest runner forms (2.230042ms)
✔ recognizes Buck2 universal flags before the test subcommand (2.291334ms)
✔ rejects a libpq URI with an empty user and nonempty password (0.522084ms)
✔ rejects a credential separated from its runner inside a folded YAML scalar (0.781875ms)
ℹ tests 6
ℹ suites 0
ℹ pass 6
ℹ fail 0
ℹ cancelled 0
ℹ skipped 0
ℹ todo 0
ℹ duration_ms 56.976709
Test-credential contract passed: no workflow line spelling a test runner carries a literal password, and tools/lanes/no-credential-in-argv.sh refuses all seven exercised libpq password spellings while accepting a clean command line.

── [fast] rustfmt check  (cwd: backend)

── [fast] clippy -D warnings  (cwd: backend)
    Checking console-workorder-domain v0.1.0 (/private/tmp/console-client-release-20260919/backend/crates/workorder/domain)
    Checking console-platform-auth v0.1.0 (/private/tmp/console-client-release-20260919/backend/crates/platform/auth)
    Checking console-payroll-ui v0.1.0 (/private/tmp/console-client-release-20260919/backend/crates/payroll/ui)
    Checking console-platform-authz v0.1.0 (/private/tmp/console-client-release-20260919/backend/crates/platform/authz)
    Checking console-workorder-application v0.1.0 (/private/tmp/console-client-release-20260919/backend/crates/workorder/application)
    Checking console-dispatch-application v0.1.0 (/private/tmp/console-client-release-20260919/backend/crates/dispatch/application)
    Checking console-platform-request-context v0.1.0 (/private/tmp/console-client-release-20260919/backend/crates/platform/request-context)
    Checking console-platform-provisioning v0.1.0 (/private/tmp/console-client-release-20260919/backend/crates/platform/provisioning)
    Checking console-ontology-adapter-postgres v0.0.0 (/private/tmp/console-client-release-20260919/backend/crates/ontology/adapter-postgres)
    Checking console-ontology-canonical-adapter-postgres v0.1.0 (/private/tmp/console-client-release-20260919/backend/crates/ontology/canonical-adapter-postgres)
    Checking console-payroll-adapter-postgres v0.1.0 (/private/tmp/console-client-release-20260919/backend/crates/payroll/adapter-postgres)
    Checking console-registry-adapter-postgres v0.1.0 (/private/tmp/console-client-release-20260919/backend/crates/registry/adapter-postgres)
    Checking console-governance-adapter-postgres v0.0.0 (/private/tmp/console-client-release-20260919/backend/crates/governance/adapter-postgres)
    Checking console-platform-storage v0.1.0 (/private/tmp/console-client-release-20260919/backend/crates/platform/storage)
    Checking console-notifications-adapter-postgres v0.1.0 (/private/tmp/console-client-release-20260919/backend/crates/notifications/adapter-postgres)
    Checking console-inbox-adapter-postgres v0.1.0 (/private/tmp/console-client-release-20260919/backend/crates/inbox/adapter-postgres)
    Checking console-platform-authz-rest v0.0.0 (/private/tmp/console-client-release-20260919/backend/crates/platform/authz-rest)
    Checking console-messenger-adapter-postgres v0.1.0 (/private/tmp/console-client-release-20260919/backend/crates/messenger/adapter-postgres)
    Checking console-identity-adapter-postgres v0.1.0 (/private/tmp/console-client-release-20260919/backend/crates/identity/adapter-postgres)
    Checking console-workorder-adapter-postgres v0.1.0 (/private/tmp/console-client-release-20260919/backend/crates/workorder/adapter-postgres)
    Checking console-comms-adapter-postgres v0.1.0 (/private/tmp/console-client-release-20260919/backend/crates/comms/adapter-postgres)
    Checking console-support-adapter-postgres v0.1.0 (/private/tmp/console-client-release-20260919/backend/crates/support/adapter-postgres)
    Checking console-financial-adapter-postgres v0.0.0 (/private/tmp/console-client-release-20260919/backend/crates/financial/adapter-postgres)
    Checking console-reporting-adapter-postgres v0.1.0 (/private/tmp/console-client-release-20260919/backend/crates/reporting/adapter-postgres)
    Checking console-dispatch-adapter-postgres v0.1.0 (/private/tmp/console-client-release-20260919/backend/crates/dispatch/adapter-postgres)
    Checking console-governance-rest v0.0.0 (/private/tmp/console-client-release-20260919/backend/crates/governance/rest)
    Checking console-platform-rest v0.1.0 (/private/tmp/console-client-release-20260919/backend/crates/platform/platform-rest)
    Checking console-orgchange-adapter-postgres v0.1.0 (/private/tmp/console-client-release-20260919/backend/crates/orgchange/adapter-postgres)
    Checking console-leave-adapter-postgres v0.1.0 (/private/tmp/console-client-release-20260919/backend/crates/leave/adapter-postgres)
    Checking console-sales-adapter-postgres v0.1.0 (/private/tmp/console-client-release-20260919/backend/crates/sales/adapter-postgres)
    Checking console-compliance-adapter-postgres v0.1.0 (/private/tmp/console-client-release-20260919/backend/crates/compliance/adapter-postgres)
    Checking console-todos-adapter-postgres v0.1.0 (/private/tmp/console-client-release-20260919/backend/crates/todos/adapter-postgres)
    Checking console-inspection-adapter-postgres v0.0.0 (/private/tmp/console-client-release-20260919/backend/crates/inspection/adapter-postgres)
    Checking console-notices-adapter-postgres v0.1.0 (/private/tmp/console-client-release-20260919/backend/crates/notices/adapter-postgres)
    Checking console-platform-auth-rest v0.1.0 (/private/tmp/console-client-release-20260919/backend/crates/platform/auth-rest)
    Checking console-docs-adapter-postgres v0.1.0 (/private/tmp/console-client-release-20260919/backend/crates/docs/adapter-postgres)
    Checking console-payroll-rest v0.1.0 (/private/tmp/console-client-release-20260919/backend/crates/payroll/rest)
    Checking console-workorder-rest v0.1.0 (/private/tmp/console-client-release-20260919/backend/crates/workorder/rest)
    Checking console-benefit-adapter-postgres v0.1.0 (/private/tmp/console-client-release-20260919/backend/crates/benefit/adapter-postgres)
    Checking console-platform-realtime v0.1.0 (/private/tmp/console-client-release-20260919/backend/crates/platform/realtime)
    Checking console-ontology-rest v0.0.0 (/private/tmp/console-client-release-20260919/backend/crates/ontology/rest)
    Checking console-finance-gl-adapter-postgres v0.0.0 (/private/tmp/console-client-release-20260919/backend/crates/finance-gl/adapter-postgres)
    Checking console-inventory-adapter-postgres v0.1.0 (/private/tmp/console-client-release-20260919/backend/crates/inventory/adapter-postgres)
    Checking console-comms-rest v0.1.0 (/private/tmp/console-client-release-20260919/backend/crates/comms/rest)
    Checking console-support-rest v0.1.0 (/private/tmp/console-client-release-20260919/backend/crates/support/rest)
    Checking console-recruiting-adapter-postgres v0.1.0 (/private/tmp/console-client-release-20260919/backend/crates/recruiting/adapter-postgres)
    Checking console-equipment-adapter-postgres v0.1.0 (/private/tmp/console-client-release-20260919/backend/crates/equipment/adapter-postgres)
    Checking console-logistics-adapter-postgres v0.1.0 (/private/tmp/console-client-release-20260919/backend/crates/logistics/adapter-postgres)
    Checking console-evaluation-adapter-postgres v0.1.0 (/private/tmp/console-client-release-20260919/backend/crates/evaluation/adapter-postgres)
    Checking console-leave-rest v0.1.0 (/private/tmp/console-client-release-20260919/backend/crates/leave/rest)
    Checking console-docs-rest v0.0.0 (/private/tmp/console-client-release-20260919/backend/crates/docs/rest)
    Checking console-notices-rest v0.1.0 (/private/tmp/console-client-release-20260919/backend/crates/notices/rest)
    Checking console-dispatch-worker v0.1.0 (/private/tmp/console-client-release-20260919/backend/crates/dispatch/worker)
    Checking console-todos-rest v0.1.0 (/private/tmp/console-client-release-20260919/backend/crates/todos/rest)
    Checking console-financial-rest v0.0.0 (/private/tmp/console-client-release-20260919/backend/crates/financial/rest)
    Checking console-registry-rest v0.1.0 (/private/tmp/console-client-release-20260919/backend/crates/registry/rest)
    Checking console-identity-rest v0.1.0 (/private/tmp/console-client-release-20260919/backend/crates/identity/rest)
    Checking console-messenger-rest v0.1.0 (/private/tmp/console-client-release-20260919/backend/crates/messenger/rest)
    Checking console-notifications-rest v0.1.0 (/private/tmp/console-client-release-20260919/backend/crates/notifications/rest)
    Checking console-inbox-rest v0.1.0 (/private/tmp/console-client-release-20260919/backend/crates/inbox/rest)
    Checking console-consulting-rest v0.1.0 (/private/tmp/console-client-release-20260919/backend/crates/consulting/rest)
    Checking console-production-rest v0.0.0 (/private/tmp/console-client-release-20260919/backend/crates/production/rest)
    Checking console-recruiting-rest v0.1.0 (/private/tmp/console-client-release-20260919/backend/crates/recruiting/rest)
    Checking console-inventory-rest v0.1.0 (/private/tmp/console-client-release-20260919/backend/crates/inventory/rest)
    Checking console-equipment-rest v0.1.0 (/private/tmp/console-client-release-20260919/backend/crates/equipment/rest)
    Checking console-logistics-rest v0.1.0 (/private/tmp/console-client-release-20260919/backend/crates/logistics/rest)
    Checking console-reporting-rest v0.1.0 (/private/tmp/console-client-release-20260919/backend/crates/reporting/rest)
    Checking console-evaluation-rest v0.1.0 (/private/tmp/console-client-release-20260919/backend/crates/evaluation/rest)
    Checking console-finance-gl-rest v0.0.0 (/private/tmp/console-client-release-20260919/backend/crates/finance-gl/rest)
    Checking console-compliance-rest v0.1.0 (/private/tmp/console-client-release-20260919/backend/crates/compliance/rest)
    Checking console-orgchange-rest v0.1.0 (/private/tmp/console-client-release-20260919/backend/crates/orgchange/rest)
    Checking console-benefit-rest v0.1.0 (/private/tmp/console-client-release-20260919/backend/crates/benefit/rest)
    Checking console-dispatch-rest v0.1.0 (/private/tmp/console-client-release-20260919/backend/crates/dispatch/rest)
    Checking console-sales-rest v0.1.0 (/private/tmp/console-client-release-20260919/backend/crates/sales/rest)
    Checking console-inspection-rest v0.0.0 (/private/tmp/console-client-release-20260919/backend/crates/inspection/rest)
    Checking console-integrity v0.1.0 (/private/tmp/console-client-release-20260919/backend/crates/compliance/integrity)
    Checking console-attendance-rest v0.1.0 (/private/tmp/console-client-release-20260919/backend/crates/attendance/rest)
    Checking console-analytics-quant-rest v0.1.0 (/private/tmp/console-client-release-20260919/backend/crates/analytics-quant/rest)
    Checking console-facilities-rest v0.1.0 (/private/tmp/console-client-release-20260919/backend/crates/facilities/rest)
    Checking console-policy-adapter-postgres v0.1.0 (/private/tmp/console-client-release-20260919/backend/crates/policy/adapter-postgres)
    Checking console-app v0.1.0 (/private/tmp/console-client-release-20260919/backend/app)
    Checking console-workflow-runtime-adapter-postgres v0.1.0 (/private/tmp/console-client-release-20260919/backend/crates/workflow/adapter-postgres)
    Checking console-platform-audit-chain v0.1.0 (/private/tmp/console-client-release-20260919/backend/crates/platform/audit-chain)
    Checking console-attendance-adapter-postgres v0.1.0 (/private/tmp/console-client-release-20260919/backend/crates/attendance/adapter-postgres)
    Finished `dev` profile [unoptimized + debuginfo] target(s) in 39.79s
warning: the following packages contain code that will be rejected by a future version of Rust: proc-macro-error2 v2.0.1
note: to see what the problems were, use the option `--future-incompat-report`, or run `cargo report future-incompatibilities --id 2`
    Checking console-platform-auth-rest v0.1.0 (/private/tmp/console-client-release-20260919/backend/crates/platform/auth-rest)
    Checking console-app v0.1.0 (/private/tmp/console-client-release-20260919/backend/app)
    Finished `dev` profile [unoptimized + debuginfo] target(s) in 16.72s
warning: the following packages contain code that will be rejected by a future version of Rust: proc-macro-error2 v2.0.1
note: to see what the problems were, use the option `--future-incompat-report`, or run `cargo report future-incompatibilities --id 2`
    Checking console-payroll-ui v0.1.0 (/private/tmp/console-client-release-20260919/backend/crates/payroll/ui)
    Finished `dev` profile [unoptimized + debuginfo] target(s) in 4.47s
warning: the following packages contain code that will be rejected by a future version of Rust: proc-macro-error2 v2.0.1
note: to see what the problems were, use the option `--future-incompat-report`, or run `cargo report future-incompatibilities --id 2`

── [fast] Layer-boundary gate  (cwd: backend)
Command failed: Failed to connect to buck daemon.
    Daemon process info from /Users/jasonlee/.buck/buckd/private/tmp/console-client-release-20260919/v2/buckd.info:
    daemon dir: /Users/jasonlee/.buck/buckd/private/tmp/console-client-release-20260919/v2
    pid: 97122
    endpoint: tcp:58232
    version: 6592108321bf36cd98b93efa40473d4b
    pid present on system: yes

    Try running `buck2 kill` and your command afterwards.
    Alternatively, try running `rm -rf ~/.buck/buckd` and your command afterwards

Caused by:
    0: Error connecting to the daemon, daemon stderr follows:
       2026-09-19T18:55:02.614758Z  INFO daemon_listener: buck2_daemon::daemon: Daemonized.
       2026-09-19T18:55:02.614903Z  INFO daemon_listener: buck2_daemon::daemon: Starting Buck2 daemon
       2026-09-19T18:55:02.614912Z  INFO daemon_listener: buck2_daemon::daemon: Version: 2026-07-14-1560aca2002865cd73d7cafb22c705cfb640b2bc
       2026-09-19T18:55:02.614946Z  INFO daemon_listener: buck2_daemon::daemon: PID: 97122
       2026-09-19T18:55:02.614951Z  INFO daemon_listener: buck2_daemon::daemon: ID: d98de1f6-df48-4859-a34b-c736d26a034e
       2026-09-19T18:55:02.614958Z  INFO daemon_listener: buck2_daemon::daemon: Endpoint: tcp:58232
       2026-09-19T18:55:02.617684Z  INFO daemon_listener: buck2_daemon::daemon: Starting tokio runtime...
       2026-09-19T18:55:02.618225Z  INFO daemon_listener: buck2_daemon::daemon: Listening.
       2026-09-19T18:55:02.618431Z  INFO daemon_listener: buck2_server::daemon::state: Reading config...
       2026-09-19T18:55:02.619046Z  INFO daemon_listener: buck2_server::daemon::state: Starting...
       2026-09-19T18:55:02.619134Z  INFO daemon_listener: buck2_server::daemon::state: Initializing scribe sink...
       2026-09-19T18:55:02.619415Z  INFO daemon_listener: buck2_server::daemon::state: Creating materializer...
       2026-09-19T18:55:02.734238Z  INFO daemon_listener: buck2_server::daemon::state: Creating memory tracker...
       2026-09-19T18:55:02.734303Z  INFO daemon_listener: buck2_server::daemon::state: Launching forkserver...
       2026-09-19T18:55:02.736265Z  INFO daemon_listener: buck2_server::daemon::state: Creating tenting ACL provider...
       2026-09-19T18:55:02.736302Z  INFO daemon_listener: buck2_server::daemon::state: Constructing DICE...
       2026-09-19T18:55:02.736489Z  INFO daemon_listener: buck2_server::daemon::state: Creating file watcher...
       2026-09-19T18:55:02.743773Z  INFO daemon_listener: buck2_server::daemon::state: Daemon state is ready.
       2026-09-19T18:55:02.743811Z  INFO daemon_listener: buck2_server::daemon::server: Starting server
       2026-09-19T19:47:45.382552Z  WARN buck2_test::command: Test run was cancelled
       2026-09-20T05:40:59.778495Z  WARN buck2_http::retries: Retrying a HTTP error after 2 seconds: Error performing http_head request: HTTP: Timed out while making request to URI: https://release-assets.githubusercontent.com/github-production-release-asset/162334160/a0c495dc-2474-4ae3-bb0e-70526d359f46?sp=r&sv=2018-11-09&sr=b&spr=https&se=2026-09-20T06%3A26%3A54Z&rscd=attachment%3B+filename%3Dcpython-3.13.6%2B20250807-aarch64-apple-darwin-install_only_stripped.tar.gz&rsct=application%2Foctet-stream&skoid=96c2d410-5711-43a1-aedd-ab1947aa7ab0&sktid=398a6654-997b-47e9-b12b-9515b896b4de&skt=2026-09-20T05%3A26%3A31Z&ske=2026-09-20T06%3A26%3A54Z&sks=b&skv=2018-11-09&sig=QEfXTz0dPj381Cpcun1kSxMWCsNKQCZTWY8G69OBr9k%3D&jwt=eyJ0eXAiOiJKV1QiLCJhbGciOiJIUzI1NiJ9.eyJpc3MiOiJnaXRodWIuY29tIiwiYXVkIjoicmVsZWFzZS1hc3NldHMuZ2l0aHVidXNlcmNvbnRlbnQuY29tIiwia2V5Ijoia2V5MSIsImV4cCI6MTc4OTg4NDY1NCwibmJmIjoxNzg5ODgyODU0LCJwYXRoIjoicmVsZWFzZWFzc2V0cHJvZHVjdGlvbi5ibG9iLmNvcmUud2luZG93cy5uZXQifQ.V-dU4Ha3v9A4WgZfcIbfcFECy8hYK6sT_2gAu_mTx0c&response-content-disposition=attachment%3B%20filename%3Dcpython-3.13.6%2B20250807-aarch64-apple-darwin-install_only_stripped.tar.gz&response-content-type=application%2Foctet-stream after 5 seconds.
       
    1: establishing connection to Buck daemon or start a daemon
    2: acquire lifecycle lock
    3: Error locking buckd.lifecycle: Operation not permitted (os error 1)
    4: Operation not permitted (os error 1)

── [fast] Audit-coverage gate  (cwd: backend)
    Finished `dev` profile [unoptimized + debuginfo] target(s) in 0.13s
     Running `target/debug/console-gate-audit-coverage`
console-gate-audit-coverage: checking workspace at /private/tmp/console-client-release-20260919/backend
console-gate-audit-coverage: PASSED

── [fast] Migration-safety gate  (cwd: backend)
    Finished `dev` profile [unoptimized + debuginfo] target(s) in 0.09s
     Running `target/debug/console-gate-migration-safety`
console-gate-migration-safety: checking workspace at /private/tmp/console-client-release-20260919/backend
console-gate-migration-safety: PASSED

── [fast] Tenant-isolation gate  (cwd: backend)
    Finished `dev` profile [unoptimized + debuginfo] target(s) in 0.09s
     Running `target/debug/console-gate-tenant-isolation`
console-gate-tenant-isolation: checking workspace at /private/tmp/console-client-release-20260919/backend
console-gate-tenant-isolation: PASSED

── [fast] PII-no-logs gate  (cwd: backend)
    Finished `dev` profile [unoptimized + debuginfo] target(s) in 0.09s
     Running `target/debug/console-gate-pii-no-logs`
console-gate-pii-no-logs: checking workspace at /private/tmp/console-client-release-20260919/backend
console-gate-pii-no-logs: PASSED

── [fast] RLS-arming gate  (cwd: backend)
    Finished `dev` profile [unoptimized + debuginfo] target(s) in 0.09s
     Running `target/debug/console-gate-rls-arming`
console-gate-rls-arming: checking workspace at /private/tmp/console-client-release-20260919/backend
console-gate-rls-arming: PASSED

── [fast] Dev-auth-absence gate  (cwd: backend)
    Finished `dev` profile [unoptimized + debuginfo] target(s) in 0.10s
     Running `target/debug/console-gate-dev-auth-absence`
console-gate-dev-auth-absence: checking workspace at /private/tmp/console-client-release-20260919/backend
console-gate-dev-auth-absence: PASSED — dev-auth is not in console-app's default features

── [fast] IaC tier-discipline gate  (cwd: backend)
    Finished `dev` profile [unoptimized + debuginfo] target(s) in 0.09s
     Running `target/debug/console-gate-iac-tier`
console-gate-iac-tier: checking deploy/ under /private/tmp/console-client-release-20260919
console-gate-iac-tier: PASSED — 124 IaC artifact(s) checked, 0 violations

── [fast] Fabricated-branch gate  (cwd: backend)
    Finished `dev` profile [unoptimized + debuginfo] target(s) in 0.09s
     Running `target/debug/console-gate-fabricated-branch`
console-gate-fabricated-branch: checking workspace at /private/tmp/console-client-release-20260919/backend
console-gate-fabricated-branch: PASSED (631 Rust files scanned) - text scan, defence in depth: three known blind spots are listed in the module doc (backend/ci/gates/fabricated-branch/src/lib.rs) and docs/CI-GATES.md

── [fast] Personal-data-classification gate  (cwd: backend)
    Finished `dev` profile [unoptimized + debuginfo] target(s) in 0.09s
     Running `target/debug/console-gate-personal-data-classification`
console-gate-personal-data-classification: checking workspace at /private/tmp/console-client-release-20260919
console-gate-personal-data-classification: 306 table(s), 3457 column(s); 863 column(s) classified; 242 table(s) still baselined; 1 statement(s) unreadable and waived
console-gate-personal-data-classification: PASSED

── [fast] Writer-ownership gate  (cwd: backend)
    Finished `dev` profile [unoptimized + debuginfo] target(s) in 0.11s
     Running `target/debug/console-gate-writer-ownership`
writer-ownership: scanned 328 production source files
writer-ownership: OK — no new second writer, no stale ratchet entry, no unpermitted shared-table writer

── [fast] Buck2 CI-gate mutation suites — every gate proven to still reject  (cwd: .)
Command failed: Failed to connect to buck daemon.
    Daemon process info from /Users/jasonlee/.buck/buckd/private/tmp/console-client-release-20260919/v2/buckd.info:
    daemon dir: /Users/jasonlee/.buck/buckd/private/tmp/console-client-release-20260919/v2
    pid: 97122
    endpoint: tcp:58232
    version: 6592108321bf36cd98b93efa40473d4b
    pid present on system: yes

    Try running `buck2 kill` and your command afterwards.
    Alternatively, try running `rm -rf ~/.buck/buckd` and your command afterwards

Caused by:
    0: Error connecting to the daemon, daemon stderr follows:
       2026-09-19T18:55:02.614758Z  INFO daemon_listener: buck2_daemon::daemon: Daemonized.
       2026-09-19T18:55:02.614903Z  INFO daemon_listener: buck2_daemon::daemon: Starting Buck2 daemon
       2026-09-19T18:55:02.614912Z  INFO daemon_listener: buck2_daemon::daemon: Version: 2026-07-14-1560aca2002865cd73d7cafb22c705cfb640b2bc
       2026-09-19T18:55:02.614946Z  INFO daemon_listener: buck2_daemon::daemon: PID: 97122
       2026-09-19T18:55:02.614951Z  INFO daemon_listener: buck2_daemon::daemon: ID: d98de1f6-df48-4859-a34b-c736d26a034e
       2026-09-19T18:55:02.614958Z  INFO daemon_listener: buck2_daemon::daemon: Endpoint: tcp:58232
       2026-09-19T18:55:02.617684Z  INFO daemon_listener: buck2_daemon::daemon: Starting tokio runtime...
       2026-09-19T18:55:02.618225Z  INFO daemon_listener: buck2_daemon::daemon: Listening.
       2026-09-19T18:55:02.618431Z  INFO daemon_listener: buck2_server::daemon::state: Reading config...
       2026-09-19T18:55:02.619046Z  INFO daemon_listener: buck2_server::daemon::state: Starting...
       2026-09-19T18:55:02.619134Z  INFO daemon_listener: buck2_server::daemon::state: Initializing scribe sink...
       2026-09-19T18:55:02.619415Z  INFO daemon_listener: buck2_server::daemon::state: Creating materializer...
       2026-09-19T18:55:02.734238Z  INFO daemon_listener: buck2_server::daemon::state: Creating memory tracker...
       2026-09-19T18:55:02.734303Z  INFO daemon_listener: buck2_server::daemon::state: Launching forkserver...
       2026-09-19T18:55:02.736265Z  INFO daemon_listener: buck2_server::daemon::state: Creating tenting ACL provider...
       2026-09-19T18:55:02.736302Z  INFO daemon_listener: buck2_server::daemon::state: Constructing DICE...
       2026-09-19T18:55:02.736489Z  INFO daemon_listener: buck2_server::daemon::state: Creating file watcher...
       2026-09-19T18:55:02.743773Z  INFO daemon_listener: buck2_server::daemon::state: Daemon state is ready.
       2026-09-19T18:55:02.743811Z  INFO daemon_listener: buck2_server::daemon::server: Starting server
       2026-09-19T19:47:45.382552Z  WARN buck2_test::command: Test run was cancelled
       2026-09-20T05:40:59.778495Z  WARN buck2_http::retries: Retrying a HTTP error after 2 seconds: Error performing http_head request: HTTP: Timed out while making request to URI: https://release-assets.githubusercontent.com/github-production-release-asset/162334160/a0c495dc-2474-4ae3-bb0e-70526d359f46?sp=r&sv=2018-11-09&sr=b&spr=https&se=2026-09-20T06%3A26%3A54Z&rscd=attachment%3B+filename%3Dcpython-3.13.6%2B20250807-aarch64-apple-darwin-install_only_stripped.tar.gz&rsct=application%2Foctet-stream&skoid=96c2d410-5711-43a1-aedd-ab1947aa7ab0&sktid=398a6654-997b-47e9-b12b-9515b896b4de&skt=2026-09-20T05%3A26%3A31Z&ske=2026-09-20T06%3A26%3A54Z&sks=b&skv=2018-11-09&sig=QEfXTz0dPj381Cpcun1kSxMWCsNKQCZTWY8G69OBr9k%3D&jwt=eyJ0eXAiOiJKV1QiLCJhbGciOiJIUzI1NiJ9.eyJpc3MiOiJnaXRodWIuY29tIiwiYXVkIjoicmVsZWFzZS1hc3NldHMuZ2l0aHVidXNlcmNvbnRlbnQuY29tIiwia2V5Ijoia2V5MSIsImV4cCI6MTc4OTg4NDY1NCwibmJmIjoxNzg5ODgyODU0LCJwYXRoIjoicmVsZWFzZWFzc2V0cHJvZHVjdGlvbi5ibG9iLmNvcmUud2luZG93cy5uZXQifQ.V-dU4Ha3v9A4WgZfcIbfcFECy8hYK6sT_2gAu_mTx0c&response-content-disposition=attachment%3B%20filename%3Dcpython-3.13.6%2B20250807-aarch64-apple-darwin-install_only_stripped.tar.gz&response-content-type=application%2Foctet-stream after 5 seconds.
       
    1: establishing connection to Buck daemon or start a daemon
    2: acquire lifecycle lock
    3: Error locking buckd.lifecycle: Operation not permitted (os error 1)
    4: Operation not permitted (os error 1)

── [fast] PR 473 migration operational contract tests  (cwd: .)
test_backend_directory_resolves_to_repository_root (__main__.CommandLineTests.test_backend_directory_resolves_to_repository_root) ... ok
test_accepts_receipts_replayed_by_the_buck_console_on_stderr (__main__.ExecutionTests.test_accepts_receipts_replayed_by_the_buck_console_on_stderr)
CI's real delivery path: stdout empty, receipts on Buck2's stderr. ... ok
test_accepts_reordered_resolved_metadata (__main__.ExecutionTests.test_accepts_reordered_resolved_metadata) ... ok
test_accepts_timestamp_prefixed_buck_receipts_on_stderr (__main__.ExecutionTests.test_accepts_timestamp_prefixed_buck_receipts_on_stderr)
Keep accepting the compact stderr replay emitted by the CI console. ... ok
test_fails_when_buck_harness_fails (__main__.ExecutionTests.test_fails_when_buck_harness_fails) ... ok
test_rejects_a_bare_spoofed_test_line (__main__.ExecutionTests.test_rejects_a_bare_spoofed_test_line) ... ok
test_rejects_a_non_timestamp_line_prefix (__main__.ExecutionTests.test_rejects_a_non_timestamp_line_prefix)
The tolerated prefix is a timestamp, not arbitrary leading text. ... ok
test_rejects_comment_only_source_spoof_in_resolved_metadata (__main__.ExecutionTests.test_rejects_comment_only_source_spoof_in_resolved_metadata) ... ok
test_rejects_drifted_generated_rust_declaration (__main__.ExecutionTests.test_rejects_drifted_generated_rust_declaration) ... ok
test_rejects_drifted_postgres_wrapper_declaration (__main__.ExecutionTests.test_rejects_drifted_postgres_wrapper_declaration) ... ok
test_rejects_reusable_ci_database_urls_before_harness_invocation (__main__.ExecutionTests.test_rejects_reusable_ci_database_urls_before_harness_invocation) ... ok
test_rejects_wrong_or_duplicate_metadata_names (__main__.ExecutionTests.test_rejects_wrong_or_duplicate_metadata_names) ... ok
test_rejects_zero_or_multiple_selected_tests (__main__.ExecutionTests.test_rejects_zero_or_multiple_selected_tests) ... ok
test_requires_the_buck_owned_disposable_postgres_harness (__main__.ExecutionTests.test_requires_the_buck_owned_disposable_postgres_harness) ... ok
test_accepts_canonical_manifest (__main__.ManifestTests.test_accepts_canonical_manifest) ... ok
test_rejects_an_unapproved_but_unique_test_tuple (__main__.ManifestTests.test_rejects_an_unapproved_but_unique_test_tuple) ... ok
test_rejects_duplicate_or_missing_guarded_tests (__main__.ManifestTests.test_rejects_duplicate_or_missing_guarded_tests) ... ok
test_rejects_noncanonical_json (__main__.ManifestTests.test_rejects_noncanonical_json) ... ok
test_rejects_wrong_typed_release_authority (__main__.ManifestTests.test_rejects_wrong_typed_release_authority) ... ok

----------------------------------------------------------------------
Ran 19 tests in 0.006s

OK

── [fast] Buck2 platform-authz unit suite  (cwd: .)
Command failed: Failed to connect to buck daemon.
    Daemon process info from /Users/jasonlee/.buck/buckd/private/tmp/console-client-release-20260919/v2/buckd.info:
    daemon dir: /Users/jasonlee/.buck/buckd/private/tmp/console-client-release-20260919/v2
    pid: 97122
    endpoint: tcp:58232
    version: 6592108321bf36cd98b93efa40473d4b
    pid present on system: yes

    Try running `buck2 kill` and your command afterwards.
    Alternatively, try running `rm -rf ~/.buck/buckd` and your command afterwards

Caused by:
    0: Error connecting to the daemon, daemon stderr follows:
       2026-09-19T18:55:02.614758Z  INFO daemon_listener: buck2_daemon::daemon: Daemonized.
       2026-09-19T18:55:02.614903Z  INFO daemon_listener: buck2_daemon::daemon: Starting Buck2 daemon
       2026-09-19T18:55:02.614912Z  INFO daemon_listener: buck2_daemon::daemon: Version: 2026-07-14-1560aca2002865cd73d7cafb22c705cfb640b2bc
       2026-09-19T18:55:02.614946Z  INFO daemon_listener: buck2_daemon::daemon: PID: 97122
       2026-09-19T18:55:02.614951Z  INFO daemon_listener: buck2_daemon::daemon: ID: d98de1f6-df48-4859-a34b-c736d26a034e
       2026-09-19T18:55:02.614958Z  INFO daemon_listener: buck2_daemon::daemon: Endpoint: tcp:58232
       2026-09-19T18:55:02.617684Z  INFO daemon_listener: buck2_daemon::daemon: Starting tokio runtime...
       2026-09-19T18:55:02.618225Z  INFO daemon_listener: buck2_daemon::daemon: Listening.
       2026-09-19T18:55:02.618431Z  INFO daemon_listener: buck2_server::daemon::state: Reading config...
       2026-09-19T18:55:02.619046Z  INFO daemon_listener: buck2_server::daemon::state: Starting...
       2026-09-19T18:55:02.619134Z  INFO daemon_listener: buck2_server::daemon::state: Initializing scribe sink...
       2026-09-19T18:55:02.619415Z  INFO daemon_listener: buck2_server::daemon::state: Creating materializer...
       2026-09-19T18:55:02.734238Z  INFO daemon_listener: buck2_server::daemon::state: Creating memory tracker...
       2026-09-19T18:55:02.734303Z  INFO daemon_listener: buck2_server::daemon::state: Launching forkserver...
       2026-09-19T18:55:02.736265Z  INFO daemon_listener: buck2_server::daemon::state: Creating tenting ACL provider...
       2026-09-19T18:55:02.736302Z  INFO daemon_listener: buck2_server::daemon::state: Constructing DICE...
       2026-09-19T18:55:02.736489Z  INFO daemon_listener: buck2_server::daemon::state: Creating file watcher...
       2026-09-19T18:55:02.743773Z  INFO daemon_listener: buck2_server::daemon::state: Daemon state is ready.
       2026-09-19T18:55:02.743811Z  INFO daemon_listener: buck2_server::daemon::server: Starting server
       2026-09-19T19:47:45.382552Z  WARN buck2_test::command: Test run was cancelled
       2026-09-20T05:40:59.778495Z  WARN buck2_http::retries: Retrying a HTTP error after 2 seconds: Error performing http_head request: HTTP: Timed out while making request to URI: https://release-assets.githubusercontent.com/github-production-release-asset/162334160/a0c495dc-2474-4ae3-bb0e-70526d359f46?sp=r&sv=2018-11-09&sr=b&spr=https&se=2026-09-20T06%3A26%3A54Z&rscd=attachment%3B+filename%3Dcpython-3.13.6%2B20250807-aarch64-apple-darwin-install_only_stripped.tar.gz&rsct=application%2Foctet-stream&skoid=96c2d410-5711-43a1-aedd-ab1947aa7ab0&sktid=398a6654-997b-47e9-b12b-9515b896b4de&skt=2026-09-20T05%3A26%3A31Z&ske=2026-09-20T06%3A26%3A54Z&sks=b&skv=2018-11-09&sig=QEfXTz0dPj381Cpcun1kSxMWCsNKQCZTWY8G69OBr9k%3D&jwt=eyJ0eXAiOiJKV1QiLCJhbGciOiJIUzI1NiJ9.eyJpc3MiOiJnaXRodWIuY29tIiwiYXVkIjoicmVsZWFzZS1hc3NldHMuZ2l0aHVidXNlcmNvbnRlbnQuY29tIiwia2V5Ijoia2V5MSIsImV4cCI6MTc4OTg4NDY1NCwibmJmIjoxNzg5ODgyODU0LCJwYXRoIjoicmVsZWFzZWFzc2V0cHJvZHVjdGlvbi5ibG9iLmNvcmUud2luZG93cy5uZXQifQ.V-dU4Ha3v9A4WgZfcIbfcFECy8hYK6sT_2gAu_mTx0c&response-content-disposition=attachment%3B%20filename%3Dcpython-3.13.6%2B20250807-aarch64-apple-darwin-install_only_stripped.tar.gz&response-content-type=application%2Foctet-stream after 5 seconds.
       
    1: establishing connection to Buck daemon or start a daemon
    2: acquire lifecycle lock
    3: Error locking buckd.lifecycle: Operation not permitted (os error 1)
    4: Operation not permitted (os error 1)

── [fast] Buck2 console-app unit suite  (cwd: .)
Command failed: Failed to connect to buck daemon.
    Daemon process info from /Users/jasonlee/.buck/buckd/private/tmp/console-client-release-20260919/v2/buckd.info:
    daemon dir: /Users/jasonlee/.buck/buckd/private/tmp/console-client-release-20260919/v2
    pid: 97122
    endpoint: tcp:58232
    version: 6592108321bf36cd98b93efa40473d4b
    pid present on system: yes

    Try running `buck2 kill` and your command afterwards.
    Alternatively, try running `rm -rf ~/.buck/buckd` and your command afterwards

Caused by:
    0: Error connecting to the daemon, daemon stderr follows:
       2026-09-19T18:55:02.614758Z  INFO daemon_listener: buck2_daemon::daemon: Daemonized.
       2026-09-19T18:55:02.614903Z  INFO daemon_listener: buck2_daemon::daemon: Starting Buck2 daemon
       2026-09-19T18:55:02.614912Z  INFO daemon_listener: buck2_daemon::daemon: Version: 2026-07-14-1560aca2002865cd73d7cafb22c705cfb640b2bc
       2026-09-19T18:55:02.614946Z  INFO daemon_listener: buck2_daemon::daemon: PID: 97122
       2026-09-19T18:55:02.614951Z  INFO daemon_listener: buck2_daemon::daemon: ID: d98de1f6-df48-4859-a34b-c736d26a034e
       2026-09-19T18:55:02.614958Z  INFO daemon_listener: buck2_daemon::daemon: Endpoint: tcp:58232
       2026-09-19T18:55:02.617684Z  INFO daemon_listener: buck2_daemon::daemon: Starting tokio runtime...
       2026-09-19T18:55:02.618225Z  INFO daemon_listener: buck2_daemon::daemon: Listening.
       2026-09-19T18:55:02.618431Z  INFO daemon_listener: buck2_server::daemon::state: Reading config...
       2026-09-19T18:55:02.619046Z  INFO daemon_listener: buck2_server::daemon::state: Starting...
       2026-09-19T18:55:02.619134Z  INFO daemon_listener: buck2_server::daemon::state: Initializing scribe sink...
       2026-09-19T18:55:02.619415Z  INFO daemon_listener: buck2_server::daemon::state: Creating materializer...
       2026-09-19T18:55:02.734238Z  INFO daemon_listener: buck2_server::daemon::state: Creating memory tracker...
       2026-09-19T18:55:02.734303Z  INFO daemon_listener: buck2_server::daemon::state: Launching forkserver...
       2026-09-19T18:55:02.736265Z  INFO daemon_listener: buck2_server::daemon::state: Creating tenting ACL provider...
       2026-09-19T18:55:02.736302Z  INFO daemon_listener: buck2_server::daemon::state: Constructing DICE...
       2026-09-19T18:55:02.736489Z  INFO daemon_listener: buck2_server::daemon::state: Creating file watcher...
       2026-09-19T18:55:02.743773Z  INFO daemon_listener: buck2_server::daemon::state: Daemon state is ready.
       2026-09-19T18:55:02.743811Z  INFO daemon_listener: buck2_server::daemon::server: Starting server
       2026-09-19T19:47:45.382552Z  WARN buck2_test::command: Test run was cancelled
       2026-09-20T05:40:59.778495Z  WARN buck2_http::retries: Retrying a HTTP error after 2 seconds: Error performing http_head request: HTTP: Timed out while making request to URI: https://release-assets.githubusercontent.com/github-production-release-asset/162334160/a0c495dc-2474-4ae3-bb0e-70526d359f46?sp=r&sv=2018-11-09&sr=b&spr=https&se=2026-09-20T06%3A26%3A54Z&rscd=attachment%3B+filename%3Dcpython-3.13.6%2B20250807-aarch64-apple-darwin-install_only_stripped.tar.gz&rsct=application%2Foctet-stream&skoid=96c2d410-5711-43a1-aedd-ab1947aa7ab0&sktid=398a6654-997b-47e9-b12b-9515b896b4de&skt=2026-09-20T05%3A26%3A31Z&ske=2026-09-20T06%3A26%3A54Z&sks=b&skv=2018-11-09&sig=QEfXTz0dPj381Cpcun1kSxMWCsNKQCZTWY8G69OBr9k%3D&jwt=eyJ0eXAiOiJKV1QiLCJhbGciOiJIUzI1NiJ9.eyJpc3MiOiJnaXRodWIuY29tIiwiYXVkIjoicmVsZWFzZS1hc3NldHMuZ2l0aHVidXNlcmNvbnRlbnQuY29tIiwia2V5Ijoia2V5MSIsImV4cCI6MTc4OTg4NDY1NCwibmJmIjoxNzg5ODgyODU0LCJwYXRoIjoicmVsZWFzZWFzc2V0cHJvZHVjdGlvbi5ibG9iLmNvcmUud2luZG93cy5uZXQifQ.V-dU4Ha3v9A4WgZfcIbfcFECy8hYK6sT_2gAu_mTx0c&response-content-disposition=attachment%3B%20filename%3Dcpython-3.13.6%2B20250807-aarch64-apple-darwin-install_only_stripped.tar.gz&response-content-type=application%2Foctet-stream after 5 seconds.
       
    1: establishing connection to Buck daemon or start a daemon
    2: acquire lifecycle lock
    3: Error locking buckd.lifecycle: Operation not permitted (os error 1)
    4: Operation not permitted (os error 1)

── [fast] Buck2 console-app OpenAPI drift suite  (cwd: .)
Command failed: Failed to connect to buck daemon.
    Daemon process info from /Users/jasonlee/.buck/buckd/private/tmp/console-client-release-20260919/v2/buckd.info:
    daemon dir: /Users/jasonlee/.buck/buckd/private/tmp/console-client-release-20260919/v2
    pid: 97122
    endpoint: tcp:58232
    version: 6592108321bf36cd98b93efa40473d4b
    pid present on system: yes

    Try running `buck2 kill` and your command afterwards.
    Alternatively, try running `rm -rf ~/.buck/buckd` and your command afterwards

Caused by:
    0: Error connecting to the daemon, daemon stderr follows:
       2026-09-19T18:55:02.614758Z  INFO daemon_listener: buck2_daemon::daemon: Daemonized.
       2026-09-19T18:55:02.614903Z  INFO daemon_listener: buck2_daemon::daemon: Starting Buck2 daemon
       2026-09-19T18:55:02.614912Z  INFO daemon_listener: buck2_daemon::daemon: Version: 2026-07-14-1560aca2002865cd73d7cafb22c705cfb640b2bc
       2026-09-19T18:55:02.614946Z  INFO daemon_listener: buck2_daemon::daemon: PID: 97122
       2026-09-19T18:55:02.614951Z  INFO daemon_listener: buck2_daemon::daemon: ID: d98de1f6-df48-4859-a34b-c736d26a034e
       2026-09-19T18:55:02.614958Z  INFO daemon_listener: buck2_daemon::daemon: Endpoint: tcp:58232
       2026-09-19T18:55:02.617684Z  INFO daemon_listener: buck2_daemon::daemon: Starting tokio runtime...
       2026-09-19T18:55:02.618225Z  INFO daemon_listener: buck2_daemon::daemon: Listening.
       2026-09-19T18:55:02.618431Z  INFO daemon_listener: buck2_server::daemon::state: Reading config...
       2026-09-19T18:55:02.619046Z  INFO daemon_listener: buck2_server::daemon::state: Starting...
       2026-09-19T18:55:02.619134Z  INFO daemon_listener: buck2_server::daemon::state: Initializing scribe sink...
       2026-09-19T18:55:02.619415Z  INFO daemon_listener: buck2_server::daemon::state: Creating materializer...
       2026-09-19T18:55:02.734238Z  INFO daemon_listener: buck2_server::daemon::state: Creating memory tracker...
       2026-09-19T18:55:02.734303Z  INFO daemon_listener: buck2_server::daemon::state: Launching forkserver...
       2026-09-19T18:55:02.736265Z  INFO daemon_listener: buck2_server::daemon::state: Creating tenting ACL provider...
       2026-09-19T18:55:02.736302Z  INFO daemon_listener: buck2_server::daemon::state: Constructing DICE...
       2026-09-19T18:55:02.736489Z  INFO daemon_listener: buck2_server::daemon::state: Creating file watcher...
       2026-09-19T18:55:02.743773Z  INFO daemon_listener: buck2_server::daemon::state: Daemon state is ready.
       2026-09-19T18:55:02.743811Z  INFO daemon_listener: buck2_server::daemon::server: Starting server
       2026-09-19T19:47:45.382552Z  WARN buck2_test::command: Test run was cancelled
       2026-09-20T05:40:59.778495Z  WARN buck2_http::retries: Retrying a HTTP error after 2 seconds: Error performing http_head request: HTTP: Timed out while making request to URI: https://release-assets.githubusercontent.com/github-production-release-asset/162334160/a0c495dc-2474-4ae3-bb0e-70526d359f46?sp=r&sv=2018-11-09&sr=b&spr=https&se=2026-09-20T06%3A26%3A54Z&rscd=attachment%3B+filename%3Dcpython-3.13.6%2B20250807-aarch64-apple-darwin-install_only_stripped.tar.gz&rsct=application%2Foctet-stream&skoid=96c2d410-5711-43a1-aedd-ab1947aa7ab0&sktid=398a6654-997b-47e9-b12b-9515b896b4de&skt=2026-09-20T05%3A26%3A31Z&ske=2026-09-20T06%3A26%3A54Z&sks=b&skv=2018-11-09&sig=QEfXTz0dPj381Cpcun1kSxMWCsNKQCZTWY8G69OBr9k%3D&jwt=eyJ0eXAiOiJKV1QiLCJhbGciOiJIUzI1NiJ9.eyJpc3MiOiJnaXRodWIuY29tIiwiYXVkIjoicmVsZWFzZS1hc3NldHMuZ2l0aHVidXNlcmNvbnRlbnQuY29tIiwia2V5Ijoia2V5MSIsImV4cCI6MTc4OTg4NDY1NCwibmJmIjoxNzg5ODgyODU0LCJwYXRoIjoicmVsZWFzZWFzc2V0cHJvZHVjdGlvbi5ibG9iLmNvcmUud2luZG93cy5uZXQifQ.V-dU4Ha3v9A4WgZfcIbfcFECy8hYK6sT_2gAu_mTx0c&response-content-disposition=attachment%3B%20filename%3Dcpython-3.13.6%2B20250807-aarch64-apple-darwin-install_only_stripped.tar.gz&response-content-type=application%2Foctet-stream after 5 seconds.
       
    1: establishing connection to Buck daemon or start a daemon
    2: acquire lifecycle lock
    3: Error locking buckd.lifecycle: Operation not permitted (os error 1)
    4: Operation not permitted (os error 1)

── [fast] ADR governance tests  (cwd: .)
npm notice run test:adrs
npm notice run node --test scripts/check-adrs.test.mjs
▶ ADR governance gate
  ✔ uses node:path primitives instead of POSIX-only path splitting (0.5335ms)
  ✔ accepts a complete corpus and the reserved never-issued ADR-0013 index row (8.556042ms)
  ✔ rejects duplicate ADR IDs (0.997042ms)
  ✔ rejects missing required id frontmatter (0.81275ms)
  ✔ rejects missing required status frontmatter (0.718167ms)
  ✔ rejects missing required doc_status frontmatter (0.532167ms)
  ✔ rejects missing required date frontmatter (0.528917ms)
  ✔ rejects missing required owner frontmatter (0.572084ms)
  ✔ rejects missing required related frontmatter (0.556958ms)
  ✔ rejects malformed and nonexistent local ADR relationship references (0.651458ms)
  ✔ rejects an impossible ADR calendar date (0.810834ms)
  ✔ rejects an impossible design-note calendar date (0.8475ms)
  ✔ rejects one-sided amend and supersession relationships (0.693791ms)
  ✔ rejects a proposed ADR that claims amendment or supersession authority (0.951125ms)
  ✔ rejects an accepted record that treats a proposed ADR as its superseder (0.83725ms)
  ✔ rejects an accepted ADR that amends a non-accepted target (1.072708ms)
  ✔ rejects an ADR that declares a superseder without becoming superseded (0.843667ms)
  ✔ rejects index status that promotes a proposed ADR to accepted (0.732375ms)
  ✔ rejects an index link that does not target the indexed ADR file (0.670792ms)
  ✔ rejects Markdown files that evade the ADR or design-note filename contracts (0.752375ms)
  ✔ rejects stale cross-repository references that still use ADR-0022 for portability (0.8095ms)
  ✔ scans tracked IaC text for retired ADR identities (0.669125ms)
  ✔ rejects a proposed ADR whose prose claims active supersession (0.827583ms)
  ✔ rejects a proposed ADR whose subject ID claims active supersession in prose (0.699833ms)
  ✔ rejects a proposed ADR whose bold subject ID claims active supersession (0.627209ms)
  ✔ rejects a proposed ADR whose inline-code subject ID claims active supersession (0.577958ms)
  ✔ allows conditional proposal language and ADR references in a design-note index row (1.04275ms)
  ✔ rejects design notes without a valid parent ADR (0.648042ms)
  ✔ rejects issuing the reserved ADR-0013 number (0.732875ms)
✔ ADR governance gate (30.00225ms)
ℹ tests 29
ℹ suites 1
ℹ pass 29
ℹ fail 0
ℹ cancelled 0
ℹ skipped 0
ℹ todo 0
ℹ duration_ms 70.3795

── [fast] ADR governance gate  (cwd: .)
npm notice run check:adrs
npm notice run node scripts/check-adrs.mjs
ADR governance gate failed (1):
- docs/evidence/console/integration/2026-09-20-cedar-ci-and-readiness/candidate1085613a-verify.log:2153: ADR-0022 is the local-identity decision, not the portability/HA decision; use ADR-0024 or its DN-0001/DN-0002 notes

── [fast] Doc citations — every code citation must resolve  (cwd: .)
npm notice run check:doc-citations
npm notice run node scripts/console/verify-doc-citations.mjs docs/ideas/ecosystem-plan-DRAFT.md && node scripts/console/verify-doc-citations.mjs docs/program/false-green-gate-holes.md
RESOLVES — verifiable by grep
  ecosystem-plan-DRAFT.md:67  backend/crates/platform/authz/src/cedar_pbac/engine.rs  found "let action_uid = entity_uid("Action", request.action.feature().as_str())"
  ecosystem-plan-DRAFT.md:69  backend/crates/platform/authz/src/lib.rs  found "pub enum Feature"
  ecosystem-plan-DRAFT.md:69  backend/crates/platform/authz/src/lib.rs  found "const fn matrix_row"
  ecosystem-plan-DRAFT.md:74  backend/crates/platform/authz/src/lib.rs  found "pub enum Feature"
  ecosystem-plan-DRAFT.md:74  backend/crates/platform/db/migrations/0065_create_policy_roles.sql  found "CREATE TABLE feature_catalog"
  ecosystem-plan-DRAFT.md:75  backend/crates/platform/authz/src/lib.rs  found "pub enum Role"
  ecosystem-plan-DRAFT.md:76  backend/crates/platform/authz/src/lib.rs  found "const fn matrix_row"
  ecosystem-plan-DRAFT.md:82  backend/crates/platform/authz/src/cedar_pbac/engine.rs  found "Entity::new(subject_uid.clone(), subject_attrs, HashSet::new())"
  ecosystem-plan-DRAFT.md:83  backend/crates/platform/authz/src/cedar_pbac/engine.rs  found "Entity::new(resource_uid.clone(), resource_attrs, HashSet::new())"
  ecosystem-plan-DRAFT.md:83  backend/crates/platform/authz/src/cedar_pbac/engine.rs  found "Entities::from_entities([subject, resource_entity], Some(&bundle.schema))"
  ecosystem-plan-DRAFT.md:87  backend/crates/platform/authz/src/cedar_pbac/engine.rs  found "Entity::new"
  ecosystem-plan-DRAFT.md:87  backend/crates/platform/authz/src/cedar_pbac/engine.rs  found "Entities::from_entities"
  ecosystem-plan-DRAFT.md:92  backend/crates/platform/db/migrations/0002_create_users.sql  found "id UUID PRIMARY KEY"
  ecosystem-plan-DRAFT.md:93  backend/crates/platform/db/migrations/0034_enforce_org_id_rollout.sql  found "ADD CONSTRAINT users_id_org_key UNIQUE (id, org_id)"
  ecosystem-plan-DRAFT.md:94  backend/crates/platform/db/migrations/0063_create_employees.sql  found "id UUID PRIMARY KEY"
  ecosystem-plan-DRAFT.md:94  backend/crates/platform/db/migrations/0076_user_employee_link.sql  found "ADD CONSTRAINT employees_id_org_key UNIQUE (id, org_id)"
  ecosystem-plan-DRAFT.md:104  backend/crates/platform/db/migrations/0060_create_groups_and_membership.sql  found "user_id UUID NOT NULL REFERENCES users(id) ON DELETE CASCADE"
  ecosystem-plan-DRAFT.md:110  backend/crates/ontology/rest/tests/company_conformance/fixtures/org_unit.rs  found "key: "parent_org_unit_id""
  ecosystem-plan-DRAFT.md:120  backend/crates/platform/db/migrations/0162_create_notices.sql  found "FOREIGN KEY (recipient_user_id, org_id) REFERENCES users(id, org_id)"
  ecosystem-plan-DRAFT.md:121  backend/crates/platform/db/migrations/0153_create_governance.sql  found "FOREIGN KEY (approver_id, org_id)"
  ecosystem-plan-DRAFT.md:122  backend/crates/platform/db/migrations/0153_create_governance.sql  found "FOREIGN KEY (requested_by, org_id)"
  ecosystem-plan-DRAFT.md:129  backend/crates/platform/db/migrations/0102_create_object_types_and_links.sql  found "CREATE TABLE object_types"
  ecosystem-plan-DRAFT.md:129  backend/crates/platform/db/migrations/0102_create_object_types_and_links.sql  found "('person', 'Employee / person record')"
  ecosystem-plan-DRAFT.md:130  backend/crates/platform/db/migrations/0102_create_object_types_and_links.sql  found "('org_unit', 'Organizational unit (region/branch/worksite)')"
  ecosystem-plan-DRAFT.md:131  backend/crates/platform/db/migrations/0152_create_ontology_registry.sql  found "CREATE TABLE ont_object_types"
  ecosystem-plan-DRAFT.md:132  backend/crates/platform/db/migrations/0152_create_ontology_registry.sql  found "UNIQUE (org_id, stable_key, schema_version)"
  ecosystem-plan-DRAFT.md:134  backend/crates/platform/db/migrations/0115_seed_identity_object_kinds.sql  found "INSERT INTO object_types (kind, description) VALUES"
  ecosystem-plan-DRAFT.md:145  backend/crates/ontology/adapter-postgres/src/instances.rs  found "async fn list_projected_rows_tx"
  ecosystem-plan-DRAFT.md:148  backend/crates/platform/db/migrations/0152_create_ontology_registry.sql  found "CREATE TABLE ont_analytics"
  ecosystem-plan-DRAFT.md:154  docs/ideas/fanout-plan-DRAFT.md  found "Restating derived facts in prose across multiple documents"
  ecosystem-plan-DRAFT.md:164  backend/crates/platform/realtime/src/lib.rs  found "WebSocketUpgrade"
  ecosystem-plan-DRAFT.md:164  backend/crates/platform/realtime/src/lib.rs  found "pub struct PostgresMessageNotifier"
  ecosystem-plan-DRAFT.md:165  backend/crates/platform/realtime/src/lib.rs  found "pub struct PostgresNotificationNotifier"
  ecosystem-plan-DRAFT.md:165  backend/crates/platform/realtime/src/lib.rs  found "SELECT pg_notify($1, $2)"
  ecosystem-plan-DRAFT.md:166  backend/crates/platform/realtime/src/lib.rs  found "MESSAGE_POSTED_CHANNEL"
  ecosystem-plan-DRAFT.md:166  backend/crates/platform/realtime/src/lib.rs  found "MESSAGE_ACK_CHANNEL"
  ecosystem-plan-DRAFT.md:166  backend/crates/platform/realtime/src/lib.rs  found "NOTIFICATION_CREATED_CHANNEL"
  ecosystem-plan-DRAFT.md:166  backend/crates/platform/realtime/src/lib.rs  found "pub enum RealtimeEvent"
  ecosystem-plan-DRAFT.md:168  backend/crates/platform/realtime/src/lib.rs  found "pub const NOTIFY_PAYLOAD_LIMIT_BYTES: usize = 8000;"
  ecosystem-plan-DRAFT.md:174  backend/crates/platform/db/migrations/0012_create_messenger.sql  found "kind TEXT NOT NULL CHECK (kind IN ('work_order','team','dm','group'))"
  ecosystem-plan-DRAFT.md:175  backend/crates/platform/db/migrations/0012_create_messenger.sql  found "(kind = 'work_order' AND work_order_id IS NOT NULL)"
  ecosystem-plan-DRAFT.md:175  backend/crates/platform/db/migrations/0012_create_messenger.sql  found "CREATE UNIQUE INDEX idx_messenger_threads_work_order"
  ecosystem-plan-DRAFT.md:179  backend/crates/platform/db/migrations/0012_create_messenger.sql  found "CREATE TABLE messenger_thread_members"
  ecosystem-plan-DRAFT.md:185  backend/crates/platform/db/migrations/0065_create_policy_roles.sql  found "CREATE TABLE policy_assignment_preview_receipts"
  ecosystem-plan-DRAFT.md:191  backend/crates/platform/db/migrations/0065_create_policy_roles.sql  found "CREATE TABLE policy_versions"
  ecosystem-plan-DRAFT.md:199  backend/crates/ontology/adapter-postgres/src/instances.rs  found "async fn sync_property_links_tx"
  ecosystem-plan-DRAFT.md:202  backend/crates/ontology/adapter-postgres/src/instances.rs  found "for prop in props"
  ecosystem-plan-DRAFT.md:205  backend/crates/ontology/adapter-postgres/src/instances.rs  found "link.get("stable_key").and_then(serde_json::Value::as_str)"
  ecosystem-plan-DRAFT.md:206  backend/crates/ontology/adapter-postgres/src/instances.rs  found "SELECT id FROM ont_link_types WHERE object_type_id = $1 AND stable_key = $2"
  ecosystem-plan-DRAFT.md:208  backend/crates/ontology/adapter-postgres/src/instances.rs  found "JOIN ont_object_types t ON t.id = i.object_type_id"
  ecosystem-plan-DRAFT.md:209  backend/crates/ontology/adapter-postgres/src/instances.rs  found "Some(actual) if actual != to_type"
  ecosystem-plan-DRAFT.md:211  backend/crates/ontology/adapter-postgres/src/instances.rs  found "if link_type_ids.is_empty()"
  ecosystem-plan-DRAFT.md:223  backend/crates/ontology/adapter-postgres/src/instances.rs  found "pub async fn create_link"
  ecosystem-plan-DRAFT.md:223  backend/crates/ontology/adapter-postgres/src/instances.rs  found "INSERT INTO ont_links"
  ecosystem-plan-DRAFT.md:225  backend/crates/ontology/rest/src/lib.rs  found "pub const ONTOLOGY_ROUTE_PATHS: &[&str] = &["
  ecosystem-plan-DRAFT.md:235  backend/crates/ontology/rest/tests/company_conformance/fixtures/employment.rs  found ""link": {"stable_key": "employment_position", "to_type": "job_position"}"
  ecosystem-plan-DRAFT.md:235  backend/crates/ontology/rest/tests/company_conformance/fixtures/employment.rs  found ""link": {"stable_key": "employment_org_unit", "to_type": "org_unit"}"
  ecosystem-plan-DRAFT.md:241  backend/crates/ontology/adapter-postgres/src/lib.rs  found "fn validate_draft"
  ecosystem-plan-DRAFT.md:241  backend/crates/ontology/adapter-postgres/src/lib.rs  found "validate_draft(&draft)?"
  ecosystem-plan-DRAFT.md:242  backend/crates/ontology/adapter-postgres/src/lib.rs  found "duplicate link key {key:?} in object type draft"
  ecosystem-plan-DRAFT.md:251  backend/crates/platform/authz/src/cedar_pbac/residual.rs  found "// Deny-by-omission: no applicable permit ⇒ nothing is visible."
  ecosystem-plan-DRAFT.md:252  backend/crates/platform/authz/src/cedar_pbac/residual.rs  found "if permits.is_empty() { return ResidualFilter::deny_all(); }"
  ecosystem-plan-DRAFT.md:262  backend/crates/ontology/rest/src/lib.rs  found "pub const OBJECT_TYPE_LIFECYCLE_PATH"
  ecosystem-plan-DRAFT.md:263  backend/crates/ontology/rest/src/lib.rs  found "pub const OBJECT_TYPE_POLICIES_PATH"
  ecosystem-plan-DRAFT.md:273  backend/crates/ontology/rest/tests/object_policy_attach_as_runtime_role.rs  found "a row the list hides must not be fetchable by id"
  ecosystem-plan-DRAFT.md:292  backend/crates/platform/authz/src/lib.rs  found "pub const ALL: [Self; 96]"
  ecosystem-plan-DRAFT.md:293  docs/specs/rbac-configurable.md  found "System roles immutable; capability catalog fixed."
  ecosystem-plan-DRAFT.md:300  docs/specs/rbac-configurable.md  found "bootstrap columns for migration parity"
  ecosystem-plan-DRAFT.md:300  docs/specs/rbac-configurable.md  found "Every one of the 18 enumerated sites converts to a capability check"
  ecosystem-plan-DRAFT.md:305  backend/crates/platform/authz/src/lib.rs  found "pub async fn resolve_branch_scope_in_org"
  ecosystem-plan-DRAFT.md:318  backend/crates/platform/request-context/src/lib.rs  found "effective_branch_scope_for_tenant(BranchScope::All, access_scope, org_id)"
  ecosystem-plan-DRAFT.md:321  backend/crates/platform/realtime/src/lib.rs  found "slot.principal.user_id == recipient"
  ecosystem-plan-DRAFT.md:321  backend/crates/platform/realtime/src/lib.rs  found "slot.principal.branch_scope.allows(branch_id)"
  ecosystem-plan-DRAFT.md:335  docs/specs/rbac-configurable.md  found "Custom role definitions do **not** widen"
  ecosystem-plan-DRAFT.md:340  docs/specs/rbac-configurable.md  found "Custom role definitions do **not** widen"
  ecosystem-plan-DRAFT.md:341  docs/specs/rbac-configurable.md  found "No SQL/console path creates a new"
  ecosystem-plan-DRAFT.md:347  backend/crates/platform/platform-rest/src/lib.rs  found "async fn create_org"
  ecosystem-plan-DRAFT.md:352  docs/specs/rbac-configurable.md  found "Scope reach as policy:"
  ecosystem-plan-DRAFT.md:396  backend/crates/platform/db/migrations/0155_create_ontology_instances.sql  found "CREATE TABLE ont_instance_revisions"
  ecosystem-plan-DRAFT.md:399  backend/crates/platform/db/migrations/0155_create_ontology_instances.sql  found "CREATE OR REPLACE FUNCTION ont_instance_revisions_append_only()"
  ecosystem-plan-DRAFT.md:403  docs/program/console-program-ledger.md  found "every control trace remains"
  ecosystem-plan-DRAFT.md:404  docs/program/console-program-ledger.md  found "Epics (documented, later):"
  ecosystem-plan-DRAFT.md:417  backend/ci/gates/tenant-isolation/src/lib.rs  found "pub fn global_table_allowlist()"
  ecosystem-plan-DRAFT.md:417  backend/ci/gates/tenant-isolation/src/lib.rs  found ""canonical object-kind registry, seeded platform-wide, no tenant data""
  ecosystem-plan-DRAFT.md:418  backend/ci/gates/tenant-isolation/src/lib.rs  found "pub fn owner_only_table_allowlist()"
  ecosystem-plan-DRAFT.md:418  backend/ci/gates/tenant-isolation/src/lib.rs  found ""cross-tenant group membership authorization; resolver only""
  ecosystem-plan-DRAFT.md:419  backend/ci/gates/tenant-isolation/src/lib.rs  found "&& !global.contains(table.as_str())"
  ecosystem-plan-DRAFT.md:420  backend/crates/platform/db/migrations/0155_create_ontology_instances.sql  found "CREATE TABLE ont_instances"
  ecosystem-plan-DRAFT.md:420  backend/crates/platform/db/migrations/0155_create_ontology_instances.sql  found "CREATE TABLE ont_instance_revisions"
  ecosystem-plan-DRAFT.md:420  backend/crates/platform/db/migrations/0155_create_ontology_instances.sql  found "CREATE TABLE ont_links"
  ecosystem-plan-DRAFT.md:424  backend/ci/gates/tenant-isolation/src/lib.rs  found "no tenant data"
  ecosystem-plan-DRAFT.md:427  backend/ci/gates/tenant-isolation/src/lib.rs  found ""cross-tenant group role authorization; own-grants resolver only""
  ecosystem-plan-DRAFT.md:428  backend/crates/platform/db/migrations/0155_create_ontology_instances.sql  found "CREATE TABLE ont_instances"
  ecosystem-plan-DRAFT.md:430  backend/crates/platform/db/migrations/0155_create_ontology_instances.sql  found "FOREIGN KEY (from_instance_id, org_id) REFERENCES ont_instances(id, org_id) ON DELETE CASCADE,"
  ecosystem-plan-DRAFT.md:431  backend/crates/platform/db/migrations/0155_create_ontology_instances.sql  found "FOREIGN KEY (to_instance_id, org_id) REFERENCES ont_instances(id, org_id)"
  ecosystem-plan-DRAFT.md:440  backend/crates/platform/db/migrations/0152_create_ontology_registry.sql  found "backing_kind TEXT NOT NULL CHECK (backing_kind IN ('projected','instance'))"
  ecosystem-plan-DRAFT.md:441  backend/crates/platform/db/migrations/0152_create_ontology_registry.sql  found "(backing_kind = 'projected' AND backing_table IS NOT NULL AND primary_key_property IS NOT NULL)"
  ecosystem-plan-DRAFT.md:442  backend/crates/ontology/adapter-postgres/src/instances.rs  found "fn allowlisted_projected_table"
  ecosystem-plan-DRAFT.md:443  backend/crates/ontology/adapter-postgres/src/instances.rs  found "async fn list_projected_rows_tx"
  ecosystem-plan-DRAFT.md:444  backend/crates/ontology/adapter-postgres/src/instances.rs  found "owns no store of its own"
  ecosystem-plan-DRAFT.md:448  backend/crates/ontology/adapter-postgres/src/instances.rs  found "fn allowlisted_projected_table"
  ecosystem-plan-DRAFT.md:467  backend/crates/platform/db/migrations/0060_create_groups_and_membership.sql  found "CREATE OR REPLACE FUNCTION group_role_grants_for_user(p_user UUID)"
  ecosystem-plan-DRAFT.md:468  backend/crates/platform/db/migrations/0102_create_object_types_and_links.sql  found "CREATE TABLE object_links"
  ecosystem-plan-DRAFT.md:468  backend/crates/platform/authz-rest/src/store.rs  found "pub async fn load_enforced_object_policy_blocks"
  ecosystem-plan-DRAFT.md:503  backend/ci/gates/tenant-isolation/src/lib.rs  found "no tenant data"
  ecosystem-plan-DRAFT.md:517  backend/crates/platform/db/migrations/0076_user_employee_link.sql  found "ADD COLUMN employee_id UUID;"
  ecosystem-plan-DRAFT.md:518  backend/crates/platform/db/migrations/0076_user_employee_link.sql  found "CREATE UNIQUE INDEX users_org_employee_unique_idx"
  ecosystem-plan-DRAFT.md:519  backend/crates/platform/db/migrations/0076_user_employee_link.sql  found "HAVING count(*) = 1"
  ecosystem-plan-DRAFT.md:520  backend/crates/platform/db/migrations/0075_employee_identity_resolution.sql  found "ADD COLUMN identity_resolution_strategy"
  ecosystem-plan-DRAFT.md:520  backend/crates/platform/db/migrations/0075_employee_identity_resolution.sql  found "ADD COLUMN identity_resolution_confidence"
  ecosystem-plan-DRAFT.md:550  backend/crates/platform/db/migrations/0003_create_audit_events.sql  found "CREATE TABLE audit_events"
  ecosystem-plan-DRAFT.md:552  backend/ci/gates/tenant-isolation/src/lib.rs  found "ViolationKind::UnclassifiedTable"
  ecosystem-plan-DRAFT.md:553  backend/crates/platform/db/migrations/0155_create_ontology_instances.sql  found "CREATE TABLE ont_instance_revisions"
  ecosystem-plan-DRAFT.md:554  backend/crates/platform/db/migrations/0155_create_ontology_instances.sql  found "CHECK (lifecycle_state IN ('draft','active','locked','archived','disposed'))"
  ecosystem-plan-DRAFT.md:555  backend/crates/platform/db/migrations/0152_create_ontology_registry.sql  found "title_property_key TEXT NULL"
  ecosystem-plan-DRAFT.md:555  backend/crates/platform/db/migrations/0102_create_object_types_and_links.sql  found "kind TEXT PRIMARY KEY"
  ecosystem-plan-DRAFT.md:556  backend/crates/platform/db/migrations/0102_create_object_types_and_links.sql  found "CREATE TABLE object_links"
  ecosystem-plan-DRAFT.md:558  backend/crates/platform/db/migrations/0012_create_messenger.sql  found "CHECK (kind IN ('work_order','team','dm','group'))"
  ecosystem-plan-DRAFT.md:562  backend/crates/platform/db/migrations/0152_create_ontology_registry.sql  found "CREATE TABLE ont_analytics"
  ecosystem-plan-DRAFT.md:583  backend/crates/ontology/rest/src/lib.rs  found "get(list_object_types).post(create_object_type)"
  ecosystem-plan-DRAFT.md:583  backend/crates/ontology/rest/src/lib.rs  found "get(get_object_type).put(stage_object_type_revision)"
  ecosystem-plan-DRAFT.md:584  backend/crates/ontology/rest/src/lib.rs  found "pub const OBJECT_TYPE_LIFECYCLE_PATH"
  ecosystem-plan-DRAFT.md:585  backend/crates/ontology/rest/src/lib.rs  found "pub const OBJECT_TYPE_POLICIES_PATH"
  ecosystem-plan-DRAFT.md:590  backend/crates/ontology/adapter-postgres/src/instances.rs  found "fn allowlisted_projected_table"
  ecosystem-plan-DRAFT.md:591  backend/crates/ontology/rest/src/lib.rs  found "pub struct ProjectedDispatchRegistry {"
  ecosystem-plan-DRAFT.md:592  backend/crates/platform/authz/src/cedar_pbac/authoring.rs  found "const AUTHORING_ACTIONS: &[&str] = &["
  ecosystem-plan-DRAFT.md:607  docs/decisions/notes/DN-0003-adr-0025-operational-object-runtime.md  found "Every consequential mutation is an Action."
  ecosystem-plan-DRAFT.md:608  backend/crates/ontology/adapter-postgres/src/instances.rs  found "owns no store of its own"
  ecosystem-plan-DRAFT.md:611  backend/crates/ontology/adapter-postgres/src/instances.rs  found "This is a READ-ONLY view"
  ecosystem-plan-DRAFT.md:620  backend/crates/platform/db/migrations/0003_create_audit_events.sql  found "CREATE TABLE audit_events"
  ecosystem-plan-DRAFT.md:620  backend/crates/platform/db/migrations/0032_add_org_id_columns_rollout.sql  found "ALTER TABLE audit_events ADD COLUMN org_id UUID;"
  ecosystem-plan-DRAFT.md:621  backend/crates/platform/db/migrations/0149_add_audit_context_classification.sql  found "ADD COLUMN classification_badges TEXT[],"
  ecosystem-plan-DRAFT.md:623  backend/crates/platform/db/migrations/0003_create_audit_events.sql  found "actor UUID REFERENCES users(id)"
  ecosystem-plan-DRAFT.md:623  backend/crates/platform/db/migrations/0003_create_audit_events.sql  found "action TEXT NOT NULL CHECK"
  ecosystem-plan-DRAFT.md:623  backend/crates/platform/db/migrations/0003_create_audit_events.sql  found "target_type TEXT NOT NULL"
  ecosystem-plan-DRAFT.md:623  backend/crates/platform/db/migrations/0003_create_audit_events.sql  found "target_id TEXT NOT NULL"
  ecosystem-plan-DRAFT.md:624  backend/crates/platform/db/migrations/0003_create_audit_events.sql  found "branch_id UUID REFERENCES branches(id)"
  ecosystem-plan-DRAFT.md:624  backend/crates/platform/db/migrations/0003_create_audit_events.sql  found "before_snap JSONB"
  ecosystem-plan-DRAFT.md:624  backend/crates/platform/db/migrations/0003_create_audit_events.sql  found "after_snap JSONB"
  ecosystem-plan-DRAFT.md:624  backend/crates/platform/db/migrations/0003_create_audit_events.sql  found "trace_id CHAR(32)"
  ecosystem-plan-DRAFT.md:624  backend/crates/platform/db/migrations/0003_create_audit_events.sql  found "span_id CHAR(16)"
  ecosystem-plan-DRAFT.md:625  backend/crates/platform/db/migrations/0003_create_audit_events.sql  found "occurred_at TIMESTAMPTZ NOT NULL,"
  ecosystem-plan-DRAFT.md:625  backend/crates/platform/db/migrations/0149_add_audit_context_classification.sql  found "ADD COLUMN reason TEXT;"
  ecosystem-plan-DRAFT.md:644  backend/ci/gates/migration-safety/src/lib.rs  found "fn built_in_audited_tables"
  ecosystem-plan-DRAFT.md:649  backend/ci/gates/migration-safety/src/lib.rs  found "fn discover_audited_tables"
  ecosystem-plan-DRAFT.md:651  backend/crates/platform/db/migrations/0164_bind_consume_four_eyes.sql  found "ADD COLUMN target_ref UUID;"
  ecosystem-plan-DRAFT.md:658  backend/crates/platform/db/migrations/0149_add_audit_context_classification.sql  found "ADD COLUMN classification_badges TEXT[],"
  ecosystem-plan-DRAFT.md:660  backend/crates/kernel/core/src/audit.rs  found "pub struct AuditEvent"
  ecosystem-plan-DRAFT.md:677  docs/specs/org-editor-primitives-ux.md  found "Section 4 defines Group/HQ, Organization, OrgUnit"
  ecosystem-plan-DRAFT.md:680  docs/specs/org-editor-primitives-ux.md  found "A Person is not automatically an Employee"
  ecosystem-plan-DRAFT.md:682  docs/specs/org-editor-primitives-ux.md  found "Today several concepts still appear as strings or partial views"
  ecosystem-plan-DRAFT.md:702  backend/crates/ontology/adapter-postgres/src/seed.rs  found "pub const POSITION_KEY: &str = "position";"
  ecosystem-plan-DRAFT.md:725  backend/crates/platform/db/migrations/0036_platform_onboarding.sql  found "'00000000-0000-0000-0000-00000000face'::uuid,"
  ecosystem-plan-DRAFT.md:727  backend/crates/platform/db/migrations/0036_platform_onboarding.sql  found "The platform sentinel needs an"
  ecosystem-plan-DRAFT.md:729  backend/crates/platform/db/migrations/0036_platform_onboarding.sql  found "WHERE o.id <> '00000000-0000-0000-0000-00000000face'::uuid;"
  ecosystem-plan-DRAFT.md:730  backend/crates/platform/db/migrations/0051_platform_remove_organization.sql  found "UPDATE audit_events"
  ecosystem-plan-DRAFT.md:735  docs/decisions/notes/DN-0003-adr-0025-operational-object-runtime.md  found "Denied data is omitted, including counts and relationship existence."
  ecosystem-plan-DRAFT.md:757  backend/crates/platform/db/migrations/0155_create_ontology_instances.sql  found "CREATE TABLE ont_instances"
  ecosystem-plan-DRAFT.md:770  backend/ci/gates/migration-safety/src/lib.rs  found "fn built_in_audited_tables"
  ecosystem-plan-DRAFT.md:787  backend/crates/platform/db/migrations/0075_employee_identity_resolution.sql  found "CHECK (identity_name_only_merge = FALSE)"
  ecosystem-plan-DRAFT.md:791  backend/crates/platform/db/migrations/0036_platform_onboarding.sql  found "'00000000-0000-0000-0000-00000000face'::uuid,"
  ecosystem-plan-DRAFT.md:821  backend/crates/kernel/core/src/access_scope.rs  found "pub enum AccessScopeLevel"
  ecosystem-plan-DRAFT.md:833  backend/crates/kernel/core/src/access_scope.rs  found "pub fn branch_scope_for_org"
  ecosystem-plan-DRAFT.md:834  backend/crates/platform/authz/src/lib.rs  found "pub fn effective_branch_scope_for_tenant"
  ecosystem-plan-DRAFT.md:837  backend/crates/platform/db/migrations/0065_create_policy_roles.sql  found "'department',"
  ecosystem-plan-DRAFT.md:838  backend/crates/platform/authz/src/lib.rs  found "match condition.attribute.as_str()"
  ecosystem-plan-DRAFT.md:853  backend/crates/platform/db/migrations/0155_create_ontology_instances.sql  found "CREATE TABLE ont_instances"
  ecosystem-plan-DRAFT.md:863  backend/ci/gates/tenant-isolation/src/lib.rs  found "pub fn owner_only_table_allowlist"
  ecosystem-plan-DRAFT.md:883  backend/crates/platform/db/migrations/0164_bind_consume_four_eyes.sql  found "ALTER TABLE gov_approvals         ADD COLUMN target_ref UUID;"
  ecosystem-plan-DRAFT.md:884  backend/crates/platform/db/migrations/0164_bind_consume_four_eyes.sql  found "ALTER TABLE gov_approval_requests ADD COLUMN target_ref UUID;"
  ecosystem-plan-DRAFT.md:888  backend/crates/platform/db/migrations/0153_create_governance.sql  found "CHECK (approver_id <> requested_by)"
  ecosystem-plan-DRAFT.md:890  backend/crates/platform/db/migrations/0153_create_governance.sql  found "CHECK (approver_id <> requested_by)"
  ecosystem-plan-DRAFT.md:890  backend/crates/platform/db/migrations/0122_create_leave_requests.sql  found "CHECK (decided_by IS NULL OR decided_by <> requester_user_id)"
  ecosystem-plan-DRAFT.md:891  backend/crates/platform/db/migrations/0163_finance_gl_voucher_sod.sql  found "approved_by IS NOT NULL AND approved_by <> created_by"
  ecosystem-plan-DRAFT.md:891  backend/crates/platform/db/migrations/0186_payroll_run_lifecycle.sql  found "CHECK (decided_by IS NULL OR submitted_by IS NULL OR decided_by <> submitted_by);"
  ecosystem-plan-DRAFT.md:892  backend/crates/platform/db/migrations/0191_create_inventory_cycle_counts.sql  found "CHECK (decided_by IS NULL OR decided_by <> submitted_by),"
  ecosystem-plan-DRAFT.md:903  backend/crates/ontology/adapter-postgres/src/instances.rs  found "fn allowlisted_projected_table"
  ecosystem-plan-DRAFT.md:904  backend/crates/ontology/adapter-postgres/src/instances.rs  found ""work_orders" => "work_orders","
  ecosystem-plan-DRAFT.md:904  backend/crates/ontology/adapter-postgres/src/instances.rs  found ""employees" => "employees","
  ecosystem-plan-DRAFT.md:915  backend/crates/platform/db/migrations/0147_ceo_covert_audit_stream.sql  found "CREATE TABLE clearance_assignments"
  ecosystem-plan-DRAFT.md:921  backend/crates/platform/db/migrations/0076_user_employee_link.sql  found "ADD CONSTRAINT users_employee_same_org_fk"
  ecosystem-plan-DRAFT.md:923  backend/crates/platform/db/migrations/0063_create_employees.sql  found "CREATE POLICY org_isolation ON employees"
  ecosystem-plan-DRAFT.md:944  backend/crates/platform/db/migrations/0155_create_ontology_instances.sql  found "CREATE TABLE ont_instance_revisions"
  ecosystem-plan-DRAFT.md:950  backend/crates/platform/db/migrations/0155_create_ontology_instances.sql  found "CREATE TABLE ont_instance_revisions"
  ecosystem-plan-DRAFT.md:950  backend/crates/platform/db/migrations/0153_create_governance.sql  found "FOREIGN KEY (approver_id, org_id) REFERENCES users(id, org_id) ON DELETE RESTRICT"
  ecosystem-plan-DRAFT.md:951  backend/crates/platform/db/migrations/0153_create_governance.sql  found "CHECK (approver_id <> requested_by)"
  ecosystem-plan-DRAFT.md:951  backend/crates/platform/db/migrations/0153_create_governance.sql  found "UNIQUE (org_id, request_ref),"
  ecosystem-plan-DRAFT.md:957  backend/crates/platform/db/migrations/0155_create_ontology_instances.sql  found "FOREIGN KEY (to_instance_id, org_id) REFERENCES ont_instances(id, org_id)"
  ecosystem-plan-DRAFT.md:959  backend/crates/platform/db/migrations/0187_create_recruiting.sql  found "position_ref TEXT,"
  ecosystem-plan-DRAFT.md:964  backend/crates/platform/db/migrations/0187_create_recruiting.sql  found "worksite TEXT NOT NULL CHECK (btrim(worksite) <> '')"
  ecosystem-plan-DRAFT.md:965  backend/crates/ontology/rest/tests/company_conformance/fixtures/employment.rs  found "title_property_key: Some("person_name".to_owned())"
  ecosystem-plan-DRAFT.md:966  backend/crates/ontology/rest/tests/company_conformance/fixtures/employment.rs  found "key: "person_name".to_owned(),"
  ecosystem-plan-DRAFT.md:980  docs/specs/org-hierarchy.md  found "P0 schema/resolvers IMPLEMENTED"
  ecosystem-plan-DRAFT.md:986  docs/specs/org-hierarchy.md  found "resolved at login from the principal's assignment + carried in the JWT."
  ecosystem-plan-DRAFT.md:987  docs/specs/org-hierarchy.md  found "A GroupFeature NEVER confers a tenant Feature"
  ecosystem-plan-DRAFT.md:991  docs/specs/org-hierarchy.md  found "PRIMARY KEY (group_id, org_id), UNIQUE (org_id));"
  ecosystem-plan-DRAFT.md:993  docs/specs/org-hierarchy.md  found "is OUT of scope here (Track C)"
  ecosystem-plan-DRAFT.md:1021  docs/decisions/notes/DN-0003-adr-0025-operational-object-runtime.md  found "Denied data is omitted, including counts and relationship existence."
  ecosystem-plan-DRAFT.md:1036  backend/crates/platform/db/migrations/0060_create_groups_and_membership.sql  found "CREATE OR REPLACE FUNCTION group_role_grants_for_user(p_user UUID)"
  ecosystem-plan-DRAFT.md:1038  backend/crates/platform/db/migrations/0060_create_groups_and_membership.sql  found "EXCEPTION WHEN OTHERS THEN"
  ecosystem-plan-DRAFT.md:1041  backend/ci/gates/rls-arming/src/lib.rs  found "const ALLOW_MARKER: &str = "rls-arming: ok";"
  ecosystem-plan-DRAFT.md:1044  backend/crates/platform/db/migrations/0060_create_groups_and_membership.sql  found "CREATE OR REPLACE FUNCTION group_role_grants_for_user(p_user UUID)"
  ecosystem-plan-DRAFT.md:1054  backend/crates/ontology/domain/src/lib.rs  found "pub enum LinkCardinality"
  ecosystem-plan-DRAFT.md:1055  backend/crates/platform/db/migrations/0152_create_ontology_registry.sql  found "cardinality TEXT NOT NULL CHECK (cardinality IN ('one_one','one_many','many_many'))"
  ecosystem-plan-DRAFT.md:1078  backend/crates/platform/db/migrations/0102_create_object_types_and_links.sql  found "('person', 'Employee / person record')"
  ecosystem-plan-DRAFT.md:1090  backend/crates/ontology/adapter-postgres/src/instances.rs  found "pub async fn create_link"
  ecosystem-plan-DRAFT.md:1090  backend/crates/ontology/adapter-postgres/src/instances.rs  found "INSERT INTO ont_links ("
  ecosystem-plan-DRAFT.md:1096  backend/crates/platform/db/migrations/0155_create_ontology_instances.sql  found "FOREIGN KEY (from_instance_id, org_id) REFERENCES ont_instances(id, org_id)"
  ecosystem-plan-DRAFT.md:1103  backend/crates/kernel/core/src/access_scope.rs  found "pub enum AccessScopeLevel"
  ecosystem-plan-DRAFT.md:1104  backend/crates/kernel/core/src/access_scope.rs  found "pub struct AccessScope"
  ecosystem-plan-DRAFT.md:1105  docs/specs/org-hierarchy.md  found "level ∈ {Group,Org,Region,Branch,Worksite}"
  ecosystem-plan-DRAFT.md:1113  backend/crates/ontology/adapter-postgres/src/instances.rs  found "This is a READ-ONLY view"
  ecosystem-plan-DRAFT.md:1129  backend/crates/platform/db/migrations/0102_create_object_types_and_links.sql  found "CREATE TABLE object_links"
  ecosystem-plan-DRAFT.md:1131  backend/crates/platform/db/migrations/0102_create_object_types_and_links.sql  found "src_id TEXT NOT NULL CHECK (char_length(btrim(src_id)) BETWEEN 1 AND 200)"
  ecosystem-plan-DRAFT.md:1131  backend/crates/platform/db/migrations/0102_create_object_types_and_links.sql  found "dst_id TEXT NOT NULL CHECK (char_length(btrim(dst_id)) BETWEEN 1 AND 200)"
  ecosystem-plan-DRAFT.md:1133  backend/crates/platform/db/migrations/0102_create_object_types_and_links.sql  found "UNIQUE (org_id, src_kind, src_id, dst_kind, dst_id, link_type)"
  ecosystem-plan-DRAFT.md:1134  backend/crates/platform/db/migrations/0102_create_object_types_and_links.sql  found "('person', 'Employee / person record')"
  ecosystem-plan-DRAFT.md:1134  backend/crates/platform/db/migrations/0102_create_object_types_and_links.sql  found "('org_unit', 'Organizational unit (region/branch/worksite)')"
  ecosystem-plan-DRAFT.md:1136  backend/crates/platform/db/migrations/0102_create_object_types_and_links.sql  found "link_type TEXT NOT NULL CHECK (link_type ~ '^[a-z][a-z0-9_]{1,63}$')"
  ecosystem-plan-DRAFT.md:1137  backend/crates/platform/db/migrations/0130_create_link_types.sql  found "INSERT INTO link_types (link_type, description) VALUES"
  ecosystem-plan-DRAFT.md:1138  backend/crates/platform/db/migrations/0130_create_link_types.sql  found "GRANT SELECT ON link_types TO console_rt;"
  ecosystem-plan-DRAFT.md:1139  backend/crates/platform/db/migrations/0130_create_link_types.sql  found "ADD CONSTRAINT object_links_link_type_fkey"
  ecosystem-plan-DRAFT.md:1139  backend/crates/platform/db/migrations/0132_validate_object_links_link_type_fkey.sql  found "VALIDATE CONSTRAINT object_links_link_type_fkey;"
  ecosystem-plan-DRAFT.md:1148  backend/crates/platform/db/migrations/0102_create_object_types_and_links.sql  found "('person', 'Employee / person record')"
  ecosystem-plan-DRAFT.md:1155  backend/crates/platform/db/migrations/0008_create_work_orders.sql  found "step_order SMALLINT NOT NULL CHECK (step_order BETWEEN 1 AND 3)"
  ecosystem-plan-DRAFT.md:1170  backend/crates/platform/db/migrations/0008_create_work_orders.sql  found "step_order SMALLINT NOT NULL CHECK (step_order BETWEEN 1 AND 3)"
  ecosystem-plan-DRAFT.md:1170  backend/crates/platform/db/migrations/0008_create_work_orders.sql  found "role TEXT NOT NULL CHECK (role IN ('MECHANIC','ADMIN','EXECUTIVE'))"
  ecosystem-plan-DRAFT.md:1170  backend/crates/platform/db/migrations/0008_create_work_orders.sql  found "UNIQUE (work_order_id, role),"
  ecosystem-plan-DRAFT.md:1171  backend/crates/platform/db/migrations/0153_create_governance.sql  found "FOREIGN KEY (approver_id, org_id) REFERENCES users(id, org_id) ON DELETE RESTRICT"
  ecosystem-plan-DRAFT.md:1171  backend/crates/platform/db/migrations/0153_create_governance.sql  found "FOREIGN KEY (requested_by, org_id) REFERENCES users(id, org_id) ON DELETE RESTRICT"
  ecosystem-plan-DRAFT.md:1171  backend/crates/platform/db/migrations/0153_create_governance.sql  found "UNIQUE (org_id, request_ref),"
  ecosystem-plan-DRAFT.md:1172  backend/crates/platform/db/migrations/0065_create_policy_roles.sql  found "attribute         TEXT        NOT NULL CHECK (attribute IN ("
  ecosystem-plan-DRAFT.md:1172  backend/crates/platform/db/migrations/0065_create_policy_roles.sql  found "operator TEXT NOT NULL CHECK (operator IN ('equals','not_equals','in'))"
  ecosystem-plan-DRAFT.md:1172  backend/crates/platform/authz/src/lib.rs  found "match condition.attribute.as_str()"
  ecosystem-plan-DRAFT.md:1173  backend/crates/platform/db/migrations/0162_create_notices.sql  found "CREATE TABLE notice_receipts"
  ecosystem-plan-DRAFT.md:1173  backend/crates/platform/db/migrations/0162_create_notices.sql  found "status TEXT NOT NULL DEFAULT 'draft' CHECK (status IN ('draft', 'published'))"
  ecosystem-plan-DRAFT.md:1173  backend/crates/platform/db/migrations/0162_create_notices.sql  found "FOREIGN KEY (recipient_user_id, org_id) REFERENCES users(id, org_id) ON DELETE RESTRICT"
  ecosystem-plan-DRAFT.md:1179  backend/crates/platform/authz/src/lib.rs  found "let mut effective_scopes_by_role = BTreeMap::new();"
  ecosystem-plan-DRAFT.md:1182  backend/crates/platform/db/migrations/0065_create_policy_roles.sql  found "unsupported conditions remain review/audit"
  ecosystem-plan-DRAFT.md:1187  backend/crates/platform/authz/src/lib.rs  found "if !team_condition_matches(user_team, &condition.condition_values)"
  ecosystem-plan-DRAFT.md:1192  backend/crates/platform/db/migrations/0065_create_policy_roles.sql  found "attribute         TEXT        NOT NULL CHECK (attribute IN ("
  ecosystem-plan-DRAFT.md:1205  backend/crates/orgchange/adapter-postgres/src/lib.rs  found "VALUES ($1, $2, 'org_change_step', $3, $4, $5, $6)"
  ecosystem-plan-DRAFT.md:1212  backend/crates/platform/db/migrations/0153_create_governance.sql  found "UNIQUE (org_id, request_ref),                 -- one decision per request"
  ecosystem-plan-DRAFT.md:1219  backend/crates/platform/db/migrations/0153_create_governance.sql  found "FOREIGN KEY (approver_id, org_id) REFERENCES users(id, org_id) ON DELETE RESTRICT"
  ecosystem-plan-DRAFT.md:1224  backend/crates/notices/adapter-postgres/src/lib.rs  found "let snapshot_sql = if audience_scope == "branches""
  ecosystem-plan-DRAFT.md:1234  backend/crates/platform/db/migrations/0162_create_notices.sql  found "-- console-gate: audited-table notices"
  ecosystem-plan-DRAFT.md:1235  backend/crates/platform/db/migrations/0162_create_notices.sql  found "-- console-gate: audited-table notice_receipts"
  ecosystem-plan-DRAFT.md:1236  backend/ci/gates/migration-safety/src/lib.rs  found "fn discover_audited_tables"
  ecosystem-plan-DRAFT.md:1238  backend/crates/platform/db/migrations/0162_create_notices.sql  found "recipient_user_id  UUID        NOT NULL,"
  ecosystem-plan-DRAFT.md:1336  backend/app/src/objects.rs  found "byte-identical to "not found"/"not visible", so no"
  ecosystem-plan-DRAFT.md:1338  docs/decisions/notes/DN-0003-adr-0025-operational-object-runtime.md  found "Denied data is omitted, including counts and relationship existence."
  ecosystem-plan-DRAFT.md:1344  backend/crates/platform/db/migrations/0102_create_object_types_and_links.sql  found "src_id TEXT NOT NULL CHECK (char_length(btrim(src_id)) BETWEEN 1 AND 200)"
  ecosystem-plan-DRAFT.md:1344  backend/crates/platform/db/migrations/0102_create_object_types_and_links.sql  found "dst_id TEXT NOT NULL CHECK (char_length(btrim(dst_id)) BETWEEN 1 AND 200)"
  ecosystem-plan-DRAFT.md:1360  backend/crates/ontology/domain/src/lib.rs  found "pub enum ActionDispatch"
  ecosystem-plan-DRAFT.md:1361  backend/crates/platform/db/migrations/0152_create_ontology_registry.sql  found "dispatch TEXT NOT NULL CHECK (dispatch IN ('projected_usecase','instance_revision'))"
  ecosystem-plan-DRAFT.md:1369  backend/crates/platform/db/migrations/0155_create_ontology_instances.sql  found "row_hash        CHAR(64)    NOT NULL,"
  ecosystem-plan-DRAFT.md:1369  backend/crates/platform/db/migrations/0155_create_ontology_instances.sql  found "CREATE UNIQUE INDEX idx_ont_instance_revisions_one_open"
  ecosystem-plan-DRAFT.md:1369  backend/crates/platform/db/migrations/0155_create_ontology_instances.sql  found "CREATE INDEX idx_ont_instance_revisions_asof"
  ecosystem-plan-DRAFT.md:1386  backend/crates/platform/authz/src/cedar_pbac/engine.rs  found "let subject_attrs = HashMap::from(["
  ecosystem-plan-DRAFT.md:1387  backend/crates/platform/authz/src/cedar_pbac/engine.rs  found "let mut resource_attrs = HashMap::from(["
  ecosystem-plan-DRAFT.md:1387  backend/crates/platform/authz/src/cedar_pbac/engine.rs  found "entity_uid("Action", request.action.feature().as_str())"
  ecosystem-plan-DRAFT.md:1393  backend/crates/platform/authz/src/cedar_pbac/engine.rs  found "let schema = Schema::from_str(schema_src)"
  ecosystem-plan-DRAFT.md:1394  backend/crates/platform/authz/src/cedar_pbac/engine.rs  found "Entities::from_entities([subject, resource_entity], Some(&bundle.schema))"
  ecosystem-plan-DRAFT.md:1402  backend/crates/platform/authz/src/cedar_pbac/engine.rs  found "Entity::new(subject_uid.clone(), subject_attrs, HashSet::new())"
  ecosystem-plan-DRAFT.md:1402  backend/crates/platform/authz/src/cedar_pbac/engine.rs  found "Entity::new(resource_uid.clone(), resource_attrs, HashSet::new())"
  ecosystem-plan-DRAFT.md:1403  backend/crates/platform/authz/src/cedar_pbac/engine.rs  found "Entities::from_entities([subject, resource_entity], Some(&bundle.schema))"
  ecosystem-plan-DRAFT.md:1410  backend/crates/ontology/adapter-postgres/src/instances.rs  found "async fn sync_property_links_tx"
  ecosystem-plan-DRAFT.md:1410  backend/crates/ontology/adapter-postgres/src/instances.rs  found "sync_property_links_tx("
  ecosystem-plan-DRAFT.md:1411  backend/crates/ontology/adapter-postgres/src/instances.rs  found "async fn resolve_derived_attributes_tx"
  ecosystem-plan-DRAFT.md:1411  backend/crates/ontology/adapter-postgres/src/instances.rs  found "resolve_derived_attributes_tx(tx, &props, &mut attributes, valid_from).await?;"
  ecosystem-plan-DRAFT.md:1412  backend/crates/platform/db/migrations/0165_ontology_object_type_key_revisions.sql  found "IF p_to_state = 'published' AND v_backing_kind = 'instance'"
  ecosystem-plan-DRAFT.md:1418  backend/crates/ontology/adapter-postgres/src/instances.rs  found "if op != "sum""
  ecosystem-plan-DRAFT.md:1436  backend/crates/platform/db/migrations/0012_create_messenger.sql  found "CHECK (kind IN ('work_order','team','dm','group'))"
  ecosystem-plan-DRAFT.md:1470  docs/ideas/research-sap.md  found "Approval authority as an intersection of process config and role assignment"
  ecosystem-plan-DRAFT.md:1494  backend/crates/platform/db/migrations/0159_create_cedar_decision_log.sql  found "determining_policies JSONB       NOT NULL DEFAULT '[]'::jsonb"
  ecosystem-plan-DRAFT.md:1494  backend/crates/platform/db/migrations/0159_create_cedar_decision_log.sql  found "(empty on deny-by-omission)"
  ecosystem-plan-DRAFT.md:1497  backend/crates/platform/db/migrations/0065_create_policy_roles.sql  found "CREATE TABLE policy_assignment_preview_receipts"
  ecosystem-plan-DRAFT.md:1497  backend/crates/platform/authz/src/cedar_pbac/authoring.rs  found "simulate_inner"
  ecosystem-plan-DRAFT.md:1497  docs/decisions/ADR-0023-oyatie-console-authority.md  found "read-only NL rows + simulation and defers the canvas"
  ecosystem-plan-DRAFT.md:1498  backend/crates/platform/db/migrations/0152_create_ontology_registry.sql  found "title_property_key TEXT NULL"
  ecosystem-plan-DRAFT.md:1498  backend/crates/platform/db/migrations/0155_create_ontology_instances.sql  found "title                 TEXT        NOT NULL CHECK (char_length(title) BETWEEN 1 AND 200),"
  ecosystem-plan-DRAFT.md:1500  backend/crates/platform/db/migrations/0012_create_messenger.sql  found "CREATE TABLE messenger_thread_members"
  ecosystem-plan-DRAFT.md:1502  backend/crates/platform/db/migrations/0012_create_messenger.sql  found "CREATE INDEX idx_messenger_thread_members_user"
  ecosystem-plan-DRAFT.md:1504  backend/crates/platform/db/migrations/0012_create_messenger.sql  found "work_order_id UUID        REFERENCES work_orders(id) ON DELETE CASCADE,"
  ecosystem-plan-DRAFT.md:1523  backend/crates/platform/db/migrations/0147_ceo_covert_audit_stream.sql  found "sensitivity    TEXT        NOT NULL CHECK (sensitivity IN ('STANDARD','COVERT','CEO_COVERT')),"
  ecosystem-plan-DRAFT.md:1524  backend/crates/platform/db/migrations/0147_ceo_covert_audit_stream.sql  found "CREATE TABLE clearance_assignments"
  ecosystem-plan-DRAFT.md:1541  backend/crates/platform/platform-rest/src/lib.rs  found ".authorize(PlatformFeature::TenantCreate)"
  ecosystem-plan-DRAFT.md:1541  backend/crates/platform/platform-rest/src/lib.rs  found ".route(PLATFORM_ORGS_PATH, get(list_orgs).post(create_org))"
  ecosystem-plan-DRAFT.md:1543  backend/crates/platform/platform-rest/src/lib.rs  found "async fn create_org"
  ecosystem-plan-DRAFT.md:1549  backend/crates/platform/db/migrations/0153_create_governance.sql  found "CREATE TABLE gov_approvals"
  ecosystem-plan-DRAFT.md:1554  backend/crates/platform/authz-rest/src/store.rs  found "pub async fn load_enforced_object_policy_blocks"
  ecosystem-plan-DRAFT.md:1555  backend/crates/platform/db/migrations/0205_ont_policy_api_attach_writer.sql  found "Delete any one of the"
  ecosystem-plan-DRAFT.md:1572  backend/crates/platform/db/migrations/0155_create_ontology_instances.sql  found "prev_hash       CHAR(64)    NOT NULL,"
  ecosystem-plan-DRAFT.md:1581  backend/crates/ontology/adapter-postgres/src/instances.rs  found "KNOWN DEFECT, PRE-EXISTING, NOT INTRODUCED BY THE DERIVATION ABOVE"
  ecosystem-plan-DRAFT.md:1586  backend/Cargo.lock  found ""indexmap 2.14.0","
  ecosystem-plan-DRAFT.md:1593  backend/crates/platform/authz-rest/src/store.rs  found "pub async fn load_enforced_object_policy_blocks"
  ecosystem-plan-DRAFT.md:1597  backend/crates/platform/db/migrations/0060_create_groups_and_membership.sql  found "SET LOCAL row_security = off;"
  ecosystem-plan-DRAFT.md:1603  backend/ci/gates/rls-arming/src/lib.rs  found "const ALLOW_MARKER: &str = "rls-arming: ok";"
  ecosystem-plan-DRAFT.md:1608  docs/decisions/ADR-0023-oyatie-console-authority.md  found "a generalized definition builder for arbitrary approval-line DAGs"
  ecosystem-plan-DRAFT.md:1632  docs/decisions/ADR-0018-clean-room-rust-corporate-workflow-engine.md  found "Sensitive actions require fresh passkey step-up"
  ecosystem-plan-DRAFT.md:1634  docs/decisions/ADR-0018-clean-room-rust-corporate-workflow-engine.md  found "The current runtime spine is deliberately **org-local**."
  ecosystem-plan-DRAFT.md:1645  docs/decisions/ADR-0021-cedar-pbac-authorization-strangler.md  found "PBAC via Cedar, not role-string RBAC."
  ecosystem-plan-DRAFT.md:1645  docs/decisions/ADR-0021-cedar-pbac-authorization-strangler.md  found "Enrolled actions have a mode ("
  ecosystem-plan-DRAFT.md:1646  docs/decisions/ADR-0021-cedar-pbac-authorization-strangler.md  found "It must not cache cross-request allow/deny decisions."
  ecosystem-plan-DRAFT.md:1647  docs/decisions/ADR-0021-cedar-pbac-authorization-strangler.md  found "synchronously bump subject/policy versions"
  ecosystem-plan-DRAFT.md:1648  docs/decisions/ADR-0021-cedar-pbac-authorization-strangler.md  found "No live switch in this ADR/G001."
  ecosystem-plan-DRAFT.md:1657  backend/crates/identity/rest/src/lib.rs  found "fn policy_feature_catalog"
  ecosystem-plan-DRAFT.md:1658  backend/crates/platform/authz/src/cedar_pbac/engine.rs  found "entity_uid("Action", request.action.feature().as_str())"
  ecosystem-plan-DRAFT.md:1659  backend/crates/platform/authz/src/lib.rs  found "pub enum Role"
  ecosystem-plan-DRAFT.md:1659  backend/crates/platform/authz/src/lib.rs  found "const fn matrix_row"
  ecosystem-plan-DRAFT.md:1660  backend/crates/platform/authz/src/lib.rs  found "pub async fn resolve_branch_scope_in_org"
  ecosystem-plan-DRAFT.md:1660  backend/crates/platform/request-context/src/lib.rs  found "effective_branch_scope_for_tenant(BranchScope::All, access_scope, org_id)"
  ecosystem-plan-DRAFT.md:1660  backend/crates/platform/platform-rest/src/lib.rs  found "async fn create_org"
  ecosystem-plan-DRAFT.md:1673  backend/crates/platform/db/migrations/0063_create_employees.sql  found "CREATE POLICY org_isolation ON employees"
  ecosystem-plan-DRAFT.md:1681  docs/program/console-program-ledger.md  found "every control trace remains"
  ecosystem-plan-DRAFT.md:1683  docs/program/console-program-ledger.md  found "jurisdiction binding, Korea control, review disposition, legal state, release state, and exposure state remains"
  ecosystem-plan-DRAFT.md:1685  docs/program/console-program-ledger.md  found "Epics (documented, later):"
  ecosystem-plan-DRAFT.md:1685  docs/decisions/ADR-0023-oyatie-console-authority.md  found "Multi-jurisdiction PII program."
  ecosystem-plan-DRAFT.md:1700  docs/program/console-program-ledger.md  found "Epics (documented, later):"
  ecosystem-plan-DRAFT.md:1717  docs/program/console-jurisdiction-register.json  found "Missing, stale, conflicting, or unqualified authority is HOLD; agents may not invent certainty."
  ecosystem-plan-DRAFT.md:1748  backend/crates/platform/db/migrations/0160_create_finance_gl_vouchers.sql  found "CREATE TABLE finance_gl_vouchers"
  ecosystem-plan-DRAFT.md:1748  backend/crates/platform/db/migrations/0160_create_finance_gl_vouchers.sql  found "reversal_of_voucher_id    UUID,"
  ecosystem-plan-DRAFT.md:1749  backend/crates/platform/db/migrations/0160_create_finance_gl_vouchers.sql  found "CREATE TABLE finance_gl_voucher_lines"
  ecosystem-plan-DRAFT.md:1750  backend/crates/platform/db/migrations/0160_create_finance_gl_vouchers.sql  found "CREATE OR REPLACE FUNCTION finance_gl_enforce_voucher_rules()"
  ecosystem-plan-DRAFT.md:1750  backend/crates/platform/db/migrations/0160_create_finance_gl_vouchers.sql  found "CREATE OR REPLACE FUNCTION finance_gl_enforce_line_draft_only()"
  ecosystem-plan-DRAFT.md:1750  backend/crates/platform/db/migrations/0160_create_finance_gl_vouchers.sql  found "REVOKE UPDATE, DELETE ON finance_gl_voucher_lines FROM console_rt;"
  ecosystem-plan-DRAFT.md:1751  backend/crates/platform/db/migrations/0163_finance_gl_voucher_sod.sql  found "ADD COLUMN approved_by UUID,"
  ecosystem-plan-DRAFT.md:1751  backend/crates/platform/db/migrations/0163_finance_gl_voucher_sod.sql  found "ADD CONSTRAINT finance_gl_vouchers_sod CHECK ("
  ecosystem-plan-DRAFT.md:1752  backend/crates/platform/db/migrations/0160_create_finance_gl_vouchers.sql  found "posted_at                 TIMESTAMPTZ,"
  ecosystem-plan-DRAFT.md:1753  backend/crates/platform/db/migrations/0160_create_finance_gl_vouchers.sql  found "char_length(account_code) <= 40"
  ecosystem-plan-DRAFT.md:1754  backend/crates/platform/db/migrations/0160_create_finance_gl_vouchers.sql  found "amount_won BIGINT NOT NULL CHECK (amount_won > 0)"
  ecosystem-plan-DRAFT.md:1755  backend/crates/platform/db/migrations/0160_create_finance_gl_vouchers.sql  found "source_object_type TEXT CHECK"
  ecosystem-plan-DRAFT.md:1755  backend/crates/platform/db/migrations/0160_create_finance_gl_vouchers.sql  found "CREATE TABLE finance_gl_voucher_lines"
  ecosystem-plan-DRAFT.md:1758  backend/crates/platform/db/src/period_lock.rs  found "pub async fn assert_period_open"
  ecosystem-plan-DRAFT.md:1760  backend/crates/platform/db/migrations/0107_create_period_locks_versioning_lifecycle.sql  found "CREATE OR REPLACE FUNCTION period_locks_unlock_only()"
  ecosystem-plan-DRAFT.md:1761  backend/crates/financial/adapter-postgres/src/lib.rs  found "console_platform_db::assert_period_open("
  ecosystem-plan-DRAFT.md:1762  backend/crates/workflow/adapter-postgres/src/lib.rs  found "console_platform_db::assert_period_open_range("
  ecosystem-plan-DRAFT.md:1763  backend/crates/orgchange/adapter-postgres/src/lib.rs  found "match assert_period_open(tx, domain, effective_date).await {"
  ecosystem-plan-DRAFT.md:1764  backend/app/src/hr.rs  found "console_platform_db::assert_period_open("
  ecosystem-plan-DRAFT.md:1772  backend/crates/platform/db/migrations/0160_create_finance_gl_vouchers.sql  found "CREATE OR REPLACE FUNCTION finance_gl_enforce_voucher_rules()"
  ecosystem-plan-DRAFT.md:1772  backend/crates/platform/db/migrations/0160_create_finance_gl_vouchers.sql  found "reversal_of_voucher_id    UUID,"
  ecosystem-plan-DRAFT.md:1772  backend/crates/platform/db/migrations/0163_finance_gl_voucher_sod.sql  found "ADD CONSTRAINT finance_gl_vouchers_sod CHECK ("
  ecosystem-plan-DRAFT.md:1772  backend/crates/platform/db/migrations/0160_create_finance_gl_vouchers.sql  found "-- console-gate: audited-table finance_gl_vouchers"
  ecosystem-plan-DRAFT.md:1772  backend/ci/gates/migration-safety/src/lib.rs  found "fn discover_audited_tables"
  ecosystem-plan-DRAFT.md:1773  backend/crates/platform/db/migrations/0160_create_finance_gl_vouchers.sql  found "CREATE OR REPLACE FUNCTION finance_gl_enforce_voucher_rules()"
  ecosystem-plan-DRAFT.md:1781  backend/crates/platform/db/migrations/0015_create_financial.sql  found "CREATE TABLE equipment_cost_ledger"
  ecosystem-plan-DRAFT.md:1781  backend/crates/platform/db/migrations/0015_create_financial.sql  found "-- console-gate: audited-table equipment_cost_ledger"
  ecosystem-plan-DRAFT.md:1782  backend/crates/platform/db/migrations/0182_create_equipment_3r.sql  found "cost_minor BIGINT NULL CHECK (cost_minor IS NULL OR cost_minor >= 0),"
  ecosystem-plan-DRAFT.md:1783  backend/crates/platform/db/migrations/0182_create_equipment_3r.sql  found "monthly_rate_minor BIGINT NOT NULL CHECK (monthly_rate_minor > 0),"
  ecosystem-plan-DRAFT.md:1790  backend/crates/platform/db/migrations/0102_create_object_types_and_links.sql  found "('voucher', 'Financial voucher / expenditure')"
  ecosystem-plan-DRAFT.md:1792  backend/crates/platform/db/migrations/0160_create_finance_gl_vouchers.sql  found "-- console-gate: audited-table finance_gl_voucher_lines"
  ecosystem-plan-DRAFT.md:1809  backend/crates/finance-gl/rest/src/lib.rs  found "const VOUCHER_FEATURE: Feature = Feature::PeriodLockManage;"
  ecosystem-plan-DRAFT.md:1832  backend/crates/platform/db/migrations/0160_create_finance_gl_vouchers.sql  found "CHECK (btrim(account_code) <> '' AND char_length(account_code) <= 40)"
  ecosystem-plan-DRAFT.md:1836  backend/crates/platform/db/migrations/0179_create_logistics_pilot.sql  found "currency_code TEXT NOT NULL CHECK (currency_code = 'KRW')"
  ecosystem-plan-DRAFT.md:1836  backend/crates/platform/db/migrations/0182_create_equipment_3r.sql  found "currency_code TEXT NOT NULL CHECK (currency_code = 'KRW'),"
  ecosystem-plan-DRAFT.md:1836  backend/crates/platform/db/migrations/0172_create_employee_employment_profiles.sql  found "currency          TEXT NOT NULL DEFAULT 'KRW' CHECK (currency = 'KRW'),"
  ecosystem-plan-DRAFT.md:1838  backend/crates/platform/db/migrations/0015_create_financial.sql  found "depreciation_method             TEXT        NOT NULL CHECK ("
  ecosystem-plan-DRAFT.md:1839  backend/crates/financial/domain/src/lib.rs  found "div_ceil_i64(depreciable, i64::from(input.config.useful_life_months))"
  ecosystem-plan-DRAFT.md:1839  backend/crates/financial/domain/src/lib.rs  found "quote_line("DEPRECIATION", "감가상각비", depreciation)"
  ecosystem-plan-DRAFT.md:1841  backend/crates/platform/db/migrations/0106_create_workflow_schedules.sql  found "CREATE TABLE workflow_schedules"
  ecosystem-plan-DRAFT.md:1852  backend/crates/platform/realtime/src/lib.rs  found "pub const NOTIFY_PAYLOAD_LIMIT_BYTES: usize = 8000;"
  ecosystem-plan-DRAFT.md:1857  backend/crates/platform/realtime/src/lib.rs  found "MESSAGE_POSTED_CHANNEL"
  ecosystem-plan-DRAFT.md:1858  backend/crates/platform/db/migrations/0065_create_policy_roles.sql  found "CREATE TABLE policy_versions"
  ecosystem-plan-DRAFT.md:1872  backend/crates/identity/adapter-postgres/src/lib.rs  found "bump_subject_version_tx(tx, org_uuid, *user_id.as_uuid(), occurred_at)"
  ecosystem-plan-DRAFT.md:1873  backend/crates/identity/adapter-postgres/src/lib.rs  found "bump_policy_version_tx(tx, org_uuid, occurred_at)"
  ecosystem-plan-DRAFT.md:1882  backend/crates/platform/realtime/src/lib.rs  found "pub enum RealtimeEvent"
  ecosystem-plan-DRAFT.md:1883  backend/crates/platform/realtime/src/lib.rs  found "pub struct PostgresNotificationNotifier"
  ecosystem-plan-DRAFT.md:1884  backend/crates/platform/realtime/src/lib.rs  found "// rls-arming: ok pg_notify is not a tenant-table read"
  ecosystem-plan-DRAFT.md:1886  backend/crates/platform/realtime/src/lib.rs  found "pub enum DisconnectReason"
  ecosystem-plan-DRAFT.md:1886  backend/crates/platform/realtime/src/lib.rs  found "pub struct DisconnectNotice"
  ecosystem-plan-DRAFT.md:1905  backend/crates/ontology/adapter-postgres/src/instances.rs  found "fn allowlisted_projected_table"
  ecosystem-plan-DRAFT.md:1927  backend/crates/platform/db/migrations/0156_create_inventory.sql  found "CREATE TABLE inventory_consumption_events"
  ecosystem-plan-DRAFT.md:1929  backend/crates/platform/db/migrations/0156_create_inventory.sql  found "quantity_before_milli BIGINT NOT NULL CHECK (quantity_before_milli >= 0)"
  ecosystem-plan-DRAFT.md:1930  backend/crates/platform/db/migrations/0156_create_inventory.sql  found "CHECK (quantity_before_milli - quantity_consumed_milli = quantity_after_milli)"
  ecosystem-plan-DRAFT.md:1932  backend/crates/platform/db/migrations/0156_create_inventory.sql  found "unit_cost_won BIGINT NULL CHECK (unit_cost_won IS NULL OR unit_cost_won >= 0)"
  ecosystem-plan-DRAFT.md:1933  backend/crates/platform/db/migrations/0156_create_inventory.sql  found "source_kind TEXT NOT NULL CHECK (source_kind IN ('WORK_ORDER','P1_DISPATCH'))"
  ecosystem-plan-DRAFT.md:1934  backend/crates/platform/db/migrations/0156_create_inventory.sql  found "work_order_id              UUID        NOT NULL,"
  ecosystem-plan-DRAFT.md:1934  backend/crates/platform/db/migrations/0156_create_inventory.sql  found "FOREIGN KEY (work_order_id, org_id) REFERENCES work_orders(id, org_id)"
  ecosystem-plan-DRAFT.md:1938  backend/crates/platform/db/migrations/0173_create_production_execution.sql  found "CREATE TABLE production_demand_contracts"
  ecosystem-plan-DRAFT.md:1940  backend/crates/platform/db/migrations/0173_create_production_execution.sql  found "CREATE TABLE production_operations"
  ecosystem-plan-DRAFT.md:1940  backend/crates/platform/db/migrations/0173_create_production_execution.sql  found "scrap_quantity BIGINT NOT NULL DEFAULT 0 CHECK (scrap_quantity >= 0),"
  ecosystem-plan-DRAFT.md:1941  backend/crates/platform/db/migrations/0173_create_production_execution.sql  found "quantity BIGINT NOT NULL CHECK (quantity > 0),"
  ecosystem-plan-DRAFT.md:1955  backend/crates/platform/db/migrations/0156_create_inventory.sql  found "CHECK (quantity_before_milli - quantity_consumed_milli = quantity_after_milli)"
  ecosystem-plan-DRAFT.md:1965  backend/crates/inventory/adapter-postgres/src/lib.rs  found "fetch_item_for_update_tx"
  ecosystem-plan-DRAFT.md:1966  backend/crates/inventory/adapter-postgres/src/lib.rs  found "lock_consumption_idempotency_key_tx(tx, org, &idempotency_key)"
  ecosystem-plan-DRAFT.md:1966  backend/crates/inventory/adapter-postgres/src/lib.rs  found "state.consume(quantity)"
  ecosystem-plan-DRAFT.md:1967  backend/crates/inventory/adapter-postgres/src/lib.rs  found "INSERT INTO inventory_consumption_events ("
  ecosystem-plan-DRAFT.md:1981  backend/crates/platform/db/migrations/0173_create_production_execution.sql  found "scrap_quantity BIGINT NOT NULL DEFAULT 0 CHECK (scrap_quantity >= 0),"
  ecosystem-plan-DRAFT.md:2010  backend/crates/platform/db/migrations/0102_create_object_types_and_links.sql  found "UNIQUE (org_id, src_kind, src_id, dst_kind, dst_id, link_type)"
  ecosystem-plan-DRAFT.md:2011  backend/crates/platform/db/migrations/0102_create_object_types_and_links.sql  found "GRANT SELECT, INSERT, DELETE ON object_links TO console_rt;"
  ecosystem-plan-DRAFT.md:2014  backend/crates/platform/db/migrations/0130_create_link_types.sql  found "('derived_from',  'Source was produced from the destination (lineage)'),"
  ecosystem-plan-DRAFT.md:2022  backend/crates/platform/db/migrations/0156_create_inventory.sql  found "CREATE TABLE inventory_consumption_events"
  ecosystem-plan-DRAFT.md:2023  backend/crates/platform/db/migrations/0156_create_inventory.sql  found "FOREIGN KEY (work_order_id, org_id) REFERENCES work_orders(id, org_id)"
  ecosystem-plan-DRAFT.md:2024  backend/crates/platform/db/migrations/0173_create_production_execution.sql  found "CREATE TABLE production_demand_contracts"
  ecosystem-plan-DRAFT.md:2024  backend/crates/platform/db/migrations/0173_create_production_execution.sql  found "scrap_quantity BIGINT NOT NULL DEFAULT 0 CHECK (scrap_quantity >= 0),"
  ecosystem-plan-DRAFT.md:2025  backend/crates/platform/db/migrations/0072_create_equipment_ownership_transfers.sql  found "CREATE TABLE equipment_ownership_transfer_requests"
  ecosystem-plan-DRAFT.md:2025  backend/crates/platform/db/migrations/0072_create_equipment_ownership_transfers.sql  found "CREATE TABLE equipment_ownership_transfer_events"
  ecosystem-plan-DRAFT.md:2028  backend/crates/platform/db/migrations/0156_create_inventory.sql  found "source_kind TEXT NOT NULL CHECK (source_kind IN ('WORK_ORDER','P1_DISPATCH'))"
  ecosystem-plan-DRAFT.md:2043  backend/crates/platform/db/migrations/0147_ceo_covert_audit_stream.sql  found "status TEXT NOT NULL CHECK (status IN ('ACTIVE','REVOKED','EXPIRED'))"
  ecosystem-plan-DRAFT.md:2044  backend/crates/platform/db/migrations/0147_ceo_covert_audit_stream.sql  found "starts_at      TIMESTAMPTZ NOT NULL DEFAULT now(),"
  ecosystem-plan-DRAFT.md:2044  backend/crates/platform/db/migrations/0147_ceo_covert_audit_stream.sql  found "expires_at     TIMESTAMPTZ NULL,"
  ecosystem-plan-DRAFT.md:2044  backend/crates/platform/db/migrations/0147_ceo_covert_audit_stream.sql  found "granted_by     UUID        NULL,"
  ecosystem-plan-DRAFT.md:2045  backend/crates/platform/db/migrations/0147_ceo_covert_audit_stream.sql  found "revoked_by     UUID        NULL,"
  ecosystem-plan-DRAFT.md:2045  backend/crates/platform/db/migrations/0147_ceo_covert_audit_stream.sql  found "grant_reason   TEXT        NOT NULL CHECK (char_length(grant_reason) BETWEEN 1 AND 512)"
  ecosystem-plan-DRAFT.md:2058  backend/crates/platform/db/migrations/0155_create_ontology_instances.sql  found "CREATE OR REPLACE FUNCTION ont_instance_revisions_append_only()"
  ecosystem-plan-DRAFT.md:2080  backend/crates/platform/db/migrations/0149_add_audit_context_classification.sql  found "ADD COLUMN reason TEXT;"
  ecosystem-plan-DRAFT.md:2136  backend/crates/platform/db/migrations/0155_create_ontology_instances.sql  found "CHECK (lifecycle_state IN ('draft','active','locked','archived','disposed'))"
  ecosystem-plan-DRAFT.md:2156  scripts/check-adrs.mjs  found "const RECIPROCAL_RELATIONSHIPS = ["
  ecosystem-plan-DRAFT.md:2158  scripts/check-adrs.mjs  found "for (const [key, reciprocalKey] of RECIPROCAL_RELATIONSHIPS)"
  ecosystem-plan-DRAFT.md:2159  scripts/check-adrs.mjs  found "related must use an inline list, including [] when empty"
  ecosystem-plan-DRAFT.md:2166  docs/decisions/README.md  found "must be updated atomically with every ADR status"
  ecosystem-plan-DRAFT.md:2170  docs/decisions/README.md  found "Do not reuse or backfill the number."
  ecosystem-plan-DRAFT.md:2176  docs/decisions/ADR-0022-local-identity-no-external-idp.md  found "Do not ship a speculative external IdP seam."
  ecosystem-plan-DRAFT.md:2176  docs/decisions/ADR-0022-local-identity-no-external-idp.md  found "only local org/account administration commands, read models, and audit builders"
  ecosystem-plan-DRAFT.md:2178  docs/decisions/ADR-0023-oyatie-console-authority.md  found "a generalized definition builder for arbitrary approval-line DAGs"
  ecosystem-plan-DRAFT.md:2181  docs/decisions/README.md  found "An **accepted** local ADR is authoritative within its stated scope."
  ecosystem-plan-DRAFT.md:2181  docs/decisions/ADR-0023-oyatie-console-authority.md  found "## Follow-ups (named out of scope for this program)"
  ecosystem-plan-DRAFT.md:2181  docs/decisions/ADR-0023-oyatie-console-authority.md  found "read-only NL rows + simulation and defers the canvas"
  ecosystem-plan-DRAFT.md:2181  docs/decisions/ADR-0023-oyatie-console-authority.md  found "enters as its own charter"
  ecosystem-plan-DRAFT.md:2182  docs/decisions/README.md  found "is always required and uses an inline list"
  ecosystem-plan-DRAFT.md:2183  docs/decisions/ADR-0001-modularmonolith-cargo-workspace-with-compilerenforced-cleanarchitecture.md  found "Domain logic stays pure and exhaustively unit-testable"
  ecosystem-plan-DRAFT.md:2187  docs/specs/cedar-pbac-authorization.md  found "Segregation of duties and self-approval checks"
  ecosystem-plan-DRAFT.md:2187  docs/specs/no-code-operational-logic.md  found "segregation of duties and self-approval prevention;"
  ecosystem-plan-DRAFT.md:2187  docs/specs/operations-intelligence.md  found "required evidence, segregation of duties, self-approval restrictions"
  ecosystem-plan-DRAFT.md:2188  scripts/check-ci-preflight.mjs  found "function requireOntologyRestItestReachability"
  ecosystem-plan-DRAFT.md:2188  scripts/check-ci-preflight.mjs  found "a per-crate decision with the same shape as this one, not a cleverer regex"
  ecosystem-plan-DRAFT.md:2191  docs/decisions/README.md  found "Do not reuse or backfill the number."
  ecosystem-plan-DRAFT.md:2209  docs/decisions/README.md  found "A later number does not win automatically."
  ecosystem-plan-DRAFT.md:2210  docs/decisions/README.md  found "Relationship keys ("
  ecosystem-plan-DRAFT.md:2214  docs/decisions/README.md  found "Relationship keys ("
  ecosystem-plan-DRAFT.md:2214  docs/decisions/README.md  found "must be updated atomically with every ADR status"
  ecosystem-plan-DRAFT.md:2222  docs/decisions/ADR-0001-modularmonolith-cargo-workspace-with-compilerenforced-cleanarchitecture.md  found "Domain logic stays pure and exhaustively unit-testable"
  ecosystem-plan-DRAFT.md:2226  backend/crates/platform/db/migrations/0160_create_finance_gl_vouchers.sql  found "CREATE OR REPLACE FUNCTION finance_gl_enforce_voucher_rules()"
  ecosystem-plan-DRAFT.md:2237  docs/decisions/README.md  found "that is a governance gap, not silent supersession"
  ecosystem-plan-DRAFT.md:2244  backend/ci/gates/audit-coverage/src/lib.rs  found "pub fn allowed_audit_exclusions"
  ecosystem-plan-DRAFT.md:2248  backend/ci/gates/audit-coverage/tests/gate_detects_violation.rs  found "fn allowed_exclusion_set_is_the_bound_carveouts"
  ecosystem-plan-DRAFT.md:2275  docs/decisions/README.md  found "is always required and uses an inline list"
  ecosystem-plan-DRAFT.md:2276  scripts/check-adrs.mjs  found "const RECIPROCAL_RELATIONSHIPS = ["
  ecosystem-plan-DRAFT.md:2279  docs/decisions/notes/DN-0003-adr-0025-operational-object-runtime.md  found "activation: in_progress"
  ecosystem-plan-DRAFT.md:2279  docs/decisions/notes/DN-0003-adr-0025-operational-object-runtime.md  found "Extensibility is bounded."
  ecosystem-plan-DRAFT.md:2308  backend/crates/platform/db/migrations/0060_create_groups_and_membership.sql  found "CREATE OR REPLACE FUNCTION group_role_grants_for_user(p_user UUID)"
  ecosystem-plan-DRAFT.md:2311  backend/crates/platform/db/migrations/0205_ont_policy_api_attach_writer.sql  found "Delete any one of the"
  ecosystem-plan-DRAFT.md:2319  backend/crates/platform/db/migrations/0065_create_policy_roles.sql  found "attribute         TEXT        NOT NULL CHECK (attribute IN ("
  ecosystem-plan-DRAFT.md:2321  backend/crates/platform/db/migrations/0065_create_policy_roles.sql  found "operator TEXT NOT NULL CHECK (operator IN ('equals','not_equals','in'))"
  ecosystem-plan-DRAFT.md:2406  backend/crates/platform/db/migrations/0060_create_groups_and_membership.sql  found "CREATE OR REPLACE FUNCTION group_role_grants_for_user(p_user UUID)"
  ecosystem-plan-DRAFT.md:2409  backend/crates/platform/db/migrations/0060_create_groups_and_membership.sql  found "EXCEPTION WHEN OTHERS THEN"
  ecosystem-plan-DRAFT.md:2413  backend/crates/platform/db/migrations/0155_create_ontology_instances.sql  found "FOREIGN KEY (to_instance_id, org_id) REFERENCES ont_instances(id, org_id)"
  ecosystem-plan-DRAFT.md:2423  backend/crates/platform/db/migrations/0153_create_governance.sql  found "approver_id      UUID        NOT NULL,"
  ecosystem-plan-DRAFT.md:2428  backend/crates/notices/adapter-postgres/src/lib.rs  found "SELECT $1, $2, id FROM users WHERE org_id = $1 AND is_active = true"
  ecosystem-plan-DRAFT.md:2442  backend/crates/platform/authz/src/cedar_pbac/residual.rs  found "return ResidualFilter::deny_all();"
  ecosystem-plan-DRAFT.md:2445  docs/ideas/research-sap.md  found "Approval authority as an intersection of process config and role assignment"
  ecosystem-plan-DRAFT.md:2447  backend/crates/platform/db/migrations/0160_create_finance_gl_vouchers.sql  found "is posted and immutable"
  ecosystem-plan-DRAFT.md:2457  backend/crates/platform/realtime/src/lib.rs  found "pub const NOTIFY_PAYLOAD_LIMIT_BYTES: usize = 8000;"
  ecosystem-plan-DRAFT.md:2460  backend/crates/platform/db/migrations/0012_create_messenger.sql  found "CREATE TABLE messenger_thread_members"
  ecosystem-plan-DRAFT.md:2461  backend/crates/platform/db/migrations/0159_create_cedar_decision_log.sql  found "determining_policies JSONB       NOT NULL DEFAULT '[]'::jsonb"
  ecosystem-plan-DRAFT.md:2506  backend/ci/gates/migration-safety/src/lib.rs  found "fn check_migration_versions"
  ecosystem-plan-DRAFT.md:2522  backend/ci/gates/migration-safety/src/lib.rs  found "fn table_name_after_alter_table"
  ecosystem-plan-DRAFT.md:2523  backend/ci/gates/migration-safety/src/lib.rs  found "fn tokenize_sql"
  ecosystem-plan-DRAFT.md:2525  backend/ci/gates/migration-safety/src/lib.rs  found "fn built_in_audited_tables"
  ecosystem-plan-DRAFT.md:2554  .github/workflows/ci.yml  found "preflight:"
  ecosystem-plan-DRAFT.md:2554  .github/workflows/ci.yml  found "postgres-domain-reachability:"
  ecosystem-plan-DRAFT.md:2554  .github/workflows/ci.yml  found "company-conformance:"
  ecosystem-plan-DRAFT.md:2554  .github/workflows/ci.yml  found "generated-face-authority:"
  ecosystem-plan-DRAFT.md:2554  .github/workflows/ci.yml  found "backend:"
  ecosystem-plan-DRAFT.md:2554  .github/workflows/nightly.yml  found "dev-up-smoke:"
  ecosystem-plan-DRAFT.md:2554  .github/workflows/ci.yml  found "repo-gates:"
  ecosystem-plan-DRAFT.md:2554  .github/workflows/ci.yml  found "api-contract:"
  ecosystem-plan-DRAFT.md:2554  .github/workflows/ci.yml  found "kubernetes-manifests:"
  ecosystem-plan-DRAFT.md:2574  backend/crates/platform/authz/src/cedar_pbac/residual.rs  found "return ResidualFilter::deny_all();"
  ecosystem-plan-DRAFT.md:2575  backend/crates/platform/db/migrations/0060_create_groups_and_membership.sql  found "CREATE OR REPLACE FUNCTION group_role_grants_for_user(p_user UUID)"
  ecosystem-plan-DRAFT.md:2581  tools/buck2  found "#!/usr/bin/env dotslash"
  ecosystem-plan-DRAFT.md:2589  docs/decisions/ADR-0023-oyatie-console-authority.md  found "Engine-Gen opens with a 1–2 day spike validating"
  ecosystem-plan-DRAFT.md:2609  backend/crates/platform/authz/src/cedar_pbac/engine.rs  found "Entities::from_entities([subject, resource_entity], Some(&bundle.schema))"
  ecosystem-plan-DRAFT.md:2633  scripts/check-ci-preflight.mjs  found "function requireOntologyRestItestReachability"
  ecosystem-plan-DRAFT.md:2635  scripts/check-ci-preflight.mjs  found "a per-crate decision with the same shape as this one, not a cleverer regex"
  ecosystem-plan-DRAFT.md:2646  backend/ci/gates/tenant-isolation/src/lib.rs  found "&& !global.contains(table.as_str())"
  ecosystem-plan-DRAFT.md:2659  .github/workflows/ci.yml  found "pull_request:"
  ecosystem-plan-DRAFT.md:2660  .github/workflows/ci.yml  found "push:"
  ecosystem-plan-DRAFT.md:2665  .github/workflows/ci.yml  found "pull_request:"
  ecosystem-plan-DRAFT.md:2666  scripts/check-ci-preflight.test.mjs  found "forbids push and pull-request path filters so every required context is created"
  ecosystem-plan-DRAFT.md:2668  .github/workflows/ci.yml  found "cancel-in-progress: ${{ github.event_name == 'pull_request' }}"
  ecosystem-plan-DRAFT.md:2682  backend/crates/ontology/rest/tests/company_conformance.rs  found "const LANE_TYPES: [&str; 5] = ["
  ecosystem-plan-DRAFT.md:2682  backend/crates/ontology/adapter-postgres/src/instances.rs  found "fn allowlisted_projected_table"
  ecosystem-plan-DRAFT.md:2686  backend/crates/ontology/adapter-postgres/src/seed.rs  found "BUILTIN_CATALOG_VERSION"
  ecosystem-plan-DRAFT.md:2687  docs/program/CATALOG.md  found "projects existing employee truth"
  ecosystem-plan-DRAFT.md:2694  docs/ideas/governed-object-engine-PLAN.md  found "**buck2 RETAINED** (decision corrected 2026-07-28)"
  ecosystem-plan-DRAFT.md:2695  docs/ideas/governed-object-engine-PLAN.md  found "buck2, which is dropped now that every non-Rust"
  ecosystem-plan-DRAFT.md:2695  docs/ideas/no-code-ontology.md  found "Buck2 does not glob"
  ecosystem-plan-DRAFT.md:2705  tools/buck2  found "#!/usr/bin/env dotslash"
  ecosystem-plan-DRAFT.md:2712  .github/workflows/ci.yml  found "run: tools/buck/install_dotslash.sh"
  ecosystem-plan-DRAFT.md:2713  .github/workflows/ci.yml  found "tools/buck2 test"
  ecosystem-plan-DRAFT.md:2717  docs/specs/foundation-gates.md  found "Rust is pinned to 1.96.0 for CI/local parity."
  ecosystem-plan-DRAFT.md:2718  backend/Cargo.toml  found "rust-version = "1.96""
  ecosystem-plan-DRAFT.md:2723  backend/app/src/lib.rs  found "DatabaseDependency::NotConfigured => PgOntologyStore::new(pool.clone()),"
  ecosystem-plan-DRAFT.md:2724  backend/crates/ontology/adapter-postgres/src/lib.rs  found "fn command_pool"
  ecosystem-plan-DRAFT.md:2739  scripts/console/validate-console-truth-ledger.mjs  found "Rust-required delivery unit has empty Buck targets"
  ecosystem-plan-DRAFT.md:2754  backend/crates/ontology/adapter-postgres/src/instances.rs  found "owns no store of its own"
  ecosystem-plan-DRAFT.md:2772  backend/crates/platform/db/migrations/0160_create_finance_gl_vouchers.sql  found "-- console-gate: audited-table finance_gl_vouchers"
  ecosystem-plan-DRAFT.md:2772  backend/crates/platform/db/migrations/0160_create_finance_gl_vouchers.sql  found "-- console-gate: audited-table finance_gl_voucher_lines"
  ecosystem-plan-DRAFT.md:2803  backend/crates/platform/db/migrations/0162_create_notices.sql  found "FOREIGN KEY (recipient_user_id, org_id) REFERENCES users(id, org_id) ON DELETE RESTRICT"
  ecosystem-plan-DRAFT.md:2803  backend/crates/platform/db/migrations/0162_create_notices.sql  found "-- console-gate: audited-table notices"
  ecosystem-plan-DRAFT.md:2803  backend/crates/platform/db/migrations/0162_create_notices.sql  found "-- console-gate: audited-table notice_receipts"
  ecosystem-plan-DRAFT.md:2808  backend/crates/platform/db/migrations/0172_create_employee_employment_profiles.sql  found "employment_type   TEXT NOT NULL CHECK (employment_type IN ('REGULAR', 'CONTRACT', 'PART_TIME', 'INTERN'))"
  ecosystem-plan-DRAFT.md:2808  backend/crates/platform/db/migrations/0187_create_recruiting.sql  found "employment_type TEXT        NOT NULL CHECK (employment_type IN ('REGULAR','RESIDENT_SHIFT','PART_TIME','POOL_DAILY'))"
  ecosystem-plan-DRAFT.md:2809  backend/crates/platform/db/migrations/0060_create_groups_and_membership.sql  found "UNIQUE (org_id)"
  ecosystem-plan-DRAFT.md:2809  backend/crates/platform/db/migrations/0060_create_groups_and_membership.sql  found "ADD COLUMN group_id UUID NULL REFERENCES groups(id) ON DELETE RESTRICT;"
  ecosystem-plan-DRAFT.md:2810  backend/crates/platform/authz/src/cedar_pbac/engine.rs  found "Entity::new(subject_uid.clone(), subject_attrs, HashSet::new())"
  ecosystem-plan-DRAFT.md:2810  backend/crates/platform/authz/src/cedar_pbac/engine.rs  found "Entity::new(resource_uid.clone(), resource_attrs, HashSet::new())"
  ecosystem-plan-DRAFT.md:2810  backend/crates/platform/authz/src/cedar_pbac/engine.rs  found "Entities::from_entities([subject, resource_entity], Some(&bundle.schema))"
  ecosystem-plan-DRAFT.md:2813  backend/crates/platform/db/migrations/0012_create_messenger.sql  found "work_order_id UUID        REFERENCES work_orders(id) ON DELETE CASCADE,"
  ecosystem-plan-DRAFT.md:2816  backend/crates/platform/db/migrations/0160_create_finance_gl_vouchers.sql  found "CREATE OR REPLACE FUNCTION finance_gl_enforce_voucher_rules()"
  ecosystem-plan-DRAFT.md:2818  backend/crates/platform/db/migrations/0156_create_inventory.sql  found "source_kind                TEXT        NOT NULL CHECK (source_kind IN ('WORK_ORDER','P1_DISPATCH')),"
  ecosystem-plan-DRAFT.md:2843  backend/crates/platform/db/migrations/0036_platform_onboarding.sql  found "'00000000-0000-0000-0000-00000000face'::uuid,"
  ecosystem-plan-DRAFT.md:2852  backend/crates/kernel/core/src/access_scope.rs  found "pub enum AccessScopeLevel"
  ecosystem-plan-DRAFT.md:2864  backend/ci/gates/migration-safety/src/lib.rs  found "fn built_in_audited_tables"
  ecosystem-plan-DRAFT.md:2868  backend/crates/platform/db/migrations/0164_bind_consume_four_eyes.sql  found "ADD COLUMN target_ref UUID;"
  ecosystem-plan-DRAFT.md:2869  backend/crates/kernel/core/src/audit.rs  found "pub struct AuditEvent"
  ecosystem-plan-DRAFT.md:2892  backend/crates/platform/db/migrations/0155_create_ontology_instances.sql  found "CREATE OR REPLACE FUNCTION ont_instance_revisions_append_only()"
  ecosystem-plan-DRAFT.md:2902  backend/crates/platform/db/migrations/0076_user_employee_link.sql  found "HAVING count(*) = 1"
  ecosystem-plan-DRAFT.md:2903  backend/crates/platform/db/migrations/0075_employee_identity_resolution.sql  found "ADD COLUMN identity_resolution_strategy"
  ecosystem-plan-DRAFT.md:2903  backend/crates/platform/db/migrations/0075_employee_identity_resolution.sql  found "ADD COLUMN identity_resolution_confidence"
  ecosystem-plan-DRAFT.md:2910  backend/crates/platform/db/migrations/0060_create_groups_and_membership.sql  found "CREATE OR REPLACE FUNCTION group_role_grants_for_user(p_user UUID)"
  ecosystem-plan-DRAFT.md:2911  backend/crates/platform/db/migrations/0102_create_object_types_and_links.sql  found "CREATE TABLE object_links"
  ecosystem-plan-DRAFT.md:2912  backend/crates/platform/authz-rest/src/store.rs  found "pub async fn load_enforced_object_policy_blocks"
  ecosystem-plan-DRAFT.md:2912  backend/crates/platform/db/migrations/0205_ont_policy_api_attach_writer.sql  found "Delete any one of the"
  ecosystem-plan-DRAFT.md:2913  backend/crates/platform/db/migrations/0036_platform_onboarding.sql  found "'00000000-0000-0000-0000-00000000face'::uuid,"
  ecosystem-plan-DRAFT.md:2913  backend/crates/platform/db/migrations/0051_platform_remove_organization.sql  found "UPDATE audit_events"
  ecosystem-plan-DRAFT.md:2941  backend/crates/platform/db/migrations/0060_create_groups_and_membership.sql  found "CHECK (group_role IN ('GROUP_ADMIN', 'GROUP_VIEWER', 'GROUP_FINANCE'))"
  ecosystem-plan-DRAFT.md:2948  backend/crates/ontology/rest/src/lib.rs  found "pub const OBJECT_TYPE_LIFECYCLE_PATH"
  ecosystem-plan-DRAFT.md:2948  backend/crates/ontology/rest/src/lib.rs  found "pub const OBJECT_TYPE_POLICIES_PATH"
  ecosystem-plan-DRAFT.md:2954  backend/crates/platform/db/migrations/0156_create_inventory.sql  found "source_kind                TEXT        NOT NULL CHECK (source_kind IN ('WORK_ORDER','P1_DISPATCH')),"
  ecosystem-plan-DRAFT.md:2954  backend/crates/platform/db/migrations/0156_create_inventory.sql  found "FOREIGN KEY (work_order_id, org_id) REFERENCES work_orders(id, org_id)"
  ecosystem-plan-DRAFT.md:2955  backend/crates/platform/db/migrations/0160_create_finance_gl_vouchers.sql  found "char_length(account_code) <= 40"
  ecosystem-plan-DRAFT.md:2956  backend/crates/platform/db/migrations/0160_create_finance_gl_vouchers.sql  found "amount_won    BIGINT   NOT NULL CHECK (amount_won > 0),"

MISSING — file mentioned but not in the repo (typo, or a planned artifact)
  ecosystem-plan-DRAFT.md:379  ecosystem-PORTING.md  → file not found
  ecosystem-plan-DRAFT.md:600  docs/specs/ecosystem-entity-components.tsv  → file not found
  ecosystem-plan-DRAFT.md:705  docs/specs/ecosystem-PORTING.md  → file not found
  ecosystem-plan-DRAFT.md:1514  docs/specs/known-bad-controls.tsv  → file not found
  ecosystem-plan-DRAFT.md:2170  ADR-0013  → no decision record with that id
  ecosystem-plan-DRAFT.md:2190  ADR-0013  → no decision record with that id
  ecosystem-plan-DRAFT.md:2437  docs/specs/ecosystem-entity-components.tsv  → file not found
  ecosystem-plan-DRAFT.md:2490  PORTING.md  → file not found
  ecosystem-plan-DRAFT.md:2490  LIFETIMES.tsv  → file not found
  ecosystem-plan-DRAFT.md:2495  docs/specs/ecosystem-entity-components.tsv  → file not found
  ecosystem-plan-DRAFT.md:2495  LIFETIMES.tsv  → file not found
  ecosystem-plan-DRAFT.md:2496  docs/specs/ecosystem-PORTING.md  → file not found
  ecosystem-plan-DRAFT.md:2496  PORTING.md  → file not found
  ecosystem-plan-DRAFT.md:2497  docs/specs/ecosystem-LANES.tsv  → file not found
  ecosystem-plan-DRAFT.md:2497  PORTING.md  → file not found
  ecosystem-plan-DRAFT.md:2517  docs/specs/ecosystem-entity-components.tsv  → file not found
  ecosystem-plan-DRAFT.md:2556  docs/specs/known-bad-controls.tsv  → file not found
  ecosystem-plan-DRAFT.md:2615  ecosystem-entity-components.tsv  → file not found
  ecosystem-plan-DRAFT.md:2681  docs/specs/known-bad-controls.tsv  → file not found

docs/ideas/ecosystem-plan-DRAFT.md
  total citations : 680
  RESOLVES        : 534   (symbol or fragment found in file)
  UNVERIFIABLE    : 0   (line numbers — max allowed 0, of which 0 SUSPECT)
  BROKEN          : 0
  FILE-ONLY       : 127   (file exists, no checkable claim)
  MISSING         : 19   (file mention, absent from repo — not fatal)
RESOLVES — verifiable by grep
  false-green-gate-holes.md:49  backend/crates/inventory/rest/src/lib.rs  found "ConsumeItemBody"
  false-green-gate-holes.md:89  scripts/check-ci-preflight.mjs  found "requireOrderedStepContracts"
  false-green-gate-holes.md:110  scripts/check-ci-preflight.mjs  found "requireOrderedStepContracts"
  false-green-gate-holes.md:114  scripts/check-request-body-contract.mjs  found "renameField"
  false-green-gate-holes.md:150  scripts/check-request-body-contract.mjs  found "evaluateRequestBodyContract"
  false-green-gate-holes.md:205  backend/crates/leave/adapter-postgres/src/lib.rs  found "unused_leave_days"
  false-green-gate-holes.md:278  scripts/check-undeclared-imports.mjs  found "isQuotedOrCommented"
  false-green-gate-holes.md:301  docs/evidence/console/wave4/L-F1/browser-window-host.mjs  found "chromium"
  false-green-gate-holes.md:559  scripts/check-ci-preflight.mjs  found "requireOrderedStepContracts"
  false-green-gate-holes.md:598  scripts/check-request-body-contract.mjs  found "evaluateRequestBodyContract"
  false-green-gate-holes.md:603  backend/crates/attendance/rest/src/lib.rs  found "AssignBody"
  false-green-gate-holes.md:604  backend/crates/facilities/rest/src/lib.rs  found "AssignBody"
  false-green-gate-holes.md:620  scripts/check-undeclared-imports.mjs  found "SCANNED_FLOOR"
  false-green-gate-holes.md:652  backend/crates/leave/adapter-postgres/src/lib.rs  found "unused_leave_days"

docs/program/false-green-gate-holes.md
  total citations : 38
  RESOLVES        : 14   (symbol or fragment found in file)
  UNVERIFIABLE    : 0   (line numbers — max allowed 0, of which 0 SUSPECT)
  BROKEN          : 0
  FILE-ONLY       : 24   (file exists, no checkable claim)
  MISSING         : 0   (file mention, absent from repo — not fatal)

── [fast] Shared text gate unit tests  (cwd: .)
npm notice run test:text-gate
npm notice run node --test scripts/lib/text-gate.test.mjs
✔ createTextGate records pass labels for include/not-include/match/absent checks (1.198875ms)
✔ createTextGate preserves fail-fast errors for each check type (0.442042ms)
✔ read memoizes file contents by resolved path for repeated checks (0.300042ms)
✔ payroll-style custom options shape pass labels and failure messages (1.779625ms)
✔ people HR-style custom absent failures can omit the pattern (0.513ms)
✔ requireMatches and requireAbsent reset global regex state (0.3555ms)
✔ reportGate prints the gate message with recorded check count (0.42675ms)
ℹ tests 7
ℹ suites 0
ℹ pass 7
ℹ fail 0
ℹ cancelled 0
ℹ skipped 0
ℹ todo 0
ℹ duration_ms 42.755208

── [fast] Gate-input provenance instrument  (cwd: .)
npm notice run check:gate-input-provenance
npm notice run node scripts/check-gate-input-provenance.mjs
gate_inputs: 14 document rows; counted 13 rows / 788 assertions; exceptions 13
  COUNTED check:doc-citations docs/ideas/ecosystem-plan-DRAFT.md class=quarry assertions=680
  COUNTED check:doc-citations docs/program/false-green-gate-holes.md class=evidence assertions=38
  COUNTED check:foundation-gates docs/benchmarks/enterprise-parity-matrix.md class=historical assertions=2
  COUNTED check:foundation-gates docs/program/console-buck2-scale-playbook.md class=historical assertions=4
  COUNTED check:foundation-gates docs/program/console-fanout-epoch-contract.md class=historical assertions=2
  COUNTED check:foundation-gates docs/specs/backlog-clearance-ledger.md class=evidence assertions=3
  COUNTED check:foundation-gates docs/specs/foundation-gates.md class=historical assertions=37
  COUNTED check:foundation-gates docs/specs/review-fix-merge-governance.md class=historical assertions=8
  COUNTED check:g006-asset-dispatch-lifecycle docs/specs/foundation-gates.md class=historical assertions=2
  COUNTED check:g007-collaboration-mobile-lifecycle docs/specs/foundation-gates.md class=historical assertions=2
  COUNTED check:g008-payroll-readiness docs/specs/hr-payroll-readiness.md class=historical assertions=3
  COUNTED check:payroll-release-gate docs/specs/payroll.md class=historical assertions=6
  COUNTED check:people-hr-maturity docs/specs/data-exchange-import-export.md class=historical assertions=1
gate-input provenance check passed

── [fast] Gate-input provenance unit tests  (cwd: .)
npm notice run test:gate-input-provenance
npm notice run node --test scripts/check-gate-input-provenance.test.mjs
G004 identity foundation gate passed (498 checks).
- package script check:g004-identity-foundation
- CI runs G004 identity foundation gate
- G004 identity foundation matrix: present
- enterprise UI route audit register: present
- G004 matrix schema version 1
- G004 matrix goal id
- G004 matrix records live-evidence non-claim policy
- G004 matrix routePaths
- requiredBackendTests
- G004 backend contract inventory
- G004 safety assertions
- G004 route /login: path
- G004 route /login: owner marker
- G004 route /login: required story
- G004 route /onboarding: path
- G004 route /onboarding: owner marker
- G004 route /onboarding: required story
- G004 route /pending: path
- G004 route /pending: owner marker
- G004 route /pending: required story
- G004 route /platform: path
- G004 route /platform: owner marker
- G004 route /platform: required story
- G004 route /platform/tenants: path
- G004 route /platform/tenants: owner marker
- G004 route /platform/tenants: required story
- G004 route /platform/groups: path
- G004 route /platform/groups: owner marker
- G004 route /platform/groups: required story
- G004 route /platform/ops: path
- G004 route /platform/ops: owner marker
- G004 route /platform/ops: required story
- G004 route /platform/onboard: path
- G004 route /platform/onboard: owner marker
- G004 route /platform/onboard: required story
- G004 route /platform/account: path
- G004 route /platform/account: owner marker
- G004 route /platform/account: required story
- G004 route /settings: path
- G004 route /settings: owner marker
- G004 route /settings: required story
- G004 route /settings/profile: path
- G004 route /settings/profile: owner marker
- G004 route /settings/profile: required story
- G004 route /settings/security: path
- G004 route /settings/security: owner marker
- G004 route /settings/security: required story
- G004 route /settings/users: path
- G004 route /settings/users: owner marker
- G004 route /settings/users: required story
- G004 route /settings/group: path
- G004 route /settings/group: owner marker
- G004 route /settings/group: required story
- G004 route /settings/org: path
- G004 route /settings/org: owner marker
- G004 route /settings/org: required story
- G004 route /settings/employees: path
- G004 route /settings/employees: owner marker
- G004 route /settings/employees: required story
- G004 route /payroll: path
- G004 route /payroll: owner marker
- G004 route /payroll: required story
- G004 route /hr/leave-management: path
- G004 route /hr/leave-management: owner marker
- G004 route /hr/leave-management: required story
- G004 route /hr/insurance: path
- G004 route /hr/insurance: owner marker
- G004 route /hr/insurance: required story
- G004 route /attendance: path
- G004 route /attendance: owner marker
- G004 route /attendance: required story
- G004 route /settings/policy: path
- G004 route /settings/policy: owner marker
- G004 route /settings/policy: required story
- G004 route /config-console: path
- G004 route /config-console: owner marker
- G004 route /config-console: required story
- G004 matrix records a passkey contract
- G004 matrix records a policy contract
- G004 route group auth: covered
- G004 route group platform: covered
- G004 route group settings: covered
- G004 route group identity-admin: covered
- G004 route group group-org: covered
- G004 route group people: covered
- G004 route group policy: covered
- enterprise route audit has G004-owned rows
- route audit /login: represented in G004 matrix
- route audit /onboarding: represented in G004 matrix
- route audit /pending: represented in G004 matrix
- route audit /platform: represented in G004 matrix
- route audit /platform/tenants: represented in G004 matrix
- route audit /platform/groups: represented in G004 matrix
- route audit /platform/ops: represented in G004 matrix
- route audit /platform/onboard: represented in G004 matrix
- route audit /platform/account: represented in G004 matrix
- route audit /settings/group: represented in G004 matrix
- route audit /settings/org: represented in G004 matrix
- route audit /settings/policy: represented in G004 matrix
- route audit /config-console: represented in G004 matrix
- route audit /payroll: represented in G004 matrix
- route audit /hr/leave-management: represented in G004 matrix
- route audit /hr/insurance: represented in G004 matrix
- route audit /settings: represented in G004 matrix
- route audit /settings/profile: represented in G004 matrix
- route audit /attendance: represented in G004 matrix
- route audit /settings/employees: represented in G004 matrix
- route audit /settings/users: represented in G004 matrix
- route audit /settings/security: represented in G004 matrix
- G004 matrix route /login: exists in route audit
- G004 matrix route /login: ownerLane contains G004
- G004 matrix route /login: browser story required
- G004 matrix route /login: sourceObject
- G004 matrix route /login: lifecycleStates
- G004 matrix route /login: denialScopeTest
- G004 matrix route /login: groupScopeStory
- G004 matrix route /login: no weak fallback marker
- G004 matrix route /login: no weak unclassified marker
- G004 matrix route /login: no weak demo marker
- G004 matrix route /login: no weak stub marker
- G004 matrix route /login: no weak placeholder marker
- G004 matrix route /login: no weak coming soon marker
- G004 matrix route /login: screenshot/trace is explicitly non-closed
- G004 matrix route /onboarding: exists in route audit
- G004 matrix route /onboarding: ownerLane contains G004
- G004 matrix route /onboarding: browser story required
- G004 matrix route /onboarding: sourceObject
- G004 matrix route /onboarding: lifecycleStates
- G004 matrix route /onboarding: denialScopeTest
- G004 matrix route /onboarding: groupScopeStory
- G004 matrix route /onboarding: no weak fallback marker
- G004 matrix route /onboarding: no weak unclassified marker
- G004 matrix route /onboarding: no weak demo marker
- G004 matrix route /onboarding: no weak stub marker
- G004 matrix route /onboarding: no weak placeholder marker
- G004 matrix route /onboarding: no weak coming soon marker
- G004 matrix route /onboarding: screenshot/trace is explicitly non-closed
- G004 matrix route /pending: exists in route audit
- G004 matrix route /pending: ownerLane contains G004
- G004 matrix route /pending: browser story required
- G004 matrix route /pending: sourceObject
- G004 matrix route /pending: lifecycleStates
- G004 matrix route /pending: denialScopeTest
- G004 matrix route /pending: groupScopeStory
- G004 matrix route /pending: no weak fallback marker
- G004 matrix route /pending: no weak unclassified marker
- G004 matrix route /pending: no weak demo marker
- G004 matrix route /pending: no weak stub marker
- G004 matrix route /pending: no weak placeholder marker
- G004 matrix route /pending: no weak coming soon marker
- G004 matrix route /pending: screenshot/trace is explicitly non-closed
- G004 matrix route /platform: exists in route audit
- G004 matrix route /platform: ownerLane contains G004
- G004 matrix route /platform: browser story required
- G004 matrix route /platform: sourceObject
- G004 matrix route /platform: lifecycleStates
- G004 matrix route /platform: denialScopeTest
- G004 matrix route /platform: groupScopeStory
- G004 matrix route /platform: no weak fallback marker
- G004 matrix route /platform: no weak unclassified marker
- G004 matrix route /platform: no weak demo marker
- G004 matrix route /platform: no weak stub marker
- G004 matrix route /platform: no weak placeholder marker
- G004 matrix route /platform: no weak coming soon marker
- G004 matrix route /platform: screenshot/trace is explicitly non-closed
- G004 matrix route /platform/tenants: exists in route audit
- G004 matrix route /platform/tenants: ownerLane contains G004
- G004 matrix route /platform/tenants: browser story required
- G004 matrix route /platform/tenants: sourceObject
- G004 matrix route /platform/tenants: lifecycleStates
- G004 matrix route /platform/tenants: denialScopeTest
- G004 matrix route /platform/tenants: groupScopeStory
- G004 matrix route /platform/tenants: no weak fallback marker
- G004 matrix route /platform/tenants: no weak unclassified marker
- G004 matrix route /platform/tenants: no weak demo marker
- G004 matrix route /platform/tenants: no weak stub marker
- G004 matrix route /platform/tenants: no weak placeholder marker
- G004 matrix route /platform/tenants: no weak coming soon marker
- G004 matrix route /platform/tenants: screenshot/trace is explicitly non-closed
- G004 matrix route /platform/groups: exists in route audit
- G004 matrix route /platform/groups: ownerLane contains G004
- G004 matrix route /platform/groups: browser story required
- G004 matrix route /platform/groups: sourceObject
- G004 matrix route /platform/groups: lifecycleStates
- G004 matrix route /platform/groups: denialScopeTest
- G004 matrix route /platform/groups: groupScopeStory
- G004 matrix route /platform/groups: no weak fallback marker
- G004 matrix route /platform/groups: no weak unclassified marker
- G004 matrix route /platform/groups: no weak demo marker
- G004 matrix route /platform/groups: no weak stub marker
- G004 matrix route /platform/groups: no weak placeholder marker
- G004 matrix route /platform/groups: no weak coming soon marker
- G004 matrix route /platform/groups: screenshot/trace is explicitly non-closed
- G004 matrix route /platform/ops: exists in route audit
- G004 matrix route /platform/ops: ownerLane contains G004
- G004 matrix route /platform/ops: browser story required
- G004 matrix route /platform/ops: sourceObject
- G004 matrix route /platform/ops: lifecycleStates
- G004 matrix route /platform/ops: denialScopeTest
- G004 matrix route /platform/ops: groupScopeStory
- G004 matrix route /platform/ops: no weak fallback marker
- G004 matrix route /platform/ops: no weak unclassified marker
- G004 matrix route /platform/ops: no weak demo marker
- G004 matrix route /platform/ops: no weak stub marker
- G004 matrix route /platform/ops: no weak placeholder marker
- G004 matrix route /platform/ops: no weak coming soon marker
- G004 matrix route /platform/ops: screenshot/trace is explicitly non-closed
- G004 matrix route /platform/onboard: exists in route audit
- G004 matrix route /platform/onboard: ownerLane contains G004
- G004 matrix route /platform/onboard: browser story required
- G004 matrix route /platform/onboard: sourceObject
- G004 matrix route /platform/onboard: lifecycleStates
- G004 matrix route /platform/onboard: denialScopeTest
- G004 matrix route /platform/onboard: groupScopeStory
- G004 matrix route /platform/onboard: no weak fallback marker
- G004 matrix route /platform/onboard: no weak unclassified marker
- G004 matrix route /platform/onboard: no weak demo marker
- G004 matrix route /platform/onboard: no weak stub marker
- G004 matrix route /platform/onboard: no weak placeholder marker
- G004 matrix route /platform/onboard: no weak coming soon marker
- G004 matrix route /platform/onboard: screenshot/trace is explicitly non-closed
- G004 matrix route /platform/account: exists in route audit
- G004 matrix route /platform/account: ownerLane contains G004
- G004 matrix route /platform/account: browser story required
- G004 matrix route /platform/account: sourceObject
- G004 matrix route /platform/account: lifecycleStates
- G004 matrix route /platform/account: denialScopeTest
- G004 matrix route /platform/account: groupScopeStory
- G004 matrix route /platform/account: no weak fallback marker
- G004 matrix route /platform/account: no weak unclassified marker
- G004 matrix route /platform/account: no weak demo marker
- G004 matrix route /platform/account: no weak stub marker
- G004 matrix route /platform/account: no weak placeholder marker
- G004 matrix route /platform/account: no weak coming soon marker
- G004 matrix route /platform/account: screenshot/trace is explicitly non-closed
- G004 matrix route /settings: exists in route audit
- G004 matrix route /settings: ownerLane contains G004
- G004 matrix route /settings: browser story required
- G004 matrix route /settings: sourceObject
- G004 matrix route /settings: lifecycleStates
- G004 matrix route /settings: denialScopeTest
- G004 matrix route /settings: groupScopeStory
- G004 matrix route /settings: no weak fallback marker
- G004 matrix route /settings: no weak unclassified marker
- G004 matrix route /settings: no weak demo marker
- G004 matrix route /settings: no weak stub marker
- G004 matrix route /settings: no weak placeholder marker
- G004 matrix route /settings: no weak coming soon marker
- G004 matrix route /settings: screenshot/trace is explicitly non-closed
- G004 matrix route /settings/profile: exists in route audit
- G004 matrix route /settings/profile: ownerLane contains G004
- G004 matrix route /settings/profile: browser story required
- G004 matrix route /settings/profile: sourceObject
- G004 matrix route /settings/profile: lifecycleStates
- G004 matrix route /settings/profile: denialScopeTest
- G004 matrix route /settings/profile: groupScopeStory
- G004 matrix route /settings/profile: no weak fallback marker
- G004 matrix route /settings/profile: no weak unclassified marker
- G004 matrix route /settings/profile: no weak demo marker
- G004 matrix route /settings/profile: no weak stub marker
- G004 matrix route /settings/profile: no weak placeholder marker
- G004 matrix route /settings/profile: no weak coming soon marker
- G004 matrix route /settings/profile: screenshot/trace is explicitly non-closed
- G004 matrix route /settings/security: exists in route audit
- G004 matrix route /settings/security: ownerLane contains G004
- G004 matrix route /settings/security: browser story required
- G004 matrix route /settings/security: sourceObject
- G004 matrix route /settings/security: lifecycleStates
- G004 matrix route /settings/security: denialScopeTest
- G004 matrix route /settings/security: groupScopeStory
- G004 matrix route /settings/security: no weak fallback marker
- G004 matrix route /settings/security: no weak unclassified marker
- G004 matrix route /settings/security: no weak demo marker
- G004 matrix route /settings/security: no weak stub marker
- G004 matrix route /settings/security: no weak placeholder marker
- G004 matrix route /settings/security: no weak coming soon marker
- G004 matrix route /settings/security: screenshot/trace is explicitly non-closed
- G004 matrix route /settings/users: exists in route audit
- G004 matrix route /settings/users: ownerLane contains G004
- G004 matrix route /settings/users: browser story required
- G004 matrix route /settings/users: sourceObject
- G004 matrix route /settings/users: lifecycleStates
- G004 matrix route /settings/users: denialScopeTest
- G004 matrix route /settings/users: groupScopeStory
- G004 matrix route /settings/users: no weak fallback marker
- G004 matrix route /settings/users: no weak unclassified marker
- G004 matrix route /settings/users: no weak demo marker
- G004 matrix route /settings/users: no weak stub marker
- G004 matrix route /settings/users: no weak placeholder marker
- G004 matrix route /settings/users: no weak coming soon marker
- G004 matrix route /settings/users: screenshot/trace is explicitly non-closed
- G004 matrix route /settings/group: exists in route audit
- G004 matrix route /settings/group: ownerLane contains G004
- G004 matrix route /settings/group: browser story required
- G004 matrix route /settings/group: sourceObject
- G004 matrix route /settings/group: lifecycleStates
- G004 matrix route /settings/group: denialScopeTest
- G004 matrix route /settings/group: groupScopeStory
- G004 matrix route /settings/group: no weak fallback marker
- G004 matrix route /settings/group: no weak unclassified marker
- G004 matrix route /settings/group: no weak demo marker
- G004 matrix route /settings/group: no weak stub marker
- G004 matrix route /settings/group: no weak placeholder marker
- G004 matrix route /settings/group: no weak coming soon marker
- G004 matrix route /settings/group: screenshot/trace is explicitly non-closed
- G004 matrix route /settings/org: exists in route audit
- G004 matrix route /settings/org: ownerLane contains G004
- G004 matrix route /settings/org: browser story required
- G004 matrix route /settings/org: sourceObject
- G004 matrix route /settings/org: lifecycleStates
- G004 matrix route /settings/org: denialScopeTest
- G004 matrix route /settings/org: groupScopeStory
- G004 matrix route /settings/org: no weak fallback marker
- G004 matrix route /settings/org: no weak unclassified marker
- G004 matrix route /settings/org: no weak demo marker
- G004 matrix route /settings/org: no weak stub marker
- G004 matrix route /settings/org: no weak placeholder marker
- G004 matrix route /settings/org: no weak coming soon marker
- G004 matrix route /settings/org: screenshot/trace is explicitly non-closed
- G004 matrix route /settings/employees: exists in route audit
- G004 matrix route /settings/employees: ownerLane contains G004
- G004 matrix route /settings/employees: browser story required
- G004 matrix route /settings/employees: sourceObject
- G004 matrix route /settings/employees: lifecycleStates
- G004 matrix route /settings/employees: denialScopeTest
- G004 matrix route /settings/employees: groupScopeStory
- G004 matrix route /settings/employees: no weak fallback marker
- G004 matrix route /settings/employees: no weak unclassified marker
- G004 matrix route /settings/employees: no weak demo marker
- G004 matrix route /settings/employees: no weak stub marker
- G004 matrix route /settings/employees: no weak placeholder marker
- G004 matrix route /settings/employees: no weak coming soon marker
- G004 matrix route /settings/employees: screenshot/trace is explicitly non-closed
- G004 matrix route /payroll: exists in route audit
- G004 matrix route /payroll: ownerLane contains G004
- G004 matrix route /payroll: browser story required
- G004 matrix route /payroll: sourceObject
- G004 matrix route /payroll: lifecycleStates
- G004 matrix route /payroll: denialScopeTest
- G004 matrix route /payroll: groupScopeStory
- G004 matrix route /payroll: no weak fallback marker
- G004 matrix route /payroll: no weak unclassified marker
- G004 matrix route /payroll: no weak demo marker
- G004 matrix route /payroll: no weak stub marker
- G004 matrix route /payroll: no weak placeholder marker
- G004 matrix route /payroll: no weak coming soon marker
- G004 matrix route /payroll: screenshot/trace is explicitly non-closed
- G004 matrix route /hr/leave-management: exists in route audit
- G004 matrix route /hr/leave-management: ownerLane contains G004
- G004 matrix route /hr/leave-management: browser story required
- G004 matrix route /hr/leave-management: sourceObject
- G004 matrix route /hr/leave-management: lifecycleStates
- G004 matrix route /hr/leave-management: denialScopeTest
- G004 matrix route /hr/leave-management: groupScopeStory
- G004 matrix route /hr/leave-management: no weak fallback marker
- G004 matrix route /hr/leave-management: no weak unclassified marker
- G004 matrix route /hr/leave-management: no weak demo marker
- G004 matrix route /hr/leave-management: no weak stub marker
- G004 matrix route /hr/leave-management: no weak placeholder marker
- G004 matrix route /hr/leave-management: no weak coming soon marker
- G004 matrix route /hr/leave-management: screenshot/trace is explicitly non-closed
- G004 matrix route /hr/insurance: exists in route audit
- G004 matrix route /hr/insurance: ownerLane contains G004
- G004 matrix route /hr/insurance: browser story required
- G004 matrix route /hr/insurance: sourceObject
- G004 matrix route /hr/insurance: lifecycleStates
- G004 matrix route /hr/insurance: denialScopeTest
- G004 matrix route /hr/insurance: groupScopeStory
- G004 matrix route /hr/insurance: no weak fallback marker
- G004 matrix route /hr/insurance: no weak unclassified marker
- G004 matrix route /hr/insurance: no weak demo marker
- G004 matrix route /hr/insurance: no weak stub marker
- G004 matrix route /hr/insurance: no weak placeholder marker
- G004 matrix route /hr/insurance: no weak coming soon marker
- G004 matrix route /hr/insurance: screenshot/trace is explicitly non-closed
- G004 matrix route /attendance: exists in route audit
- G004 matrix route /attendance: ownerLane contains G004
- G004 matrix route /attendance: browser story required
- G004 matrix route /attendance: sourceObject
- G004 matrix route /attendance: lifecycleStates
- G004 matrix route /attendance: denialScopeTest
- G004 matrix route /attendance: groupScopeStory
- G004 matrix route /attendance: no weak fallback marker
- G004 matrix route /attendance: no weak unclassified marker
- G004 matrix route /attendance: no weak demo marker
- G004 matrix route /attendance: no weak stub marker
- G004 matrix route /attendance: no weak placeholder marker
- G004 matrix route /attendance: no weak coming soon marker
- G004 matrix route /attendance: screenshot/trace is explicitly non-closed
- G004 matrix route /settings/policy: exists in route audit
- G004 matrix route /settings/policy: ownerLane contains G004
- G004 matrix route /settings/policy: browser story required
- G004 matrix route /settings/policy: sourceObject
- G004 matrix route /settings/policy: lifecycleStates
- G004 matrix route /settings/policy: denialScopeTest
- G004 matrix route /settings/policy: groupScopeStory
- G004 matrix route /settings/policy: no weak fallback marker
- G004 matrix route /settings/policy: no weak unclassified marker
- G004 matrix route /settings/policy: no weak demo marker
- G004 matrix route /settings/policy: no weak stub marker
- G004 matrix route /settings/policy: no weak placeholder marker
- G004 matrix route /settings/policy: no weak coming soon marker
- G004 matrix route /settings/policy: screenshot/trace is explicitly non-closed
- G004 matrix route /config-console: exists in route audit
- G004 matrix route /config-console: ownerLane contains G004
- G004 matrix route /config-console: browser story required
- G004 matrix route /config-console: sourceObject
- G004 matrix route /config-console: lifecycleStates
- G004 matrix route /config-console: denialScopeTest
- G004 matrix route /config-console: groupScopeStory
- G004 matrix route /config-console: no weak fallback marker
- G004 matrix route /config-console: no weak unclassified marker
- G004 matrix route /config-console: no weak demo marker
- G004 matrix route /config-console: no weak stub marker
- G004 matrix route /config-console: no weak placeholder marker
- G004 matrix route /config-console: no weak coming soon marker
- G004 matrix route /config-console: screenshot/trace is explicitly non-closed
- backend contract backend/crates/platform/db/migrations/0060_create_groups_and_membership.sql: present
- backend contract backend/crates/platform/db/migrations/0060_create_groups_and_membership.sql: rationale
- backend contract backend/crates/platform/db/migrations/0060_create_groups_and_membership.sql required snippets
- backend contract backend/crates/platform/db/migrations/0060_create_groups_and_membership.sql: A Group is NOT a tenant
- backend contract backend/crates/platform/db/migrations/0060_create_groups_and_membership.sql: group_member_org_ids
- backend contract backend/crates/platform/db/migrations/0060_create_groups_and_membership.sql: group_role_grants_for_user
- backend contract backend/crates/platform/db/migrations/0060_create_groups_and_membership.sql: REVOKE ALL ON groups, group_memberships, group_role_grants
- backend contract backend/crates/platform/db/migrations/0060_create_groups_and_membership.sql: SET LOCAL row_security = on
- backend contract backend/crates/platform/db/migrations/0064_platform_group_accounts.sql: present
- backend contract backend/crates/platform/db/migrations/0064_platform_group_accounts.sql: rationale
- backend contract backend/crates/platform/db/migrations/0064_platform_group_accounts.sql required snippets
- backend contract backend/crates/platform/db/migrations/0064_platform_group_accounts.sql: platform_update_group
- backend contract backend/crates/platform/db/migrations/0064_platform_group_accounts.sql: platform_list_group_accounts
- backend contract backend/crates/platform/db/migrations/0064_platform_group_accounts.sql: platform_create_group_account
- backend contract backend/crates/platform/db/migrations/0064_platform_group_accounts.sql: platform_revoke_group_role
- backend contract backend/crates/platform/db/migrations/0064_platform_group_accounts.sql: PENDING_SETUP
- backend contract backend/crates/platform/db/migrations/0065_create_policy_roles.sql: present
- backend contract backend/crates/platform/db/migrations/0065_create_policy_roles.sql: rationale
- backend contract backend/crates/platform/db/migrations/0065_create_policy_roles.sql required snippets
- backend contract backend/crates/platform/db/migrations/0065_create_policy_roles.sql: policy_roles
- backend contract backend/crates/platform/db/migrations/0065_create_policy_roles.sql: policy_role_permissions
- backend contract backend/crates/platform/db/migrations/0065_create_policy_roles.sql: policy_role_conditions
- backend contract backend/crates/platform/db/migrations/0065_create_policy_roles.sql: user_role_assignments
- backend contract backend/crates/platform/db/migrations/0065_create_policy_roles.sql: policy_assignment_preview_receipts
- backend contract backend/crates/platform/db/migrations/0065_create_policy_roles.sql: 'group'
- backend contract backend/crates/platform/db/migrations/0065_create_policy_roles.sql: 'tenant'
- backend contract backend/crates/platform/db/migrations/0065_create_policy_roles.sql: 'organization'
- backend contract backend/crates/platform/db/migrations/0065_create_policy_roles.sql: 'department'
- backend contract backend/crates/platform/db/migrations/0065_create_policy_roles.sql: 'team'
- backend contract backend/crates/platform/db/migrations/0065_create_policy_roles.sql: 'position'
- backend contract backend/crates/platform/db/migrations/0065_create_policy_roles.sql: 'employment_status'
- backend contract backend/crates/platform/db/migrations/0065_create_policy_roles.sql: 'action'
- backend contract backend/crates/platform/db/migrations/0065_create_policy_roles.sql: 'resource'
- backend contract backend/crates/platform/db/migrations/0065_create_policy_roles.sql: 'sensitive_action'
- backend contract backend/crates/platform/db/migrations/0065_create_policy_roles.sql: CREATE POLICY org_isolation
- backend contract backend/crates/platform/db/migrations/0067_auth_device_login_handoff.sql: present
- backend contract backend/crates/platform/db/migrations/0067_auth_device_login_handoff.sql: rationale
- backend contract backend/crates/platform/db/migrations/0067_auth_device_login_handoff.sql required snippets
- backend contract backend/crates/platform/db/migrations/0067_auth_device_login_handoff.sql: Cross-device passkey login handoff
- backend contract backend/crates/platform/db/migrations/0067_auth_device_login_handoff.sql: poll_token_hash
- backend contract backend/crates/platform/db/migrations/0067_auth_device_login_handoff.sql: approve_token_hash
- backend contract backend/crates/platform/db/migrations/0067_auth_device_login_handoff.sql: phone must prove possession of an existing passkey
- backend contract backend/crates/platform/db/migrations/0067_auth_device_login_handoff.sql: GRANT SELECT, INSERT, UPDATE ON auth_device_login_handoffs TO console_rt
- backend contract backend/crates/platform/db/migrations/0071_create_employee_lifecycle_events.sql: present
- backend contract backend/crates/platform/db/migrations/0071_create_employee_lifecycle_events.sql: rationale
- backend contract backend/crates/platform/db/migrations/0071_create_employee_lifecycle_events.sql required snippets
- backend contract backend/crates/platform/db/migrations/0071_create_employee_lifecycle_events.sql: ONBOARD
- backend contract backend/crates/platform/db/migrations/0071_create_employee_lifecycle_events.sql: OFFBOARD
- backend contract backend/crates/platform/db/migrations/0071_create_employee_lifecycle_events.sql: TERMINATE
- backend contract backend/crates/platform/db/migrations/0071_create_employee_lifecycle_events.sql: TRANSFER
- backend contract backend/crates/platform/db/migrations/0071_create_employee_lifecycle_events.sql: signoffs
- backend contract backend/crates/platform/db/migrations/0071_create_employee_lifecycle_events.sql: employee_lifecycle_events is append-only
- backend contract backend/crates/platform/db/migrations/0071_create_employee_lifecycle_events.sql: CREATE POLICY org_isolation
- backend contract backend/crates/platform/db/migrations/0030_enable_rls.sql: present
- backend contract backend/crates/platform/db/migrations/0030_enable_rls.sql: rationale
- backend contract backend/crates/platform/db/migrations/0030_enable_rls.sql required snippets
- backend contract backend/crates/platform/db/migrations/0030_enable_rls.sql: ENABLE ROW LEVEL SECURITY
- backend contract backend/crates/platform/db/migrations/0030_enable_rls.sql: CREATE POLICY org_isolation
- backend contract backend/crates/platform/db/migrations/0030_enable_rls.sql: app.current_org
- backend contract backend/crates/platform/db/migrations/0031_runtime_role_and_immutable_org.sql: present
- backend contract backend/crates/platform/db/migrations/0031_runtime_role_and_immutable_org.sql: rationale
- backend contract backend/crates/platform/db/migrations/0031_runtime_role_and_immutable_org.sql required snippets
- backend contract backend/crates/platform/db/migrations/0031_runtime_role_and_immutable_org.sql: console_rt
- backend contract backend/crates/platform/db/migrations/0031_runtime_role_and_immutable_org.sql: enforce_org_id_immutable
- backend contract backend/crates/platform/db/migrations/0031_runtime_role_and_immutable_org.sql: GRANT SELECT, INSERT, UPDATE, DELETE
- backend contract backend/crates/platform/db/migrations/0035_enable_rls_rollout.sql: present
- backend contract backend/crates/platform/db/migrations/0035_enable_rls_rollout.sql: rationale
- backend contract backend/crates/platform/db/migrations/0035_enable_rls_rollout.sql required snippets
- backend contract backend/crates/platform/db/migrations/0035_enable_rls_rollout.sql: ENABLE + FORCE RLS
- backend contract backend/crates/platform/db/migrations/0035_enable_rls_rollout.sql: CREATE POLICY org_isolation ON audit_events
- backend contract backend/crates/platform/db/migrations/0035_enable_rls_rollout.sql: ALTER TABLE
- G004 backend test backend/app/tests/auth_rest.rs: present
- G004 backend test backend/app/tests/platform_onboarding_e2e.rs: present
- G004 backend test backend/app/tests/tenant_context_e2e.rs: present
- G004 backend test backend/app/tests/audit_api.rs: present
- G004 backend test backend/crates/platform/authz/tests/policy.rs: present
- G004 backend test backend/crates/identity/rest/tests/org_setup.rs: present
- G004 backend test backend/crates/platform/platform-rest/tests/platform_groups.rs: present
- G004 backend test backend/crates/platform/provisioning/tests/bootstrap_passkey.rs: present
- G004 backend test backend/crates/platform/provisioning/tests/self_enroll_handoff_as_runtime_role.rs: present
- people HR gate has no stale G027 owner id
✔ gate-inputs validates declared-but-unread and read-but-undeclared (0.411417ms)
✔ text-gate hook records assertions per path under an active gate (6.88425ms)
✔ emitProvenanceIfRequested writes GATE_INPUT_PROVENANCE_OUT (0.649416ms)
✔ exception register rejects growth beyond baseline_count (red) (0.048417ms)
✔ exception register rejects expired remove_by (red) (0.036625ms)
✔ exception register rejects decoration — unobserved pair (red) (0.036541ms)
✔ live instrument passes on the current tree (528.836ms)
✔ G005 goal identity is controlled by the matrix, not the historical ledger (105.397083ms)
✔ G006 goal identity is controlled by the matrix, not the historical ledger (65.157833ms)
✔ G007 goal identity is controlled by the matrix, not the historical ledger (58.066292ms)
✔ G005 workflow and scoped approval-feed controls come from executable source, not foundation prose (443.499ms)
✔ G004 machine-readable passkey and policy controls fail under hostile matrix mutations (3.864167ms)
✔ T1-CONV replacement is CI-reachable via check:g004-identity-foundation (0.162417ms)
ℹ tests 13
ℹ suites 0
ℹ pass 13
ℹ fail 0
ℹ cancelled 0
ℹ skipped 0
ℹ todo 0
ℹ duration_ms 1245.841875

── [fast] G004 identity group org people policy foundation gate  (cwd: .)
npm notice run check:g004-identity-foundation
npm notice run node scripts/check-g004-identity-foundation.mjs
G004 identity foundation gate passed (498 checks).
- package script check:g004-identity-foundation
- CI runs G004 identity foundation gate
- G004 identity foundation matrix: present
- enterprise UI route audit register: present
- G004 matrix schema version 1
- G004 matrix goal id
- G004 matrix records live-evidence non-claim policy
- G004 matrix routePaths
- requiredBackendTests
- G004 backend contract inventory
- G004 safety assertions
- G004 route /login: path
- G004 route /login: owner marker
- G004 route /login: required story
- G004 route /onboarding: path
- G004 route /onboarding: owner marker
- G004 route /onboarding: required story
- G004 route /pending: path
- G004 route /pending: owner marker
- G004 route /pending: required story
- G004 route /platform: path
- G004 route /platform: owner marker
- G004 route /platform: required story
- G004 route /platform/tenants: path
- G004 route /platform/tenants: owner marker
- G004 route /platform/tenants: required story
- G004 route /platform/groups: path
- G004 route /platform/groups: owner marker
- G004 route /platform/groups: required story
- G004 route /platform/ops: path
- G004 route /platform/ops: owner marker
- G004 route /platform/ops: required story
- G004 route /platform/onboard: path
- G004 route /platform/onboard: owner marker
- G004 route /platform/onboard: required story
- G004 route /platform/account: path
- G004 route /platform/account: owner marker
- G004 route /platform/account: required story
- G004 route /settings: path
- G004 route /settings: owner marker
- G004 route /settings: required story
- G004 route /settings/profile: path
- G004 route /settings/profile: owner marker
- G004 route /settings/profile: required story
- G004 route /settings/security: path
- G004 route /settings/security: owner marker
- G004 route /settings/security: required story
- G004 route /settings/users: path
- G004 route /settings/users: owner marker
- G004 route /settings/users: required story
- G004 route /settings/group: path
- G004 route /settings/group: owner marker
- G004 route /settings/group: required story
- G004 route /settings/org: path
- G004 route /settings/org: owner marker
- G004 route /settings/org: required story
- G004 route /settings/employees: path
- G004 route /settings/employees: owner marker
- G004 route /settings/employees: required story
- G004 route /payroll: path
- G004 route /payroll: owner marker
- G004 route /payroll: required story
- G004 route /hr/leave-management: path
- G004 route /hr/leave-management: owner marker
- G004 route /hr/leave-management: required story
- G004 route /hr/insurance: path
- G004 route /hr/insurance: owner marker
- G004 route /hr/insurance: required story
- G004 route /attendance: path
- G004 route /attendance: owner marker
- G004 route /attendance: required story
- G004 route /settings/policy: path
- G004 route /settings/policy: owner marker
- G004 route /settings/policy: required story
- G004 route /config-console: path
- G004 route /config-console: owner marker
- G004 route /config-console: required story
- G004 matrix records a passkey contract
- G004 matrix records a policy contract
- G004 route group auth: covered
- G004 route group platform: covered
- G004 route group settings: covered
- G004 route group identity-admin: covered
- G004 route group group-org: covered
- G004 route group people: covered
- G004 route group policy: covered
- enterprise route audit has G004-owned rows
- route audit /login: represented in G004 matrix
- route audit /onboarding: represented in G004 matrix
- route audit /pending: represented in G004 matrix
- route audit /platform: represented in G004 matrix
- route audit /platform/tenants: represented in G004 matrix
- route audit /platform/groups: represented in G004 matrix
- route audit /platform/ops: represented in G004 matrix
- route audit /platform/onboard: represented in G004 matrix
- route audit /platform/account: represented in G004 matrix
- route audit /settings/group: represented in G004 matrix
- route audit /settings/org: represented in G004 matrix
- route audit /settings/policy: represented in G004 matrix
- route audit /config-console: represented in G004 matrix
- route audit /payroll: represented in G004 matrix
- route audit /hr/leave-management: represented in G004 matrix
- route audit /hr/insurance: represented in G004 matrix
- route audit /settings: represented in G004 matrix
- route audit /settings/profile: represented in G004 matrix
- route audit /attendance: represented in G004 matrix
- route audit /settings/employees: represented in G004 matrix
- route audit /settings/users: represented in G004 matrix
- route audit /settings/security: represented in G004 matrix
- G004 matrix route /login: exists in route audit
- G004 matrix route /login: ownerLane contains G004
- G004 matrix route /login: browser story required
- G004 matrix route /login: sourceObject
- G004 matrix route /login: lifecycleStates
- G004 matrix route /login: denialScopeTest
- G004 matrix route /login: groupScopeStory
- G004 matrix route /login: no weak fallback marker
- G004 matrix route /login: no weak unclassified marker
- G004 matrix route /login: no weak demo marker
- G004 matrix route /login: no weak stub marker
- G004 matrix route /login: no weak placeholder marker
- G004 matrix route /login: no weak coming soon marker
- G004 matrix route /login: screenshot/trace is explicitly non-closed
- G004 matrix route /onboarding: exists in route audit
- G004 matrix route /onboarding: ownerLane contains G004
- G004 matrix route /onboarding: browser story required
- G004 matrix route /onboarding: sourceObject
- G004 matrix route /onboarding: lifecycleStates
- G004 matrix route /onboarding: denialScopeTest
- G004 matrix route /onboarding: groupScopeStory
- G004 matrix route /onboarding: no weak fallback marker
- G004 matrix route /onboarding: no weak unclassified marker
- G004 matrix route /onboarding: no weak demo marker
- G004 matrix route /onboarding: no weak stub marker
- G004 matrix route /onboarding: no weak placeholder marker
- G004 matrix route /onboarding: no weak coming soon marker
- G004 matrix route /onboarding: screenshot/trace is explicitly non-closed
- G004 matrix route /pending: exists in route audit
- G004 matrix route /pending: ownerLane contains G004
- G004 matrix route /pending: browser story required
- G004 matrix route /pending: sourceObject
- G004 matrix route /pending: lifecycleStates
- G004 matrix route /pending: denialScopeTest
- G004 matrix route /pending: groupScopeStory
- G004 matrix route /pending: no weak fallback marker
- G004 matrix route /pending: no weak unclassified marker
- G004 matrix route /pending: no weak demo marker
- G004 matrix route /pending: no weak stub marker
- G004 matrix route /pending: no weak placeholder marker
- G004 matrix route /pending: no weak coming soon marker
- G004 matrix route /pending: screenshot/trace is explicitly non-closed
- G004 matrix route /platform: exists in route audit
- G004 matrix route /platform: ownerLane contains G004
- G004 matrix route /platform: browser story required
- G004 matrix route /platform: sourceObject
- G004 matrix route /platform: lifecycleStates
- G004 matrix route /platform: denialScopeTest
- G004 matrix route /platform: groupScopeStory
- G004 matrix route /platform: no weak fallback marker
- G004 matrix route /platform: no weak unclassified marker
- G004 matrix route /platform: no weak demo marker
- G004 matrix route /platform: no weak stub marker
- G004 matrix route /platform: no weak placeholder marker
- G004 matrix route /platform: no weak coming soon marker
- G004 matrix route /platform: screenshot/trace is explicitly non-closed
- G004 matrix route /platform/tenants: exists in route audit
- G004 matrix route /platform/tenants: ownerLane contains G004
- G004 matrix route /platform/tenants: browser story required
- G004 matrix route /platform/tenants: sourceObject
- G004 matrix route /platform/tenants: lifecycleStates
- G004 matrix route /platform/tenants: denialScopeTest
- G004 matrix route /platform/tenants: groupScopeStory
- G004 matrix route /platform/tenants: no weak fallback marker
- G004 matrix route /platform/tenants: no weak unclassified marker
- G004 matrix route /platform/tenants: no weak demo marker
- G004 matrix route /platform/tenants: no weak stub marker
- G004 matrix route /platform/tenants: no weak placeholder marker
- G004 matrix route /platform/tenants: no weak coming soon marker
- G004 matrix route /platform/tenants: screenshot/trace is explicitly non-closed
- G004 matrix route /platform/groups: exists in route audit
- G004 matrix route /platform/groups: ownerLane contains G004
- G004 matrix route /platform/groups: browser story required
- G004 matrix route /platform/groups: sourceObject
- G004 matrix route /platform/groups: lifecycleStates
- G004 matrix route /platform/groups: denialScopeTest
- G004 matrix route /platform/groups: groupScopeStory
- G004 matrix route /platform/groups: no weak fallback marker
- G004 matrix route /platform/groups: no weak unclassified marker
- G004 matrix route /platform/groups: no weak demo marker
- G004 matrix route /platform/groups: no weak stub marker
- G004 matrix route /platform/groups: no weak placeholder marker
- G004 matrix route /platform/groups: no weak coming soon marker
- G004 matrix route /platform/groups: screenshot/trace is explicitly non-closed
- G004 matrix route /platform/ops: exists in route audit
- G004 matrix route /platform/ops: ownerLane contains G004
- G004 matrix route /platform/ops: browser story required
- G004 matrix route /platform/ops: sourceObject
- G004 matrix route /platform/ops: lifecycleStates
- G004 matrix route /platform/ops: denialScopeTest
- G004 matrix route /platform/ops: groupScopeStory
- G004 matrix route /platform/ops: no weak fallback marker
- G004 matrix route /platform/ops: no weak unclassified marker
- G004 matrix route /platform/ops: no weak demo marker
- G004 matrix route /platform/ops: no weak stub marker
- G004 matrix route /platform/ops: no weak placeholder marker
- G004 matrix route /platform/ops: no weak coming soon marker
- G004 matrix route /platform/ops: screenshot/trace is explicitly non-closed
- G004 matrix route /platform/onboard: exists in route audit
- G004 matrix route /platform/onboard: ownerLane contains G004
- G004 matrix route /platform/onboard: browser story required
- G004 matrix route /platform/onboard: sourceObject
- G004 matrix route /platform/onboard: lifecycleStates
- G004 matrix route /platform/onboard: denialScopeTest
- G004 matrix route /platform/onboard: groupScopeStory
- G004 matrix route /platform/onboard: no weak fallback marker
- G004 matrix route /platform/onboard: no weak unclassified marker
- G004 matrix route /platform/onboard: no weak demo marker
- G004 matrix route /platform/onboard: no weak stub marker
- G004 matrix route /platform/onboard: no weak placeholder marker
- G004 matrix route /platform/onboard: no weak coming soon marker
- G004 matrix route /platform/onboard: screenshot/trace is explicitly non-closed
- G004 matrix route /platform/account: exists in route audit
- G004 matrix route /platform/account: ownerLane contains G004
- G004 matrix route /platform/account: browser story required
- G004 matrix route /platform/account: sourceObject
- G004 matrix route /platform/account: lifecycleStates
- G004 matrix route /platform/account: denialScopeTest
- G004 matrix route /platform/account: groupScopeStory
- G004 matrix route /platform/account: no weak fallback marker
- G004 matrix route /platform/account: no weak unclassified marker
- G004 matrix route /platform/account: no weak demo marker
- G004 matrix route /platform/account: no weak stub marker
- G004 matrix route /platform/account: no weak placeholder marker
- G004 matrix route /platform/account: no weak coming soon marker
- G004 matrix route /platform/account: screenshot/trace is explicitly non-closed
- G004 matrix route /settings: exists in route audit
- G004 matrix route /settings: ownerLane contains G004
- G004 matrix route /settings: browser story required
- G004 matrix route /settings: sourceObject
- G004 matrix route /settings: lifecycleStates
- G004 matrix route /settings: denialScopeTest
- G004 matrix route /settings: groupScopeStory
- G004 matrix route /settings: no weak fallback marker
- G004 matrix route /settings: no weak unclassified marker
- G004 matrix route /settings: no weak demo marker
- G004 matrix route /settings: no weak stub marker
- G004 matrix route /settings: no weak placeholder marker
- G004 matrix route /settings: no weak coming soon marker
- G004 matrix route /settings: screenshot/trace is explicitly non-closed
- G004 matrix route /settings/profile: exists in route audit
- G004 matrix route /settings/profile: ownerLane contains G004
- G004 matrix route /settings/profile: browser story required
- G004 matrix route /settings/profile: sourceObject
- G004 matrix route /settings/profile: lifecycleStates
- G004 matrix route /settings/profile: denialScopeTest
- G004 matrix route /settings/profile: groupScopeStory
- G004 matrix route /settings/profile: no weak fallback marker
- G004 matrix route /settings/profile: no weak unclassified marker
- G004 matrix route /settings/profile: no weak demo marker
- G004 matrix route /settings/profile: no weak stub marker
- G004 matrix route /settings/profile: no weak placeholder marker
- G004 matrix route /settings/profile: no weak coming soon marker
- G004 matrix route /settings/profile: screenshot/trace is explicitly non-closed
- G004 matrix route /settings/security: exists in route audit
- G004 matrix route /settings/security: ownerLane contains G004
- G004 matrix route /settings/security: browser story required
- G004 matrix route /settings/security: sourceObject
- G004 matrix route /settings/security: lifecycleStates
- G004 matrix route /settings/security: denialScopeTest
- G004 matrix route /settings/security: groupScopeStory
- G004 matrix route /settings/security: no weak fallback marker
- G004 matrix route /settings/security: no weak unclassified marker
- G004 matrix route /settings/security: no weak demo marker
- G004 matrix route /settings/security: no weak stub marker
- G004 matrix route /settings/security: no weak placeholder marker
- G004 matrix route /settings/security: no weak coming soon marker
- G004 matrix route /settings/security: screenshot/trace is explicitly non-closed
- G004 matrix route /settings/users: exists in route audit
- G004 matrix route /settings/users: ownerLane contains G004
- G004 matrix route /settings/users: browser story required
- G004 matrix route /settings/users: sourceObject
- G004 matrix route /settings/users: lifecycleStates
- G004 matrix route /settings/users: denialScopeTest
- G004 matrix route /settings/users: groupScopeStory
- G004 matrix route /settings/users: no weak fallback marker
- G004 matrix route /settings/users: no weak unclassified marker
- G004 matrix route /settings/users: no weak demo marker
- G004 matrix route /settings/users: no weak stub marker
- G004 matrix route /settings/users: no weak placeholder marker
- G004 matrix route /settings/users: no weak coming soon marker
- G004 matrix route /settings/users: screenshot/trace is explicitly non-closed
- G004 matrix route /settings/group: exists in route audit
- G004 matrix route /settings/group: ownerLane contains G004
- G004 matrix route /settings/group: browser story required
- G004 matrix route /settings/group: sourceObject
- G004 matrix route /settings/group: lifecycleStates
- G004 matrix route /settings/group: denialScopeTest
- G004 matrix route /settings/group: groupScopeStory
- G004 matrix route /settings/group: no weak fallback marker
- G004 matrix route /settings/group: no weak unclassified marker
- G004 matrix route /settings/group: no weak demo marker
- G004 matrix route /settings/group: no weak stub marker
- G004 matrix route /settings/group: no weak placeholder marker
- G004 matrix route /settings/group: no weak coming soon marker
- G004 matrix route /settings/group: screenshot/trace is explicitly non-closed
- G004 matrix route /settings/org: exists in route audit
- G004 matrix route /settings/org: ownerLane contains G004
- G004 matrix route /settings/org: browser story required
- G004 matrix route /settings/org: sourceObject
- G004 matrix route /settings/org: lifecycleStates
- G004 matrix route /settings/org: denialScopeTest
- G004 matrix route /settings/org: groupScopeStory
- G004 matrix route /settings/org: no weak fallback marker
- G004 matrix route /settings/org: no weak unclassified marker
- G004 matrix route /settings/org: no weak demo marker
- G004 matrix route /settings/org: no weak stub marker
- G004 matrix route /settings/org: no weak placeholder marker
- G004 matrix route /settings/org: no weak coming soon marker
- G004 matrix route /settings/org: screenshot/trace is explicitly non-closed
- G004 matrix route /settings/employees: exists in route audit
- G004 matrix route /settings/employees: ownerLane contains G004
- G004 matrix route /settings/employees: browser story required
- G004 matrix route /settings/employees: sourceObject
- G004 matrix route /settings/employees: lifecycleStates
- G004 matrix route /settings/employees: denialScopeTest
- G004 matrix route /settings/employees: groupScopeStory
- G004 matrix route /settings/employees: no weak fallback marker
- G004 matrix route /settings/employees: no weak unclassified marker
- G004 matrix route /settings/employees: no weak demo marker
- G004 matrix route /settings/employees: no weak stub marker
- G004 matrix route /settings/employees: no weak placeholder marker
- G004 matrix route /settings/employees: no weak coming soon marker
- G004 matrix route /settings/employees: screenshot/trace is explicitly non-closed
- G004 matrix route /payroll: exists in route audit
- G004 matrix route /payroll: ownerLane contains G004
- G004 matrix route /payroll: browser story required
- G004 matrix route /payroll: sourceObject
- G004 matrix route /payroll: lifecycleStates
- G004 matrix route /payroll: denialScopeTest
- G004 matrix route /payroll: groupScopeStory
- G004 matrix route /payroll: no weak fallback marker
- G004 matrix route /payroll: no weak unclassified marker
- G004 matrix route /payroll: no weak demo marker
- G004 matrix route /payroll: no weak stub marker
- G004 matrix route /payroll: no weak placeholder marker
- G004 matrix route /payroll: no weak coming soon marker
- G004 matrix route /payroll: screenshot/trace is explicitly non-closed
- G004 matrix route /hr/leave-management: exists in route audit
- G004 matrix route /hr/leave-management: ownerLane contains G004
- G004 matrix route /hr/leave-management: browser story required
- G004 matrix route /hr/leave-management: sourceObject
- G004 matrix route /hr/leave-management: lifecycleStates
- G004 matrix route /hr/leave-management: denialScopeTest
- G004 matrix route /hr/leave-management: groupScopeStory
- G004 matrix route /hr/leave-management: no weak fallback marker
- G004 matrix route /hr/leave-management: no weak unclassified marker
- G004 matrix route /hr/leave-management: no weak demo marker
- G004 matrix route /hr/leave-management: no weak stub marker
- G004 matrix route /hr/leave-management: no weak placeholder marker
- G004 matrix route /hr/leave-management: no weak coming soon marker
- G004 matrix route /hr/leave-management: screenshot/trace is explicitly non-closed
- G004 matrix route /hr/insurance: exists in route audit
- G004 matrix route /hr/insurance: ownerLane contains G004
- G004 matrix route /hr/insurance: browser story required
- G004 matrix route /hr/insurance: sourceObject
- G004 matrix route /hr/insurance: lifecycleStates
- G004 matrix route /hr/insurance: denialScopeTest
- G004 matrix route /hr/insurance: groupScopeStory
- G004 matrix route /hr/insurance: no weak fallback marker
- G004 matrix route /hr/insurance: no weak unclassified marker
- G004 matrix route /hr/insurance: no weak demo marker
- G004 matrix route /hr/insurance: no weak stub marker
- G004 matrix route /hr/insurance: no weak placeholder marker
- G004 matrix route /hr/insurance: no weak coming soon marker
- G004 matrix route /hr/insurance: screenshot/trace is explicitly non-closed
- G004 matrix route /attendance: exists in route audit
- G004 matrix route /attendance: ownerLane contains G004
- G004 matrix route /attendance: browser story required
- G004 matrix route /attendance: sourceObject
- G004 matrix route /attendance: lifecycleStates
- G004 matrix route /attendance: denialScopeTest
- G004 matrix route /attendance: groupScopeStory
- G004 matrix route /attendance: no weak fallback marker
- G004 matrix route /attendance: no weak unclassified marker
- G004 matrix route /attendance: no weak demo marker
- G004 matrix route /attendance: no weak stub marker
- G004 matrix route /attendance: no weak placeholder marker
- G004 matrix route /attendance: no weak coming soon marker
- G004 matrix route /attendance: screenshot/trace is explicitly non-closed
- G004 matrix route /settings/policy: exists in route audit
- G004 matrix route /settings/policy: ownerLane contains G004
- G004 matrix route /settings/policy: browser story required
- G004 matrix route /settings/policy: sourceObject
- G004 matrix route /settings/policy: lifecycleStates
- G004 matrix route /settings/policy: denialScopeTest
- G004 matrix route /settings/policy: groupScopeStory
- G004 matrix route /settings/policy: no weak fallback marker
- G004 matrix route /settings/policy: no weak unclassified marker
- G004 matrix route /settings/policy: no weak demo marker
- G004 matrix route /settings/policy: no weak stub marker
- G004 matrix route /settings/policy: no weak placeholder marker
- G004 matrix route /settings/policy: no weak coming soon marker
- G004 matrix route /settings/policy: screenshot/trace is explicitly non-closed
- G004 matrix route /config-console: exists in route audit
- G004 matrix route /config-console: ownerLane contains G004
- G004 matrix route /config-console: browser story required
- G004 matrix route /config-console: sourceObject
- G004 matrix route /config-console: lifecycleStates
- G004 matrix route /config-console: denialScopeTest
- G004 matrix route /config-console: groupScopeStory
- G004 matrix route /config-console: no weak fallback marker
- G004 matrix route /config-console: no weak unclassified marker
- G004 matrix route /config-console: no weak demo marker
- G004 matrix route /config-console: no weak stub marker
- G004 matrix route /config-console: no weak placeholder marker
- G004 matrix route /config-console: no weak coming soon marker
- G004 matrix route /config-console: screenshot/trace is explicitly non-closed
- backend contract backend/crates/platform/db/migrations/0060_create_groups_and_membership.sql: present
- backend contract backend/crates/platform/db/migrations/0060_create_groups_and_membership.sql: rationale
- backend contract backend/crates/platform/db/migrations/0060_create_groups_and_membership.sql required snippets
- backend contract backend/crates/platform/db/migrations/0060_create_groups_and_membership.sql: A Group is NOT a tenant
- backend contract backend/crates/platform/db/migrations/0060_create_groups_and_membership.sql: group_member_org_ids
- backend contract backend/crates/platform/db/migrations/0060_create_groups_and_membership.sql: group_role_grants_for_user
- backend contract backend/crates/platform/db/migrations/0060_create_groups_and_membership.sql: REVOKE ALL ON groups, group_memberships, group_role_grants
- backend contract backend/crates/platform/db/migrations/0060_create_groups_and_membership.sql: SET LOCAL row_security = on
- backend contract backend/crates/platform/db/migrations/0064_platform_group_accounts.sql: present
- backend contract backend/crates/platform/db/migrations/0064_platform_group_accounts.sql: rationale
- backend contract backend/crates/platform/db/migrations/0064_platform_group_accounts.sql required snippets
- backend contract backend/crates/platform/db/migrations/0064_platform_group_accounts.sql: platform_update_group
- backend contract backend/crates/platform/db/migrations/0064_platform_group_accounts.sql: platform_list_group_accounts
- backend contract backend/crates/platform/db/migrations/0064_platform_group_accounts.sql: platform_create_group_account
- backend contract backend/crates/platform/db/migrations/0064_platform_group_accounts.sql: platform_revoke_group_role
- backend contract backend/crates/platform/db/migrations/0064_platform_group_accounts.sql: PENDING_SETUP
- backend contract backend/crates/platform/db/migrations/0065_create_policy_roles.sql: present
- backend contract backend/crates/platform/db/migrations/0065_create_policy_roles.sql: rationale
- backend contract backend/crates/platform/db/migrations/0065_create_policy_roles.sql required snippets
- backend contract backend/crates/platform/db/migrations/0065_create_policy_roles.sql: policy_roles
- backend contract backend/crates/platform/db/migrations/0065_create_policy_roles.sql: policy_role_permissions
- backend contract backend/crates/platform/db/migrations/0065_create_policy_roles.sql: policy_role_conditions
- backend contract backend/crates/platform/db/migrations/0065_create_policy_roles.sql: user_role_assignments
- backend contract backend/crates/platform/db/migrations/0065_create_policy_roles.sql: policy_assignment_preview_receipts
- backend contract backend/crates/platform/db/migrations/0065_create_policy_roles.sql: 'group'
- backend contract backend/crates/platform/db/migrations/0065_create_policy_roles.sql: 'tenant'
- backend contract backend/crates/platform/db/migrations/0065_create_policy_roles.sql: 'organization'
- backend contract backend/crates/platform/db/migrations/0065_create_policy_roles.sql: 'department'
- backend contract backend/crates/platform/db/migrations/0065_create_policy_roles.sql: 'team'
- backend contract backend/crates/platform/db/migrations/0065_create_policy_roles.sql: 'position'
- backend contract backend/crates/platform/db/migrations/0065_create_policy_roles.sql: 'employment_status'
- backend contract backend/crates/platform/db/migrations/0065_create_policy_roles.sql: 'action'
- backend contract backend/crates/platform/db/migrations/0065_create_policy_roles.sql: 'resource'
- backend contract backend/crates/platform/db/migrations/0065_create_policy_roles.sql: 'sensitive_action'
- backend contract backend/crates/platform/db/migrations/0065_create_policy_roles.sql: CREATE POLICY org_isolation
- backend contract backend/crates/platform/db/migrations/0067_auth_device_login_handoff.sql: present
- backend contract backend/crates/platform/db/migrations/0067_auth_device_login_handoff.sql: rationale
- backend contract backend/crates/platform/db/migrations/0067_auth_device_login_handoff.sql required snippets
- backend contract backend/crates/platform/db/migrations/0067_auth_device_login_handoff.sql: Cross-device passkey login handoff
- backend contract backend/crates/platform/db/migrations/0067_auth_device_login_handoff.sql: poll_token_hash
- backend contract backend/crates/platform/db/migrations/0067_auth_device_login_handoff.sql: approve_token_hash
- backend contract backend/crates/platform/db/migrations/0067_auth_device_login_handoff.sql: phone must prove possession of an existing passkey
- backend contract backend/crates/platform/db/migrations/0067_auth_device_login_handoff.sql: GRANT SELECT, INSERT, UPDATE ON auth_device_login_handoffs TO console_rt
- backend contract backend/crates/platform/db/migrations/0071_create_employee_lifecycle_events.sql: present
- backend contract backend/crates/platform/db/migrations/0071_create_employee_lifecycle_events.sql: rationale
- backend contract backend/crates/platform/db/migrations/0071_create_employee_lifecycle_events.sql required snippets
- backend contract backend/crates/platform/db/migrations/0071_create_employee_lifecycle_events.sql: ONBOARD
- backend contract backend/crates/platform/db/migrations/0071_create_employee_lifecycle_events.sql: OFFBOARD
- backend contract backend/crates/platform/db/migrations/0071_create_employee_lifecycle_events.sql: TERMINATE
- backend contract backend/crates/platform/db/migrations/0071_create_employee_lifecycle_events.sql: TRANSFER
- backend contract backend/crates/platform/db/migrations/0071_create_employee_lifecycle_events.sql: signoffs
- backend contract backend/crates/platform/db/migrations/0071_create_employee_lifecycle_events.sql: employee_lifecycle_events is append-only
- backend contract backend/crates/platform/db/migrations/0071_create_employee_lifecycle_events.sql: CREATE POLICY org_isolation
- backend contract backend/crates/platform/db/migrations/0030_enable_rls.sql: present
- backend contract backend/crates/platform/db/migrations/0030_enable_rls.sql: rationale
- backend contract backend/crates/platform/db/migrations/0030_enable_rls.sql required snippets
- backend contract backend/crates/platform/db/migrations/0030_enable_rls.sql: ENABLE ROW LEVEL SECURITY
- backend contract backend/crates/platform/db/migrations/0030_enable_rls.sql: CREATE POLICY org_isolation
- backend contract backend/crates/platform/db/migrations/0030_enable_rls.sql: app.current_org
- backend contract backend/crates/platform/db/migrations/0031_runtime_role_and_immutable_org.sql: present
- backend contract backend/crates/platform/db/migrations/0031_runtime_role_and_immutable_org.sql: rationale
- backend contract backend/crates/platform/db/migrations/0031_runtime_role_and_immutable_org.sql required snippets
- backend contract backend/crates/platform/db/migrations/0031_runtime_role_and_immutable_org.sql: console_rt
- backend contract backend/crates/platform/db/migrations/0031_runtime_role_and_immutable_org.sql: enforce_org_id_immutable
- backend contract backend/crates/platform/db/migrations/0031_runtime_role_and_immutable_org.sql: GRANT SELECT, INSERT, UPDATE, DELETE
- backend contract backend/crates/platform/db/migrations/0035_enable_rls_rollout.sql: present
- backend contract backend/crates/platform/db/migrations/0035_enable_rls_rollout.sql: rationale
- backend contract backend/crates/platform/db/migrations/0035_enable_rls_rollout.sql required snippets
- backend contract backend/crates/platform/db/migrations/0035_enable_rls_rollout.sql: ENABLE + FORCE RLS
- backend contract backend/crates/platform/db/migrations/0035_enable_rls_rollout.sql: CREATE POLICY org_isolation ON audit_events
- backend contract backend/crates/platform/db/migrations/0035_enable_rls_rollout.sql: ALTER TABLE
- G004 backend test backend/app/tests/auth_rest.rs: present
- G004 backend test backend/app/tests/platform_onboarding_e2e.rs: present
- G004 backend test backend/app/tests/tenant_context_e2e.rs: present
- G004 backend test backend/app/tests/audit_api.rs: present
- G004 backend test backend/crates/platform/authz/tests/policy.rs: present
- G004 backend test backend/crates/identity/rest/tests/org_setup.rs: present
- G004 backend test backend/crates/platform/platform-rest/tests/platform_groups.rs: present
- G004 backend test backend/crates/platform/provisioning/tests/bootstrap_passkey.rs: present
- G004 backend test backend/crates/platform/provisioning/tests/self_enroll_handoff_as_runtime_role.rs: present
- people HR gate has no stale G027 owner id

── [fast] G005 workflow approval Work Hub lifecycle gate  (cwd: .)
npm notice run check:g005-workflow-lifecycle
npm notice run node scripts/check-g005-workflow-lifecycle.mjs
G005 workflow lifecycle gate passed (277 checks).
- package script check:g005-workflow-lifecycle
- CI runs G005 workflow lifecycle gate
- G005 workflow lifecycle matrix: present
- enterprise UI route audit register: present
- G005 matrix schema version 1
- G005 matrix goal id
- G005 matrix records live-evidence non-claim policy
- G005 matrix routePaths
- G005 matrix dependency routePaths
- requiredBackendTests
- G005 backend contract inventory
- G005 safety assertions
- G005 route /overview: path
- G005 route /overview: owner marker
- G005 route /overview: required story
- G005 route /approvals: path
- G005 route /approvals: owner marker
- G005 route /approvals: required story
- G005 route /settings/workflows: path
- G005 route /settings/workflows: owner marker
- G005 route /settings/workflows: required story
- G005 route /work-orders/:id: path
- G005 route /work-orders/:id: owner marker
- G005 route /work-orders/:id: required story
- G005 route /intake: path
- G005 route /intake: owner marker
- G005 route /intake: required story
- G005 route /daily-plan: path
- G005 route /daily-plan: owner marker
- G005 route /daily-plan: required story
- G005 route /automate: path
- G005 route /automate: owner marker
- G005 route /automate: required story
- G005 route group overview: covered
- G005 route group approvals: covered
- G005 route group workflow-builder: covered
- G005 route group work-order-detail: covered
- G005 route group intake: covered
- G005 route group planned-work: covered
- enterprise route audit has G005-owned rows
- route audit /overview: represented in G005 matrix
- route audit /approvals: represented in G005 matrix
- route audit /settings/workflows: represented in G005 matrix
- route audit /work-orders/:id: represented in G005 matrix
- route audit /intake: represented in G005 matrix
- route audit /daily-plan: represented in G005 matrix
- route audit /automate: represented in G005 matrix
- G005 matrix route /overview: exists in route audit
- G005 matrix route /overview: ownerLane contains G005
- G005 matrix route /overview: browser story required
- G005 matrix route /overview: comment/evidence story
- G005 matrix route /overview: sourceObject
- G005 matrix route /overview: lifecycleStates
- G005 matrix route /overview: denialScopeTest
- G005 matrix route /overview: groupScopeStory
- G005 matrix route /overview: no weak fallback marker
- G005 matrix route /overview: no weak unclassified marker
- G005 matrix route /overview: no weak demo marker
- G005 matrix route /overview: no weak placeholder marker
- G005 matrix route /overview: no weak coming soon marker
- G005 matrix route /overview: no weak black background marker
- G005 matrix route /overview: no weak text wall marker
- G005 matrix route /overview: screenshot/trace is explicitly non-closed
- G005 matrix route /approvals: exists in route audit
- G005 matrix route /approvals: ownerLane contains G005
- G005 matrix route /approvals: browser story required
- G005 matrix route /approvals: comment/evidence story
- G005 matrix route /approvals: sourceObject
- G005 matrix route /approvals: lifecycleStates
- G005 matrix route /approvals: denialScopeTest
- G005 matrix route /approvals: groupScopeStory
- G005 matrix route /approvals: no weak fallback marker
- G005 matrix route /approvals: no weak unclassified marker
- G005 matrix route /approvals: no weak demo marker
- G005 matrix route /approvals: no weak placeholder marker
- G005 matrix route /approvals: no weak coming soon marker
- G005 matrix route /approvals: no weak black background marker
- G005 matrix route /approvals: no weak text wall marker
- G005 matrix route /approvals: screenshot/trace is explicitly non-closed
- G005 matrix route /settings/workflows: exists in route audit
- G005 matrix route /settings/workflows: ownerLane contains G005
- G005 matrix route /settings/workflows: browser story required
- G005 matrix route /settings/workflows: comment/evidence story
- G005 matrix route /settings/workflows: sourceObject
- G005 matrix route /settings/workflows: lifecycleStates
- G005 matrix route /settings/workflows: denialScopeTest
- G005 matrix route /settings/workflows: groupScopeStory
- G005 matrix route /settings/workflows: no weak fallback marker
- G005 matrix route /settings/workflows: no weak unclassified marker
- G005 matrix route /settings/workflows: no weak demo marker
- G005 matrix route /settings/workflows: no weak placeholder marker
- G005 matrix route /settings/workflows: no weak coming soon marker
- G005 matrix route /settings/workflows: no weak black background marker
- G005 matrix route /settings/workflows: no weak text wall marker
- G005 matrix route /settings/workflows: screenshot/trace is explicitly non-closed
- G005 matrix route /work-orders/:id: exists in route audit
- G005 matrix route /work-orders/:id: ownerLane contains G005
- G005 matrix route /work-orders/:id: browser story required
- G005 matrix route /work-orders/:id: comment/evidence story
- G005 matrix route /work-orders/:id: sourceObject
- G005 matrix route /work-orders/:id: lifecycleStates
- G005 matrix route /work-orders/:id: denialScopeTest
- G005 matrix route /work-orders/:id: groupScopeStory
- G005 matrix route /work-orders/:id: no weak fallback marker
- G005 matrix route /work-orders/:id: no weak unclassified marker
- G005 matrix route /work-orders/:id: no weak demo marker
- G005 matrix route /work-orders/:id: no weak placeholder marker
- G005 matrix route /work-orders/:id: no weak coming soon marker
- G005 matrix route /work-orders/:id: no weak black background marker
- G005 matrix route /work-orders/:id: no weak text wall marker
- G005 matrix route /work-orders/:id: screenshot/trace is explicitly non-closed
- G005 matrix route /intake: exists in route audit
- G005 matrix route /intake: ownerLane contains G005
- G005 matrix route /intake: browser story required
- G005 matrix route /intake: comment/evidence story
- G005 matrix route /intake: sourceObject
- G005 matrix route /intake: lifecycleStates
- G005 matrix route /intake: denialScopeTest
- G005 matrix route /intake: groupScopeStory
- G005 matrix route /intake: no weak fallback marker
- G005 matrix route /intake: no weak unclassified marker
- G005 matrix route /intake: no weak demo marker
- G005 matrix route /intake: no weak placeholder marker
- G005 matrix route /intake: no weak coming soon marker
- G005 matrix route /intake: no weak black background marker
- G005 matrix route /intake: no weak text wall marker
- G005 matrix route /intake: screenshot/trace is explicitly non-closed
- G005 matrix route /daily-plan: exists in route audit
- G005 matrix route /daily-plan: ownerLane contains G005
- G005 matrix route /daily-plan: browser story required
- G005 matrix route /daily-plan: comment/evidence story
- G005 matrix route /daily-plan: sourceObject
- G005 matrix route /daily-plan: lifecycleStates
- G005 matrix route /daily-plan: denialScopeTest
- G005 matrix route /daily-plan: groupScopeStory
- G005 matrix route /daily-plan: no weak fallback marker
- G005 matrix route /daily-plan: no weak unclassified marker
- G005 matrix route /daily-plan: no weak demo marker
- G005 matrix route /daily-plan: no weak placeholder marker
- G005 matrix route /daily-plan: no weak coming soon marker
- G005 matrix route /daily-plan: no weak black background marker
- G005 matrix route /daily-plan: no weak text wall marker
- G005 matrix route /daily-plan: screenshot/trace is explicitly non-closed
- G005 matrix route /automate: exists in route audit
- G005 matrix route /automate: ownerLane contains G005
- G005 matrix route /automate: browser story required
- G005 matrix route /automate: comment/evidence story
- G005 matrix route /automate: sourceObject
- G005 matrix route /automate: lifecycleStates
- G005 matrix route /automate: denialScopeTest
- G005 matrix route /automate: groupScopeStory
- G005 matrix route /automate: no weak fallback marker
- G005 matrix route /automate: no weak unclassified marker
- G005 matrix route /automate: no weak demo marker
- G005 matrix route /automate: no weak placeholder marker
- G005 matrix route /automate: no weak coming soon marker
- G005 matrix route /automate: no weak black background marker
- G005 matrix route /automate: no weak text wall marker
- G005 matrix route /automate: screenshot/trace is explicitly non-closed
- G005 dependency route /dispatch: exists in route audit
- G005 dependency route /dispatch: G005 workflow dependencies
- G005 dependency route /dispatch: required story
- G005 dependency route /support: exists in route audit
- G005 dependency route /support: G005 workflow/object lifecycle
- G005 dependency route /support: required story
- G005 dependency route /financial: exists in route audit
- G005 dependency route /financial: approval/payment line
- G005 dependency route /financial: required story
- backend contract backend/app/src/workflow_studio.rs: present
- backend contract backend/app/src/workflow_studio.rs: rationale
- backend contract backend/app/src/workflow_studio.rs required snippets
- backend contract backend/app/src/workflow_studio.rs: WORKFLOW_STUDIO_DEFINITION_SIMULATE_PATH_TEMPLATE
- backend contract backend/app/src/workflow_studio.rs: WORKFLOW_STUDIO_DEFINITION_PUBLISH_PATH_TEMPLATE
- backend contract backend/app/src/workflow_studio.rs: internal.approvals
- backend contract backend/app/src/workflow_studio.rs: internal.notifications
- backend contract backend/app/src/workflow_studio.rs: internal.mail
- backend contract backend/app/src/workflow_studio.rs: internal.audit
- backend contract backend/app/src/workflow_studio.rs: purchase_payment_approval
- backend contract backend/app/src/workflow_studio.rs: required_payment_line: true
- backend contract backend/app/src/workflow_studio.rs: validate_publishable
- backend contract backend/app/src/workflow_studio.rs: missing_approval_line
- backend contract backend/app/src/workflow_studio.rs: missing_payment_line
- backend contract backend/app/src/workflow_studio.rs: verify_workflow_step_up
- backend contract backend/app/src/workflow_studio.rs: passkey_step_up_required
- backend contract backend/app/src/workflow_studio.rs: with_audit
- backend contract backend/app/src/workflow_studio.rs: record_workflow_studio_request
- backend contract backend/crates/platform/db/migrations/0069_create_workflow_studio.sql: present
- backend contract backend/crates/platform/db/migrations/0069_create_workflow_studio.sql: rationale
- backend contract backend/crates/platform/db/migrations/0069_create_workflow_studio.sql required snippets
- backend contract backend/crates/platform/db/migrations/0069_create_workflow_studio.sql: workflow_definitions
- backend contract backend/crates/platform/db/migrations/0069_create_workflow_studio.sql: workflow_definition_versions
- backend contract backend/crates/platform/db/migrations/0069_create_workflow_studio.sql: workflow_definition_events
- backend contract backend/crates/platform/db/migrations/0069_create_workflow_studio.sql: approval_line
- backend contract backend/crates/platform/db/migrations/0069_create_workflow_studio.sql: payment_line
- backend contract backend/crates/platform/db/migrations/0069_create_workflow_studio.sql: notification_rules
- backend contract backend/crates/platform/db/migrations/0069_create_workflow_studio.sql: required_approval_line
- backend contract backend/crates/platform/db/migrations/0069_create_workflow_studio.sql: required_payment_line
- backend contract backend/crates/platform/db/migrations/0069_create_workflow_studio.sql: workflow_studio_append_only_immutable
- backend contract backend/crates/platform/db/migrations/0069_create_workflow_studio.sql: CREATE POLICY org_isolation
- backend contract backend/crates/platform/db/migrations/0069_create_workflow_studio.sql: GRANT SELECT, INSERT, UPDATE, DELETE ON workflow_definitions
- backend contract backend/crates/platform/db/migrations/0068_work_order_approval_decision_comments.sql: present
- backend contract backend/crates/platform/db/migrations/0068_work_order_approval_decision_comments.sql: rationale
- backend contract backend/crates/platform/db/migrations/0068_work_order_approval_decision_comments.sql required snippets
- backend contract backend/crates/platform/db/migrations/0068_work_order_approval_decision_comments.sql: signing-equivalent business events
- backend contract backend/crates/platform/db/migrations/0068_work_order_approval_decision_comments.sql: decision_comment
- backend contract backend/crates/platform/db/migrations/0068_work_order_approval_decision_comments.sql: work_order_approval_steps
- backend contract backend/crates/workorder/rest/src/lib.rs: present
- backend contract backend/crates/workorder/rest/src/lib.rs: rationale
- backend contract backend/crates/workorder/rest/src/lib.rs required snippets
- backend contract backend/crates/workorder/rest/src/lib.rs: /api/approval-items
- backend contract backend/crates/workorder/rest/src/lib.rs: list_approval_items
- backend contract backend/crates/workorder/rest/src/lib.rs: REPORT_SUBMITTED
- backend contract backend/crates/workorder/rest/src/lib.rs: ADMIN_REVIEW
- backend contract backend/crates/workorder/rest/src/lib.rs: NOT IN ('FINAL_COMPLETED', 'REJECTED', 'ARCHIVED', 'CANCELLED')
- backend contract backend/crates/workorder/rest/src/lib.rs: /approvals?source=work-order&focus=
- backend contract backend/crates/workorder/rest/src/lib.rs: /daily-plan?planId=
- backend contract backend/crates/workorder/rest/src/lib.rs: #target-change-
- backend contract backend/crates/workorder/adapter-postgres/src/lib.rs: present
- backend contract backend/crates/workorder/adapter-postgres/src/lib.rs: rationale
- backend contract backend/crates/workorder/adapter-postgres/src/lib.rs required snippets
- backend contract backend/crates/workorder/adapter-postgres/src/lib.rs: approval comment is required
- backend contract backend/crates/workorder/adapter-postgres/src/lib.rs: reject memo is required
- backend contract backend/crates/workorder/adapter-postgres/src/lib.rs: decision_comment
- backend contract backend/crates/workorder/adapter-postgres/src/lib.rs: work_order.approve
- backend contract backend/crates/workorder/adapter-postgres/src/lib.rs: work_order.reject
- backend contract backend/crates/workorder/adapter-postgres/src/lib.rs: list_daily_plans
- backend contract backend/crates/workorder/adapter-postgres/src/lib.rs: DRAFT/REQUESTED
- backend contract backend/crates/workorder/adapter-postgres/src/lib.rs: daily_plan.review
- backend contract backend/crates/workorder/adapter-postgres/src/lib.rs: daily_plan.confirm
- backend contract backend/crates/workorder/adapter-postgres/src/lib.rs: create_outsource_work
- backend contract backend/crates/workorder/domain/src/lib.rs: present
- backend contract backend/crates/workorder/domain/src/lib.rs: rationale
- backend contract backend/crates/workorder/domain/src/lib.rs required snippets
- backend contract backend/crates/workorder/domain/src/lib.rs: approval_line_complete
- backend contract backend/crates/workorder/domain/src/lib.rs: completion_evidence_verified
- backend contract backend/crates/workorder/domain/src/lib.rs: ApprovalLine
- backend contract backend/crates/workorder/domain/src/lib.rs: approve_next
- backend contract backend/crates/workorder/domain/src/lib.rs: FinalCompletionInterlock
- backend contract backend/crates/platform/db/migrations/0008_create_work_orders.sql: present
- backend contract backend/crates/platform/db/migrations/0008_create_work_orders.sql: rationale
- backend contract backend/crates/platform/db/migrations/0008_create_work_orders.sql required snippets
- backend contract backend/crates/platform/db/migrations/0008_create_work_orders.sql: work_order_approval_steps
- backend contract backend/crates/platform/db/migrations/0008_create_work_orders.sql: work_order_status_history
- backend contract backend/crates/platform/db/migrations/0008_create_work_orders.sql: DRAFT
- backend contract backend/crates/platform/db/migrations/0008_create_work_orders.sql: REQUESTED
- backend contract backend/crates/platform/db/migrations/0008_create_work_orders.sql: APPROVED
- backend contract backend/crates/platform/db/migrations/0008_create_work_orders.sql: REJECTED
- backend contract backend/crates/platform/db/migrations/0008_create_work_orders.sql: FINAL_CONFIRMED
- backend contract backend/crates/platform/db/migrations/0009_create_evidence_media.sql: present
- backend contract backend/crates/platform/db/migrations/0009_create_evidence_media.sql: rationale
- backend contract backend/crates/platform/db/migrations/0009_create_evidence_media.sql required snippets
- backend contract backend/crates/platform/db/migrations/0009_create_evidence_media.sql: evidence_media
- backend contract backend/crates/platform/db/migrations/0009_create_evidence_media.sql: worm_replica_status
- backend contract backend/crates/platform/db/migrations/0009_create_evidence_media.sql: unverified_evidence_admin_queue
- backend contract backend/crates/platform/db/migrations/0052_add_evidence_media_processing.sql: present
- backend contract backend/crates/platform/db/migrations/0052_add_evidence_media_processing.sql: rationale
- backend contract backend/crates/platform/db/migrations/0052_add_evidence_media_processing.sql required snippets
- backend contract backend/crates/platform/db/migrations/0052_add_evidence_media_processing.sql: processing_status
- backend contract backend/crates/platform/db/migrations/0052_add_evidence_media_processing.sql: PROCESSING
- backend contract backend/crates/platform/db/migrations/0052_add_evidence_media_processing.sql: READY
- backend contract backend/crates/platform/db/migrations/0052_add_evidence_media_processing.sql: FAILED
- backend contract backend/crates/platform/db/migrations/0019_harden_worm_and_alert_leases.sql: present
- backend contract backend/crates/platform/db/migrations/0019_harden_worm_and_alert_leases.sql: rationale
- backend contract backend/crates/platform/db/migrations/0019_harden_worm_and_alert_leases.sql required snippets
- backend contract backend/crates/platform/db/migrations/0019_harden_worm_and_alert_leases.sql: evidence_media_reject_terminal_completion
- backend contract backend/crates/platform/db/migrations/0019_harden_worm_and_alert_leases.sql: FINAL_COMPLETED
- backend contract backend/crates/platform/db/migrations/0019_harden_worm_and_alert_leases.sql: ARCHIVED
- backend contract backend/crates/platform/db/migrations/0019_harden_worm_and_alert_leases.sql: CANCELLED
- backend contract backend/crates/platform/db/migrations/0019_harden_worm_and_alert_leases.sql: PENDING
- backend contract backend/crates/platform/db/migrations/0019_harden_worm_and_alert_leases.sql: SENT
- backend contract backend/crates/platform/db/migrations/0019_harden_worm_and_alert_leases.sql: FAILED
- G005 backend test backend/app/tests/workorder_api.rs: present
- G005 backend test backend/crates/workorder/domain/tests/approval_and_assignment.rs: present
- G005 backend test backend/crates/workorder/rest/tests/mobile_evidence.rs: present
- G005 backend test backend/crates/platform/storage/tests/evidence_processing_rls_surfaces_as_runtime_role.rs: present
- G005 executable workflow/approval lifecycle
- G005 server-owned scoped approval feed

── [fast] Workflow runtime spine gate  (cwd: .)
npm notice run check:workflow-runtime-spine
npm notice run node scripts/check-workflow-runtime-spine.mjs
Workflow runtime spine gate passed (111 checks).
- ADR records workflow runtime tables
- ADR records workflow outbox
- package script check:workflow-runtime-spine
- CI runs workflow runtime spine gate
- workflow_runs: created
- workflow_runs: audited marker
- workflow_runs: RLS enabled
- workflow_runs: RLS forced
- workflow_runs: org isolation policy
- workflow_runs: table-qualified grants present
- workflow_runs: org immutable trigger
- workflow_runs: no-delete trigger
- workflow_node_runs: created
- workflow_node_runs: audited marker
- workflow_node_runs: RLS enabled
- workflow_node_runs: RLS forced
- workflow_node_runs: org isolation policy
- workflow_node_runs: table-qualified grants present
- workflow_node_runs: org immutable trigger
- workflow_node_runs: no-delete trigger
- workflow_waiting_tasks: created
- workflow_waiting_tasks: audited marker
- workflow_waiting_tasks: RLS enabled
- workflow_waiting_tasks: RLS forced
- workflow_waiting_tasks: org isolation policy
- workflow_waiting_tasks: table-qualified grants present
- workflow_waiting_tasks: org immutable trigger
- workflow_waiting_tasks: no-delete trigger
- workflow_outbox_events: created
- workflow_outbox_events: audited marker
- workflow_outbox_events: RLS enabled
- workflow_outbox_events: RLS forced
- workflow_outbox_events: org isolation policy
- workflow_outbox_events: table-qualified grants present
- workflow_outbox_events: org immutable trigger
- workflow_outbox_events: no-delete trigger
- workflow_execution_locks: created
- workflow_execution_locks: audited marker
- workflow_execution_locks: RLS enabled
- workflow_execution_locks: RLS forced
- workflow_execution_locks: org isolation policy
- workflow_execution_locks: table-qualified grants present
- workflow_execution_locks: org immutable trigger
- workflow_execution_locks: no-delete trigger
- workflow_runs: same-org compound key available
- workflow_runs: scoped to organization
- workflow_node_runs: same-org compound key available
- workflow_node_runs: scoped to organization
- workflow_waiting_tasks: same-org compound key available
- workflow_waiting_tasks: scoped to organization
- workflow_outbox_events: same-org compound key available
- workflow_outbox_events: scoped to organization
- workflow_node_runs: run same-org FK
- workflow_waiting_tasks: run same-org FK
- workflow_outbox_events: run same-org FK
- workflow_runs field definition_id
- workflow_runs field definition_version
- workflow_runs field idempotency_key
- workflow_runs field correlation_id
- workflow_runs field trace_id
- workflow_runs field object_type
- workflow_runs field object_id
- workflow_runs field initiated_by
- workflow_runs field started_at
- workflow_runs field completed_at
- workflow_runs field failed_at
- workflow_node_runs field node_key
- workflow_node_runs field node_type
- workflow_node_runs field attempt
- workflow_node_runs field input_payload
- workflow_node_runs field output_payload
- workflow_node_runs field error_payload
- workflow_waiting_tasks field waiting_key
- workflow_waiting_tasks field assignee_user_id
- workflow_waiting_tasks field assignee_role_key
- workflow_waiting_tasks field required_policy
- workflow_waiting_tasks field decision_payload
- workflow_waiting_tasks field completed_by
- workflow_waiting_tasks field completed_at
- workflow_waiting_tasks field passkey_assertion_id
- workflow_outbox_events field channel
- workflow_outbox_events field destination_ref
- workflow_outbox_events field payload
- workflow_outbox_events field attempt_count
- workflow_outbox_events field next_attempt_at
- workflow_outbox_events field delivered_at
- workflow_outbox_events field dead_lettered_at
- workflow_execution_locks field lock_key
- workflow_execution_locks field acquired_by
- workflow_execution_locks field expires_at
- durability guard workflow_runtime_no_delete
- durability guard workflow_runtime_org_immutable
- durability guard trg_workflow_runs_no_delete
- durability guard trg_workflow_node_runs_no_delete
- durability guard trg_workflow_waiting_tasks_no_delete
- durability guard trg_workflow_outbox_events_no_delete
- workflow runs bind to definition same-org FK
- workflow run initiator same-org FK
- waiting task assignee same-org FK
- waiting task claimer same-org FK
- waiting task completer same-org FK
- workflow run idempotency per org
- node attempt idempotency per run
- node run identity is scoped to parent run
- waiting/outbox node run must match parent run
- outbox idempotency per org
- outbox delivered status requires timestamp
- outbox dead-letter status requires timestamp and error evidence
- execution lock uniqueness per org
- object binding is explicit
- waiting task has an accountable assignee/policy

── [fast] Workflow runtime M2 strangler dark-landing gate  (cwd: .)
npm notice run check:workflow-runtime-m2-strangler
npm notice run node scripts/check-workflow-runtime-m2-strangler.mjs
Workflow runtime M2 strangler dark-landing gate passed (20 checks).
- workflow_runtime_m2_strangler resolves FALSE for every tenant: org_runtime_flags ships 0 enabled rows across 228 migrations; absent row => OFF via org_runtime_flag_enabled().
- org_runtime_flags table exists
- org_runtime_flags is tenant-scoped to organizations
- org_runtime_flags carries a flag_key
- enabled defaults FALSE (a written row is OFF unless explicitly enabled)
- org_runtime_flags enables RLS
- org_runtime_flags forces RLS (owner cannot bypass)
- org_runtime_flags has org isolation policy
- RLS keys off app.current_org (console_rt row boundary)
- explicit console_rt grants on org_runtime_flags
- console_rt cannot DELETE governance flags (append/update-only; inherited DELETE revoked)
- dark-by-default resolver function exists
- resolver returns boolean for a flag key
- resolver COALESCEs an absent row to FALSE under app.current_org (absent row => OFF)
- console_rt may call the dark-by-default resolver
- workflow_runtime_m2_strangler is a recognized flag key
- migration set is discoverable
- zero enabled rows shipped across 228 migrations
- spine gate remains wired
- package script check:workflow-runtime-m2-strangler is wired
- CI runs the M2 strangler dark-landing gate

── [fast] Workflow runtime M2 Cedar-guard observe-and-record gate  (cwd: .)
npm notice run check:workflow-runtime-m2-cedar-guards
npm notice run node --test scripts/check-workflow-runtime-m2-cedar-guards.test.mjs && node scripts/check-workflow-runtime-m2-cedar-guards.mjs
▶ audited transaction gate follows the owning helper and rejects broken effects
  ✔ current entry and shared helper pass (27.54975ms)
  ✔ rejects missing tenant binding (26.147833ms)
  ✔ rejects missing audit insertion (27.797917ms)
  ✔ rejects missing commit (26.675667ms)
  ✔ rejects missing rollback (27.4645ms)
  ✔ rejects disconnected entry even with an intact helper (28.502625ms)
✔ audited transaction gate follows the owning helper and rejects broken effects (171.130375ms)
ℹ tests 7
ℹ suites 0
ℹ pass 7
ℹ fail 0
ℹ cancelled 0
ℹ skipped 0
ℹ todo 0
ℹ duration_ms 204.101958
Workflow runtime M2 Cedar-guard observe-and-record gate passed (36 checks).
- Guards are strictly observe-and-record under DualEngineMode::LegacyOnly: legacy is the sole enforcer, inert Cedar can never deny/grant, and observe_cedar_pbac_decision records ONE shadow audit_events row inside the SAME with_audits transaction as the guarded state change.
- under LegacyOnly the boundary returns evaluate_legacy_contract(request) — legacy is the sole enforcer
- evaluate_legacy_contract takes no CedarEvaluation — legacy enforcement cannot read Cedar
- cedar_required(mode) is defined
- cedar_required enumerates the three Cedar-bearing modes
- cedar_required excludes LegacyOnly — Cedar is never required (or evaluated) under the M2 mode
- legacy decisions are stamped engine=Legacy, mode=LegacyOnly (legacy is the recorded enforcer)
- observe_cedar_pbac_decision is #[must_use] — the shadow observation cannot be silently dropped
- observe_cedar_pbac_decision is defined
- observe_cedar_pbac_decision is FED the already-computed decision — observation cannot change enforcement
- observe_cedar_pbac_decision returns exactly ONE AuthorizationAuditEvent per decision
- the shadow audit event carries the enforced decision verbatim (recorded, not recomputed)
- the shadow Cedar verdict (bundle + reason) is recorded on the audit event with zero enforcement weight
- AuthorizationDecision derives PartialEq — LegacyOnly parity is an exact equality
- with_audits(pool, org, closure) is the same-transaction audited-write helper the guard uses
- with_audits delegates its opened transaction, tenant and closure to the shared owner
- with_audits body is present
- with_audits arms app.current_org on the same tx BEFORE the closure (RLS-scoped console_rt write)
- with_audits inserts the audit event(s) and commits in the SAME transaction (atomic with the state change)
- with_audits rolls back on error so neither the state change nor the shadow audit row lands
- the proof pins DualEngineMode::LegacyOnly
- the proof asserts the enforced decision is byte-identical to the legacy decision (legacy sole enforcer)
- the proof exercises the inert Cedar shape CedarEvaluation::NotConfigured
- the proof exercises the inert Cedar shape CedarEvaluation::Allow
- the proof exercises the inert Cedar shape CedarEvaluation::Deny
- the proof exercises the inert Cedar shape CedarEvaluation::Error
- the proof records the shadow decision via observe_cedar_pbac_decision
- the proof asserts observation records — never mutates — the enforced decision
- the proof documents that the single shadow event lands via with_audits (same-txn audit row)
- backend/crates/workflow/runtime/src/authz_guard.rs: guard pins DualEngineMode::LegacyOnly
- backend/crates/workflow/runtime/src/authz_guard.rs: guard records the shadow decision via observe_cedar_pbac_decision
- backend/crates/workflow/runtime/src/authz_guard.rs: guard persists the shadow decision inside a with_audits transaction
- backend/crates/workflow/runtime/src/authz_guard.rs: enforcement never branches on the inert Cedar verdict
- spine gate remains wired
- M2 strangler dark-landing gate remains wired
- package script check:workflow-runtime-m2-cedar-guards is wired
- CI runs the M2 Cedar-guard observe-and-record gate

── [fast] Workflow runtime M2 flag-ON runtime gate  (cwd: .)
npm notice run check:workflow-runtime-m2-runtime
npm notice run node scripts/check-workflow-runtime-m2-runtime.mjs
Workflow runtime M2 flag-ON runtime gate passed (42 checks).
- Flag-ON (test tenant only) E2E drives one run→node FSM through the reused ADR-0018 spine and idempotently stages exactly ONE payroll_draft_runs row landing BLOCKED_LEGAL_GATE (source_label workflow_runtime_m2:run:{run_id}); the drain replay, outbox re-emit, and draft re-insert each add ZERO rows. Proven as the real console_rt role with app.current_org armed; no new runtime tables.
- the E2E is a #[sqlx::test] that applies the real migrations into a fresh DB
- the E2E drops to the genuine non-owner console_rt role (RLS is actually enforced)
- the E2E arms app.current_org so RLS scopes every statement (like with_org_conn)
- every role switch in the E2E targets console_rt (never a superuser/owner/BYPASSRLS role)
- the E2E enrolls the TEST tenant (org_runtime_flags enabled = TRUE) — flag ON
- the E2E resolves the flag through the real org_runtime_flag_enabled() resolver
- the E2E asserts the enrolled TEST tenant resolves the strangler flag ON
- the E2E asserts an un-enrolled tenant stays OFF (per-tenant strangler)
- the E2E drives the spine table workflow_runs
- the E2E drives the spine table workflow_node_runs
- the E2E drives the spine table workflow_outbox_events
- the E2E walks the run FSM through 'STARTING'
- the E2E walks the run FSM through 'RUNNING'
- the E2E walks the run FSM through 'SUCCEEDED'
- the E2E walks the node FSM through 'PENDING'
- the E2E walks the node FSM through 'SUCCEEDED'
- the payroll node emits a JOB outbox event (internal.jobs connector)
- the JOB outbox event targets the internal.jobs connector
- the E2E asserts exactly ONE workflow_runs row is created
- the drainer consumes the outbox with FOR UPDATE SKIP LOCKED
- the drainer stages the draft idempotently on the reused payroll natural key
- re-emitting the outbox event is idempotent on the spine UNIQUE(org_id, idempotency_key)
- the draft natural key is the deterministic per-run source_label workflow_runtime_m2:run:{run_id}
- the E2E asserts the staged draft lands status BLOCKED_LEGAL_GATE
- the E2E asserts the first drain stages exactly ONE payroll draft
- the E2E asserts a drain replay creates ZERO additional drafts
- the E2E asserts re-emitting the outbox event inserts ZERO rows
- the E2E asserts re-inserting the draft inserts ZERO rows
- the E2E asserts exactly ONE payroll_draft_runs row survives the replay
- the E2E asserts the runtime state is strictly tenant-scoped (RLS)
- the E2E creates NO tables — it reuses the spine (0077/0078), payroll (0074), strangler (0095), studio (0069)
- migration set is discoverable
- reuses migration 0069_create_workflow_studio.sql
- reuses migration 0074_create_payroll_readiness.sql
- reuses migration 0077_create_workflow_runtime_spine.sql
- reuses migration 0078_harden_workflow_runtime_integrity.sql
- reuses migration 0095_create_org_runtime_flags.sql
- spine gate remains wired
- M2 strangler dark-landing gate remains wired
- M2 Cedar-guard gate remains wired
- package script check:workflow-runtime-m2-runtime is wired
- CI runs the M2 flag-ON runtime E2E gate

── [fast] Workflow runtime M2 outbox-drainer transactional-idempotency gate  (cwd: .)
npm notice run check:workflow-runtime-m2-drainer
npm notice run node scripts/check-workflow-runtime-m2-drainer.mjs
Workflow runtime M2 drainer gate passed (38 checks).
- The outbox drainer's consume is ONE with_audits/consume txn: the ON CONFLICT DO NOTHING draft insert (reused UNIQUE(org_id, period_start, period_end, source_label), source_label workflow_runtime_m2:run:{run_id}), the outbox DELIVERED update, and the audit row all share that single transaction. A rolled-back drain persists NONE of them (all-or-nothing atomicity, event stays PENDING); a committed drain stages exactly ONE BLOCKED_LEGAL_GATE draft + ONE audit row and marks the event DELIVERED; replays add ZERO rows and the payroll_draft_runs count stays 1 across drains. Proven as the real console_rt role with app.current_org armed; no new runtime tables.
- the E2E is a #[sqlx::test] that applies the real migrations into a fresh DB
- the E2E drops to the genuine non-owner console_rt role (RLS is actually enforced)
- the E2E arms app.current_org so RLS scopes every statement (like with_org_conn)
- every role switch in the E2E targets console_rt (never a superuser/owner/BYPASSRLS role)
- the drainer claims the outbox with FOR UPDATE SKIP LOCKED
- the shared consume body drain_event_in_txn exists
- the consume stages the draft idempotently on the reused payroll natural key
- the draft's natural key is the deterministic per-run source_label workflow_runtime_m2:run:{run_id}
- the consume marks the outbox event DELIVERED in the SAME txn as the draft insert
- the consume lands one audit row in the SAME txn (with_audits/consume), not a separate write
- the audit row records the drain action via the DRAIN_AUDIT_ACTION bind
- the drain audit action is workflow_runtime.outbox_drain (matches the audit_events action regex)
- the consume body does not pool.begin() (it shares the caller's single txn)
- the consume body does not tx.commit() (it shares the caller's single txn)
- the consume body does not tx.rollback() (it shares the caller's single txn)
- drain_payroll_outbox brackets the shared consume body in ONE begin→commit txn
- drain_then_rollback reuses the SAME consume body under ONE begin→rollback txn
- the dedicated drainer transactional-idempotency E2E exists
- the E2E asserts a rolled-back drain persists ZERO drafts (all-or-nothing)
- the E2E asserts a rolled-back drain persists ZERO audit rows (audit shares the txn's fate)
- the E2E asserts a rolled-back drain leaves the event PENDING (the DELIVERED ack rolled back too)
- the E2E asserts the committed drain stages exactly ONE payroll draft
- the E2E asserts the committed consume lands exactly ONE audit row in the same txn
- the E2E asserts the staged draft lands status BLOCKED_LEGAL_GATE
- the E2E asserts the committed drain marks the event DELIVERED
- the E2E asserts replaying the committed drain adds ZERO drafts
- the E2E asserts re-inserting the draft under the same natural key adds ZERO rows
- the E2E asserts the payroll_draft_runs count stays 1 across drains
- the E2E asserts exactly ONE drain audit row survives the replay
- the E2E creates NO tables — it reuses the spine (0077/0078), payroll (0074), strangler (0092)
- migration set is discoverable
- reuses migration 0074_create_payroll_readiness.sql
- reuses migration 0077_create_workflow_runtime_spine.sql
- reuses migration 0078_harden_workflow_runtime_integrity.sql
- reuses migration 0095_create_org_runtime_flags.sql
- spine gate remains wired
- package script check:workflow-runtime-m2-drainer is wired
- CI runs the M2 outbox-drainer transactional-idempotency gate

── [fast] G006 asset equipment dispatch lifecycle gate  (cwd: .)
npm notice run check:g006-asset-dispatch-lifecycle
npm notice run node scripts/check-g006-asset-dispatch-lifecycle.mjs
G006 asset dispatch lifecycle gate passed (409 checks).
- package script check:g006-asset-dispatch-lifecycle
- CI runs G006 asset dispatch lifecycle gate
- G006 asset dispatch lifecycle matrix: present
- enterprise UI route audit register: present
- G006 matrix schema version 1
- G006 matrix goal id
- G006 matrix records live-evidence non-claim policy
- G006 matrix routePaths
- G006 matrix dependency routePaths
- requiredBackendTests
- G006 backend contract inventory
- G006 safety assertions
- G006 route /settings/sites: path
- G006 route /settings/sites: owner marker
- G006 route /settings/sites: required story
- G006 route /equipment: path
- G006 route /equipment: owner marker
- G006 route /equipment: required story
- G006 route /equipment/:id: path
- G006 route /equipment/:id: owner marker
- G006 route /equipment/:id: required story
- G006 route /equipment/manage: path
- G006 route /equipment/manage: owner marker
- G006 route /equipment/manage: required story
- G006 route /equipment/legacy: path
- G006 route /equipment/legacy: owner marker
- G006 route /equipment/legacy: required story
- G006 route /settings/location: path
- G006 route /settings/location: owner marker
- G006 route /settings/location: required story
- G006 route /dispatch: path
- G006 route /dispatch: owner marker
- G006 route /dispatch: required story
- G006 route /dispatch-map: path
- G006 route /dispatch-map: owner marker
- G006 route /dispatch-map: required story
- G006 route /inspection: path
- G006 route /inspection: owner marker
- G006 route /inspection: required story
- G006 route /facilities: path
- G006 route /facilities: owner marker
- G006 route /facilities: required story
- G006 route /ontology: path
- G006 route /ontology: owner marker
- G006 route /ontology: required story
- G006 route group sites: covered
- G006 route group equipment-list: covered
- G006 route group equipment-detail: covered
- G006 route group equipment-manage: covered
- G006 route group legacy-import: covered
- G006 route group geodata: covered
- G006 route group dispatch-board: covered
- G006 route group dispatch-map: covered
- G006 route group maintenance-inspection: covered
- enterprise route audit has G006-owned rows
- route audit /settings/sites: represented in G006 matrix
- route audit /equipment: represented in G006 matrix
- route audit /equipment/:id: represented in G006 matrix
- route audit /equipment/manage: represented in G006 matrix
- route audit /equipment/legacy: represented in G006 matrix
- route audit /settings/location: represented in G006 matrix
- route audit /dispatch: represented in G006 matrix
- route audit /dispatch-map: represented in G006 matrix
- route audit /ontology: represented in G006 matrix
- route audit /inspection: represented in G006 matrix
- route audit /facilities: represented in G006 matrix
- G006 matrix route /settings/sites: exists in route audit
- G006 matrix route /settings/sites: ownerLane contains G006
- G006 matrix route /settings/sites: browser story required
- G006 matrix route /settings/sites: wrong-org denial
- G006 matrix route /settings/sites: KNL operator/affiliate story
- G006 matrix route /settings/sites: sourceObject
- G006 matrix route /settings/sites: lifecycleStates
- G006 matrix route /settings/sites: denialScopeTest
- G006 matrix route /settings/sites: groupScopeStory
- G006 matrix route /settings/sites: no weak unclassified marker
- G006 matrix route /settings/sites: no weak demo marker
- G006 matrix route /settings/sites: no weak placeholder marker
- G006 matrix route /settings/sites: no weak coming soon marker
- G006 matrix route /settings/sites: no weak black background marker
- G006 matrix route /settings/sites: no weak text wall marker
- G006 matrix route /settings/sites: screenshot/trace is explicitly non-closed
- G006 matrix route /equipment: exists in route audit
- G006 matrix route /equipment: ownerLane contains G006
- G006 matrix route /equipment: browser story required
- G006 matrix route /equipment: wrong-org denial
- G006 matrix route /equipment: KNL operator/affiliate story
- G006 matrix route /equipment: sourceObject
- G006 matrix route /equipment: lifecycleStates
- G006 matrix route /equipment: denialScopeTest
- G006 matrix route /equipment: groupScopeStory
- G006 matrix route /equipment: no weak unclassified marker
- G006 matrix route /equipment: no weak demo marker
- G006 matrix route /equipment: no weak placeholder marker
- G006 matrix route /equipment: no weak coming soon marker
- G006 matrix route /equipment: no weak black background marker
- G006 matrix route /equipment: no weak text wall marker
- G006 matrix route /equipment: screenshot/trace is explicitly non-closed
- G006 matrix route /equipment/:id: exists in route audit
- G006 matrix route /equipment/:id: ownerLane contains G006
- G006 matrix route /equipment/:id: browser story required
- G006 matrix route /equipment/:id: wrong-org denial
- G006 matrix route /equipment/:id: KNL operator/affiliate story
- G006 matrix route /equipment/:id: sourceObject
- G006 matrix route /equipment/:id: lifecycleStates
- G006 matrix route /equipment/:id: denialScopeTest
- G006 matrix route /equipment/:id: groupScopeStory
- G006 matrix route /equipment/:id: no weak unclassified marker
- G006 matrix route /equipment/:id: no weak demo marker
- G006 matrix route /equipment/:id: no weak placeholder marker
- G006 matrix route /equipment/:id: no weak coming soon marker
- G006 matrix route /equipment/:id: no weak black background marker
- G006 matrix route /equipment/:id: no weak text wall marker
- G006 matrix route /equipment/:id: screenshot/trace is explicitly non-closed
- G006 matrix route /equipment/manage: exists in route audit
- G006 matrix route /equipment/manage: ownerLane contains G006
- G006 matrix route /equipment/manage: browser story required
- G006 matrix route /equipment/manage: wrong-org denial
- G006 matrix route /equipment/manage: KNL operator/affiliate story
- G006 matrix route /equipment/manage: sourceObject
- G006 matrix route /equipment/manage: lifecycleStates
- G006 matrix route /equipment/manage: denialScopeTest
- G006 matrix route /equipment/manage: groupScopeStory
- G006 matrix route /equipment/manage: no weak unclassified marker
- G006 matrix route /equipment/manage: no weak demo marker
- G006 matrix route /equipment/manage: no weak placeholder marker
- G006 matrix route /equipment/manage: no weak coming soon marker
- G006 matrix route /equipment/manage: no weak black background marker
- G006 matrix route /equipment/manage: no weak text wall marker
- G006 matrix route /equipment/manage: screenshot/trace is explicitly non-closed
- G006 matrix route /equipment/legacy: exists in route audit
- G006 matrix route /equipment/legacy: ownerLane contains G006
- G006 matrix route /equipment/legacy: browser story required
- G006 matrix route /equipment/legacy: wrong-org denial
- G006 matrix route /equipment/legacy: KNL operator/affiliate story
- G006 matrix route /equipment/legacy: sourceObject
- G006 matrix route /equipment/legacy: lifecycleStates
- G006 matrix route /equipment/legacy: denialScopeTest
- G006 matrix route /equipment/legacy: groupScopeStory
- G006 matrix route /equipment/legacy: no weak unclassified marker
- G006 matrix route /equipment/legacy: no weak demo marker
- G006 matrix route /equipment/legacy: no weak placeholder marker
- G006 matrix route /equipment/legacy: no weak coming soon marker
- G006 matrix route /equipment/legacy: no weak black background marker
- G006 matrix route /equipment/legacy: no weak text wall marker
- G006 matrix route /equipment/legacy: screenshot/trace is explicitly non-closed
- G006 matrix route /settings/location: exists in route audit
- G006 matrix route /settings/location: ownerLane contains G006
- G006 matrix route /settings/location: browser story required
- G006 matrix route /settings/location: wrong-org denial
- G006 matrix route /settings/location: KNL operator/affiliate story
- G006 matrix route /settings/location: sourceObject
- G006 matrix route /settings/location: lifecycleStates
- G006 matrix route /settings/location: denialScopeTest
- G006 matrix route /settings/location: groupScopeStory
- G006 matrix route /settings/location: no weak unclassified marker
- G006 matrix route /settings/location: no weak demo marker
- G006 matrix route /settings/location: no weak placeholder marker
- G006 matrix route /settings/location: no weak coming soon marker
- G006 matrix route /settings/location: no weak black background marker
- G006 matrix route /settings/location: no weak text wall marker
- G006 matrix route /settings/location: screenshot/trace is explicitly non-closed
- G006 matrix route /dispatch: exists in route audit
- G006 matrix route /dispatch: ownerLane contains G006
- G006 matrix route /dispatch: browser story required
- G006 matrix route /dispatch: wrong-org denial
- G006 matrix route /dispatch: KNL operator/affiliate story
- G006 matrix route /dispatch: sourceObject
- G006 matrix route /dispatch: lifecycleStates
- G006 matrix route /dispatch: denialScopeTest
- G006 matrix route /dispatch: groupScopeStory
- G006 matrix route /dispatch: no weak unclassified marker
- G006 matrix route /dispatch: no weak demo marker
- G006 matrix route /dispatch: no weak placeholder marker
- G006 matrix route /dispatch: no weak coming soon marker
- G006 matrix route /dispatch: no weak black background marker
- G006 matrix route /dispatch: no weak text wall marker
- G006 matrix route /dispatch: screenshot/trace is explicitly non-closed
- G006 matrix route /dispatch-map: exists in route audit
- G006 matrix route /dispatch-map: ownerLane contains G006
- G006 matrix route /dispatch-map: browser story required
- G006 matrix route /dispatch-map: wrong-org denial
- G006 matrix route /dispatch-map: KNL operator/affiliate story
- G006 matrix route /dispatch-map: sourceObject
- G006 matrix route /dispatch-map: lifecycleStates
- G006 matrix route /dispatch-map: denialScopeTest
- G006 matrix route /dispatch-map: groupScopeStory
- G006 matrix route /dispatch-map: no weak unclassified marker
- G006 matrix route /dispatch-map: no weak demo marker
- G006 matrix route /dispatch-map: no weak placeholder marker
- G006 matrix route /dispatch-map: no weak coming soon marker
- G006 matrix route /dispatch-map: no weak black background marker
- G006 matrix route /dispatch-map: no weak text wall marker
- G006 matrix route /dispatch-map: screenshot/trace is explicitly non-closed
- G006 matrix route /inspection: exists in route audit
- G006 matrix route /inspection: ownerLane contains G006
- G006 matrix route /inspection: browser story required
- G006 matrix route /inspection: wrong-org denial
- G006 matrix route /inspection: KNL operator/affiliate story
- G006 matrix route /inspection: sourceObject
- G006 matrix route /inspection: lifecycleStates
- G006 matrix route /inspection: denialScopeTest
- G006 matrix route /inspection: groupScopeStory
- G006 matrix route /inspection: no weak unclassified marker
- G006 matrix route /inspection: no weak demo marker
- G006 matrix route /inspection: no weak placeholder marker
- G006 matrix route /inspection: no weak coming soon marker
- G006 matrix route /inspection: no weak black background marker
- G006 matrix route /inspection: no weak text wall marker
- G006 matrix route /inspection: screenshot/trace is explicitly non-closed
- G006 matrix route /facilities: exists in route audit
- G006 matrix route /facilities: ownerLane contains G006
- G006 matrix route /facilities: browser story required
- G006 matrix route /facilities: wrong-org denial
- G006 matrix route /facilities: KNL operator/affiliate story
- G006 matrix route /facilities: sourceObject
- G006 matrix route /facilities: lifecycleStates
- G006 matrix route /facilities: denialScopeTest
- G006 matrix route /facilities: groupScopeStory
- G006 matrix route /facilities: no weak unclassified marker
- G006 matrix route /facilities: no weak demo marker
- G006 matrix route /facilities: no weak placeholder marker
- G006 matrix route /facilities: no weak coming soon marker
- G006 matrix route /facilities: no weak black background marker
- G006 matrix route /facilities: no weak text wall marker
- G006 matrix route /facilities: screenshot/trace is explicitly non-closed
- G006 matrix route /ontology: exists in route audit
- G006 matrix route /ontology: ownerLane contains G006
- G006 matrix route /ontology: browser story required
- G006 matrix route /ontology: wrong-org denial
- G006 matrix route /ontology: KNL operator/affiliate story
- G006 matrix route /ontology: sourceObject
- G006 matrix route /ontology: lifecycleStates
- G006 matrix route /ontology: denialScopeTest
- G006 matrix route /ontology: groupScopeStory
- G006 matrix route /ontology: no weak unclassified marker
- G006 matrix route /ontology: no weak demo marker
- G006 matrix route /ontology: no weak placeholder marker
- G006 matrix route /ontology: no weak coming soon marker
- G006 matrix route /ontology: no weak black background marker
- G006 matrix route /ontology: no weak text wall marker
- G006 matrix route /ontology: screenshot/trace is explicitly non-closed
- G006 dependency route /work-orders/:id: exists in route audit
- G006 dependency route /work-orders/:id: work order
- G006 dependency route /work-orders/:id: required story
- G006 dependency route /financial: exists in route audit
- G006 dependency route /financial: asset decision
- G006 dependency route /financial: required story
- G006 dependency route /catalog: exists in route audit
- G006 dependency route /catalog: catalog item
- G006 dependency route /catalog: required story
- backend contract backend/crates/registry/rest/src/lib.rs: present
- backend contract backend/crates/registry/rest/src/lib.rs: rationale
- backend contract backend/crates/registry/rest/src/lib.rs required snippets
- backend contract backend/crates/registry/rest/src/lib.rs: EQUIPMENT_PATH
- backend contract backend/crates/registry/rest/src/lib.rs: EQUIPMENT_LIST_PATH
- backend contract backend/crates/registry/rest/src/lib.rs: EQUIPMENT_IMPORT_PATH
- backend contract backend/crates/registry/rest/src/lib.rs: EQUIPMENT_ID_PATH_TEMPLATE
- backend contract backend/crates/registry/rest/src/lib.rs: EQUIPMENT_TIMELINE_GRAPH_PATH_TEMPLATE
- backend contract backend/crates/registry/rest/src/lib.rs: EQUIPMENT_BY_LOCATION_PATH
- backend contract backend/crates/registry/rest/src/lib.rs: EQUIPMENT_OWNERSHIP_TRANSFER_DECISION_PATH_TEMPLATE
- backend contract backend/crates/registry/rest/src/lib.rs: authorize_equipment_feature(&principal, Feature::EquipmentManage)
- backend contract backend/crates/registry/rest/src/lib.rs: list_equipment
- backend contract backend/crates/registry/rest/src/lib.rs: create_equipment
- backend contract backend/crates/registry/rest/src/lib.rs: update_equipment
- backend contract backend/crates/registry/rest/src/lib.rs: list_equipment_ownership_transfers
- backend contract backend/crates/registry/rest/src/lib.rs: decide_equipment_ownership_transfer
- backend contract backend/crates/registry/application/src/lib.rs: present
- backend contract backend/crates/registry/application/src/lib.rs: rationale
- backend contract backend/crates/registry/application/src/lib.rs required snippets
- backend contract backend/crates/registry/application/src/lib.rs: EquipmentOwnershipTransferStepKey
- backend contract backend/crates/registry/application/src/lib.rs: SendingOrgAdmin
- backend contract backend/crates/registry/application/src/lib.rs: ReceivingOrgAdmin
- backend contract backend/crates/registry/application/src/lib.rs: LegalSignoff
- backend contract backend/crates/registry/application/src/lib.rs: AccountingSignoff
- backend contract backend/crates/registry/application/src/lib.rs: asset_owner
- backend contract backend/crates/registry/application/src/lib.rs: EquipmentListQuery
- backend contract backend/crates/registry/application/src/lib.rs: Free-text search across management_no
- backend contract backend/crates/registry/application/src/lib.rs: VIN
- backend contract backend/crates/registry/adapter-postgres/src/lib.rs: present
- backend contract backend/crates/registry/adapter-postgres/src/lib.rs: rationale
- backend contract backend/crates/registry/adapter-postgres/src/lib.rs required snippets
- backend contract backend/crates/registry/adapter-postgres/src/lib.rs: create_equipment
- backend contract backend/crates/registry/adapter-postgres/src/lib.rs: list_equipment
- backend contract backend/crates/registry/adapter-postgres/src/lib.rs: find_model_by_management_no
- backend contract backend/crates/registry/adapter-postgres/src/lib.rs: create_equipment_ownership_transfer
- backend contract backend/crates/registry/adapter-postgres/src/lib.rs: decide_equipment_ownership_transfer
- backend contract backend/crates/registry/adapter-postgres/src/lib.rs: initial_ownership_transfer_line
- backend contract backend/crates/registry/adapter-postgres/src/lib.rs: apply_ownership_transfer_decision
- backend contract backend/crates/registry/adapter-postgres/src/lib.rs: SET asset_owner = $2
- backend contract backend/crates/registry/adapter-postgres/src/lib.rs: with_audit
- backend contract backend/crates/platform/db/migrations/0007_create_registry.sql: present
- backend contract backend/crates/platform/db/migrations/0007_create_registry.sql: rationale
- backend contract backend/crates/platform/db/migrations/0007_create_registry.sql required snippets
- backend contract backend/crates/platform/db/migrations/0007_create_registry.sql: CREATE TABLE registry_equipment
- backend contract backend/crates/platform/db/migrations/0007_create_registry.sql: equipment_no
- backend contract backend/crates/platform/db/migrations/0007_create_registry.sql: management_no
- backend contract backend/crates/platform/db/migrations/0007_create_registry.sql: vin
- backend contract backend/crates/platform/db/migrations/0007_create_registry.sql: asset_owner
- backend contract backend/crates/platform/db/migrations/0007_create_registry.sql: idx_registry_equipment_branch_management_no
- backend contract backend/crates/platform/db/migrations/0007_create_registry.sql: idx_registry_equipment_status_rented
- backend contract backend/crates/platform/db/migrations/0007_create_registry.sql: idx_registry_equipment_status_spare
- backend contract backend/crates/platform/db/migrations/0007_create_registry.sql: idx_registry_equipment_status_replacement
- backend contract backend/crates/platform/db/migrations/0020_equipment_autocomplete_trgm.sql: present
- backend contract backend/crates/platform/db/migrations/0020_equipment_autocomplete_trgm.sql: rationale
- backend contract backend/crates/platform/db/migrations/0020_equipment_autocomplete_trgm.sql required snippets
- backend contract backend/crates/platform/db/migrations/0020_equipment_autocomplete_trgm.sql: management_no ILIKE
- backend contract backend/crates/platform/db/migrations/0020_equipment_autocomplete_trgm.sql: idx_registry_equipment_management_no_trgm
- backend contract backend/crates/platform/db/migrations/0020_equipment_autocomplete_trgm.sql: idx_registry_equipment_equipment_no_trgm
- backend contract backend/crates/platform/db/migrations/0020_equipment_autocomplete_trgm.sql: idx_registry_equipment_model_trgm
- backend contract backend/crates/platform/db/migrations/0039_add_site_geography.sql: present
- backend contract backend/crates/platform/db/migrations/0039_add_site_geography.sql: rationale
- backend contract backend/crates/platform/db/migrations/0039_add_site_geography.sql required snippets
- backend contract backend/crates/platform/db/migrations/0039_add_site_geography.sql: ADD COLUMN address
- backend contract backend/crates/platform/db/migrations/0039_add_site_geography.sql: ADD COLUMN province
- backend contract backend/crates/platform/db/migrations/0039_add_site_geography.sql: ADD COLUMN city
- backend contract backend/crates/platform/db/migrations/0039_add_site_geography.sql: ADD COLUMN latitude
- backend contract backend/crates/platform/db/migrations/0039_add_site_geography.sql: ADD COLUMN longitude
- backend contract backend/crates/platform/db/migrations/0039_add_site_geography.sql: registry_sites_lat_lon_paired
- backend contract backend/crates/platform/db/migrations/0039_add_site_geography.sql: idx_registry_sites_geo
- backend contract backend/crates/platform/db/migrations/0041_add_site_geofence_radius.sql: present
- backend contract backend/crates/platform/db/migrations/0041_add_site_geofence_radius.sql: rationale
- backend contract backend/crates/platform/db/migrations/0041_add_site_geofence_radius.sql required snippets
- backend contract backend/crates/platform/db/migrations/0041_add_site_geofence_radius.sql: geofence_radius_m
- backend contract backend/crates/platform/db/migrations/0041_add_site_geofence_radius.sql: DEFAULT_GEOFENCE_RADIUS_M
- backend contract backend/crates/platform/db/migrations/0041_add_site_geofence_radius.sql: registry_sites_geofence_radius_positive
- backend contract backend/crates/platform/db/migrations/0044_add_equipment_acquisition.sql: present
- backend contract backend/crates/platform/db/migrations/0044_add_equipment_acquisition.sql: rationale
- backend contract backend/crates/platform/db/migrations/0044_add_equipment_acquisition.sql required snippets
- backend contract backend/crates/platform/db/migrations/0044_add_equipment_acquisition.sql: acquisition_cost_won
- backend contract backend/crates/platform/db/migrations/0044_add_equipment_acquisition.sql: acquisition_date
- backend contract backend/crates/platform/db/migrations/0044_add_equipment_acquisition.sql: DELIBERATELY distinct from `vehicle_value`
- backend contract backend/crates/platform/db/migrations/0044_add_equipment_acquisition.sql: registry_equipment is already RLS-ENABLED
- backend contract backend/crates/platform/db/migrations/0072_create_equipment_ownership_transfers.sql: present
- backend contract backend/crates/platform/db/migrations/0072_create_equipment_ownership_transfers.sql: rationale
- backend contract backend/crates/platform/db/migrations/0072_create_equipment_ownership_transfers.sql required snippets
- backend contract backend/crates/platform/db/migrations/0072_create_equipment_ownership_transfers.sql: equipment_ownership_transfer_requests
- backend contract backend/crates/platform/db/migrations/0072_create_equipment_ownership_transfers.sql: equipment_ownership_transfer_events
- backend contract backend/crates/platform/db/migrations/0072_create_equipment_ownership_transfers.sql: sending_org_admin
- backend contract backend/crates/platform/db/migrations/0072_create_equipment_ownership_transfers.sql: receiving_org_admin
- backend contract backend/crates/platform/db/migrations/0072_create_equipment_ownership_transfers.sql: legal_signoff
- backend contract backend/crates/platform/db/migrations/0072_create_equipment_ownership_transfers.sql: accounting_signoff
- backend contract backend/crates/platform/db/migrations/0072_create_equipment_ownership_transfers.sql: ENABLE ROW LEVEL SECURITY
- backend contract backend/crates/platform/db/migrations/0072_create_equipment_ownership_transfers.sql: CREATE POLICY org_isolation
- backend contract backend/crates/platform/db/migrations/0072_create_equipment_ownership_transfers.sql: equipment ownership transfer requests are a durable approval ledger
- backend contract backend/crates/platform/db/migrations/0072_create_equipment_ownership_transfers.sql: equipment ownership transfer events are append-only
- backend contract backend/crates/dispatch/domain/src/lib.rs: present
- backend contract backend/crates/dispatch/domain/src/lib.rs: rationale
- backend contract backend/crates/dispatch/domain/src/lib.rs required snippets
- backend contract backend/crates/dispatch/domain/src/lib.rs: P1Dispatch
- backend contract backend/crates/dispatch/domain/src/lib.rs: BROADCASTING
- backend contract backend/crates/dispatch/domain/src/lib.rs: AUTO_ASSIGNED
- backend contract backend/crates/dispatch/domain/src/lib.rs: dispatch responses are only allowed while broadcasting
- backend contract backend/crates/dispatch/domain/src/lib.rs: dispatch accept window has expired
- backend contract backend/crates/dispatch/domain/src/lib.rs: force_assign
- backend contract backend/crates/dispatch/rest/src/lib.rs: present
- backend contract backend/crates/dispatch/rest/src/lib.rs: rationale
- backend contract backend/crates/dispatch/rest/src/lib.rs required snippets
- backend contract backend/crates/dispatch/rest/src/lib.rs: /api/v1/work-orders/{work_order_id}/p1-dispatch
- backend contract backend/crates/dispatch/rest/src/lib.rs: /api/v1/p1-dispatches/{dispatch_id}/responses
- backend contract backend/crates/dispatch/rest/src/lib.rs: /api/v1/p1-dispatches/{dispatch_id}/force-assign
- backend contract backend/crates/dispatch/rest/src/lib.rs: schedule_dispatch_jobs
- backend contract backend/crates/dispatch/rest/src/lib.rs: dispatch_accept_window_expired
- backend contract backend/crates/dispatch/rest/src/lib.rs: dispatch_manual_call_required
- backend contract backend/crates/dispatch/adapter-postgres/src/lib.rs: present
- backend contract backend/crates/dispatch/adapter-postgres/src/lib.rs: rationale
- backend contract backend/crates/dispatch/adapter-postgres/src/lib.rs required snippets
- backend contract backend/crates/dispatch/adapter-postgres/src/lib.rs: P1 dispatch requires work-order priority P1
- backend contract backend/crates/dispatch/adapter-postgres/src/lib.rs: dispatch GPS freshness overflows time
- backend contract backend/crates/dispatch/adapter-postgres/src/lib.rs: count_dispatch_targets
- backend contract backend/crates/dispatch/adapter-postgres/src/lib.rs: p1_dispatch.start
- backend contract backend/crates/dispatch/adapter-postgres/src/lib.rs: p1_dispatch.respond
- backend contract backend/crates/dispatch/adapter-postgres/src/lib.rs: p1_dispatch.force_assign
- backend contract backend/crates/dispatch/adapter-postgres/src/lib.rs: claim_fcm_pushes
- backend contract backend/crates/dispatch/adapter-postgres/src/lib.rs: with_audit
- backend contract backend/crates/financial/domain/src/tco.rs: present
- backend contract backend/crates/financial/domain/src/tco.rs: rationale
- backend contract backend/crates/financial/domain/src/tco.rs required snippets
- backend contract backend/crates/financial/domain/src/tco.rs: AcquisitionBasis
- backend contract backend/crates/financial/domain/src/tco.rs: AcquisitionAnchor
- backend contract backend/crates/financial/domain/src/tco.rs: tco_won
- backend contract backend/crates/financial/domain/src/tco.rs: gross_margin_won
- backend contract backend/crates/financial/domain/src/tco.rs: cost_per_month_won
- backend contract backend/crates/financial/domain/src/tco.rs: No explicit acquisition
- backend contract backend/crates/financial/domain/src/tco.rs: Gross margin on a realized sale
- backend contract backend/crates/financial/adapter-postgres/src/lib.rs: present
- backend contract backend/crates/financial/adapter-postgres/src/lib.rs: rationale
- backend contract backend/crates/financial/adapter-postgres/src/lib.rs required snippets
- backend contract backend/crates/financial/adapter-postgres/src/lib.rs: lifecycle_cost_for_equipment
- backend contract backend/crates/financial/adapter-postgres/src/lib.rs: registry_equipment
- backend contract backend/crates/financial/adapter-postgres/src/lib.rs: equipment_cost_ledger
- backend contract backend/crates/financial/adapter-postgres/src/lib.rs: outsource_works
- backend contract backend/crates/financial/adapter-postgres/src/lib.rs: sales_listings
- backend contract backend/crates/financial/adapter-postgres/src/lib.rs: gross_margin_won
- backend contract backend/crates/financial/adapter-postgres/src/lib.rs: acquisition_source
- G006 backend test backend/crates/registry/rest/tests/equipment_admin.rs: present
- G006 backend test backend/crates/registry/adapter-postgres/tests/create_rls_surfaces_as_runtime_role.rs: present
- G006 backend test backend/crates/registry/adapter-postgres/tests/equipment_list_rls_as_runtime_role.rs: present
- G006 backend test backend/crates/registry/adapter-postgres/tests/equipment_lookup_normalization_rls_as_runtime_role.rs: present
- G006 backend test backend/crates/registry/adapter-postgres/tests/master_list_import.rs: present
- G006 backend test backend/crates/registry/adapter-postgres/tests/master_list_import_rls_as_runtime_role.rs: present
- G006 backend test backend/crates/registry/adapter-postgres/tests/site_address_postal_roundtrip_rls_as_runtime_role.rs: present
- G006 backend test backend/crates/dispatch/adapter-postgres/tests/p1_dispatch.rs: present
- G006 backend test backend/crates/financial/adapter-postgres/tests/lifecycle_rls_surfaces_as_runtime_role.rs: present
- G006 backend test backend/crates/compliance/domain/tests/location_consent_fsm.rs: present
- G006 backend test backend/crates/compliance/adapter-postgres/tests/location_consent_status_rls_as_runtime_role.rs: present
- G006 backend test backend/crates/reporting/adapter-postgres/tests/ops_summary.rs: present
- foundation gate mentions legal ownership transfer contract
- foundation gate mentions asset/inventory mapping contract

── [fast] G007 collaboration mail calendar poll mobile lifecycle gate  (cwd: .)
npm notice run check:g007-collaboration-mobile-lifecycle
npm notice run node scripts/check-g007-collaboration-mobile-lifecycle.mjs
G007 collaboration mobile lifecycle gate passed (211 checks).
- package script check:g007-collaboration-mobile-lifecycle
- CI runs G007 collaboration mobile lifecycle gate
- G007 collaboration mobile lifecycle matrix: present
- enterprise UI route audit register: present
- G007 matrix schema version 1
- G007 matrix goal id
- G007 matrix records live-evidence non-claim policy
- G007 matrix routePaths
- G007 matrix dependency routePaths
- requiredBackendTests
- G007 safety assertions
- G007 route /collaboration: path
- G007 route /collaboration: owner marker
- G007 route /collaboration: required story
- G007 route /messenger: path
- G007 route /messenger: owner marker
- G007 route /messenger: required story
- G007 route /mail: path
- G007 route /mail: owner marker
- G007 route /mail: required story
- G007 route group collaboration-hub: covered
- G007 route group messenger: covered
- G007 route group mailbox: covered
- enterprise route audit has G007-owned rows
- route audit /collaboration: represented in G007 matrix
- route audit /messenger: represented in G007 matrix
- route audit /mail: represented in G007 matrix
- G007 matrix route /collaboration: exists in route audit
- G007 matrix route /collaboration: ownerLane contains G007
- G007 matrix route /collaboration: browser/mobile story required
- G007 matrix route /collaboration: private/permission denial
- G007 matrix route /collaboration: group/subsidiary story
- G007 matrix route /collaboration: sourceObject
- G007 matrix route /collaboration: lifecycleStates
- G007 matrix route /collaboration: denialScopeTest
- G007 matrix route /collaboration: groupScopeStory
- G007 matrix route /collaboration: no weak unclassified marker
- G007 matrix route /collaboration: no weak demo marker
- G007 matrix route /collaboration: no weak placeholder marker
- G007 matrix route /collaboration: no weak coming soon marker
- G007 matrix route /collaboration: no weak black background marker
- G007 matrix route /collaboration: no weak text wall marker
- G007 matrix route /collaboration: screenshot/trace is explicitly non-closed
- G007 matrix route /messenger: exists in route audit
- G007 matrix route /messenger: ownerLane contains G007
- G007 matrix route /messenger: browser/mobile story required
- G007 matrix route /messenger: private/permission denial
- G007 matrix route /messenger: group/subsidiary story
- G007 matrix route /messenger: sourceObject
- G007 matrix route /messenger: lifecycleStates
- G007 matrix route /messenger: denialScopeTest
- G007 matrix route /messenger: groupScopeStory
- G007 matrix route /messenger: no weak unclassified marker
- G007 matrix route /messenger: no weak demo marker
- G007 matrix route /messenger: no weak placeholder marker
- G007 matrix route /messenger: no weak coming soon marker
- G007 matrix route /messenger: no weak black background marker
- G007 matrix route /messenger: no weak text wall marker
- G007 matrix route /messenger: screenshot/trace is explicitly non-closed
- G007 matrix route /mail: exists in route audit
- G007 matrix route /mail: ownerLane contains G007
- G007 matrix route /mail: browser/mobile story required
- G007 matrix route /mail: private/permission denial
- G007 matrix route /mail: group/subsidiary story
- G007 matrix route /mail: sourceObject
- G007 matrix route /mail: lifecycleStates
- G007 matrix route /mail: denialScopeTest
- G007 matrix route /mail: groupScopeStory
- G007 matrix route /mail: no weak unclassified marker
- G007 matrix route /mail: no weak demo marker
- G007 matrix route /mail: no weak placeholder marker
- G007 matrix route /mail: no weak coming soon marker
- G007 matrix route /mail: no weak black background marker
- G007 matrix route /mail: no weak text wall marker
- G007 matrix route /mail: screenshot/trace is explicitly non-closed
- G007 dependency route /overview: exists in route audit
- G007 dependency route /overview: messenger
- G007 dependency route /overview: required story
- G007 dependency route /approvals: exists in route audit
- G007 dependency route /approvals: approval
- G007 dependency route /approvals: required story
- G007 backend contract inventory
- backendContracts backend/crates/messenger/rest/src/lib.rs: present
- backendContracts backend/crates/messenger/rest/src/lib.rs: rationale
- backendContracts backend/crates/messenger/rest/src/lib.rs required snippets
- backendContracts backend/crates/messenger/rest/src/lib.rs: /api/messenger/threads
- backendContracts backend/crates/messenger/rest/src/lib.rs: /api/messenger/threads/{threadId}/messages
- backendContracts backend/crates/messenger/rest/src/lib.rs: /api/messenger/threads/{threadId}/read-receipt
- backendContracts backend/crates/messenger/rest/src/lib.rs: /api/messenger/search
- backendContracts backend/crates/messenger/rest/src/lib.rs: create_thread
- backendContracts backend/crates/messenger/rest/src/lib.rs: send_message
- backendContracts backend/crates/messenger/rest/src/lib.rs: mark_thread_read
- backendContracts backend/crates/messenger/rest/src/lib.rs: search_messages
- backendContracts backend/crates/messenger/application/src/lib.rs: present
- backendContracts backend/crates/messenger/application/src/lib.rs: rationale
- backendContracts backend/crates/messenger/application/src/lib.rs required snippets
- backendContracts backend/crates/messenger/application/src/lib.rs: MessagePostedNotification
- backendContracts backend/crates/messenger/application/src/lib.rs: EnsureWorkOrderThreadCommand
- backendContracts backend/crates/messenger/application/src/lib.rs: MarkThreadReadCommand
- backendContracts backend/crates/messenger/application/src/lib.rs: ThreadSummary
- backendContracts backend/crates/messenger/application/src/lib.rs: unread_count
- backendContracts backend/crates/messenger/application/src/lib.rs: messenger_audit_event
- backendContracts backend/crates/messenger/adapter-postgres/src/lib.rs: present
- backendContracts backend/crates/messenger/adapter-postgres/src/lib.rs: rationale
- backendContracts backend/crates/messenger/adapter-postgres/src/lib.rs required snippets
- backendContracts backend/crates/messenger/adapter-postgres/src/lib.rs: list_threads
- backendContracts backend/crates/messenger/adapter-postgres/src/lib.rs: message_page
- backendContracts backend/crates/messenger/adapter-postgres/src/lib.rs: send_message
- backendContracts backend/crates/messenger/adapter-postgres/src/lib.rs: mark_thread_read
- backendContracts backend/crates/messenger/adapter-postgres/src/lib.rs: search_messages
- backendContracts backend/crates/messenger/adapter-postgres/src/lib.rs: with_audit
- backendContracts backend/crates/messenger/adapter-postgres/src/lib.rs: messenger_read_receipts
- backendContracts backend/crates/platform/db/migrations/0012_create_messenger.sql: present
- backendContracts backend/crates/platform/db/migrations/0012_create_messenger.sql: rationale
- backendContracts backend/crates/platform/db/migrations/0012_create_messenger.sql required snippets
- backendContracts backend/crates/platform/db/migrations/0012_create_messenger.sql: CREATE TABLE messenger_threads
- backendContracts backend/crates/platform/db/migrations/0012_create_messenger.sql: CREATE TABLE messenger_thread_members
- backendContracts backend/crates/platform/db/migrations/0012_create_messenger.sql: CREATE TABLE messenger_messages
- backendContracts backend/crates/platform/db/migrations/0012_create_messenger.sql: CREATE TABLE messenger_message_attachments
- backendContracts backend/crates/platform/db/migrations/0012_create_messenger.sql: CREATE TABLE messenger_read_receipts
- backendContracts backend/crates/platform/db/migrations/0012_create_messenger.sql: idx_messenger_messages_search
- backendContracts backend/crates/comms/rest/src/lib.rs: present
- backendContracts backend/crates/comms/rest/src/lib.rs: rationale
- backendContracts backend/crates/comms/rest/src/lib.rs required snippets
- backendContracts backend/crates/comms/rest/src/lib.rs: MAIL_ACCOUNT_PATH
- backendContracts backend/crates/comms/rest/src/lib.rs: MAIL_SEND_PATH
- backendContracts backend/crates/comms/rest/src/lib.rs: MAIL_REPLY_PATH
- backendContracts backend/crates/comms/rest/src/lib.rs: MAIL_FORWARD_PATH
- backendContracts backend/crates/comms/rest/src/lib.rs: MAIL_FOLDERS_PATH
- backendContracts backend/crates/comms/rest/src/lib.rs: MAIL_THREADS_PATH
- backendContracts backend/crates/comms/rest/src/lib.rs: MAIL_THREAD_READ_STATE_PATH
- backendContracts backend/crates/comms/rest/src/lib.rs: MAIL_ATTACHMENT_DOWNLOAD_PATH
- backendContracts backend/crates/comms/rest/src/lib.rs: Feature::MailAccountManage
- backendContracts backend/crates/comms/rest/src/lib.rs: Feature::MailUse
- backendContracts backend/crates/comms/application/src/lib.rs: present
- backendContracts backend/crates/comms/application/src/lib.rs: rationale
- backendContracts backend/crates/comms/application/src/lib.rs required snippets
- backendContracts backend/crates/comms/application/src/lib.rs: AccountView
- backendContracts backend/crates/comms/application/src/lib.rs: SendKind
- backendContracts backend/crates/comms/application/src/lib.rs: Reply
- backendContracts backend/crates/comms/application/src/lib.rs: Forward
- backendContracts backend/crates/comms/application/src/lib.rs: SEND_RATE_BUCKETS
- backendContracts backend/crates/comms/application/src/lib.rs: thread_read_state_audit_event
- backendContracts backend/crates/comms/application/src/lib.rs: MailAttachmentStore
- backendContracts backend/crates/comms/application/src/lib.rs: ThreadQuery
- backendContracts backend/crates/comms/application/src/lib.rs: ThreadView
- backendContracts backend/crates/comms/application/src/lib.rs: thread_grouping_key
- backendContracts backend/crates/comms/adapter-postgres/src/lib.rs: present
- backendContracts backend/crates/comms/adapter-postgres/src/lib.rs: rationale
- backendContracts backend/crates/comms/adapter-postgres/src/lib.rs required snippets
- backendContracts backend/crates/comms/adapter-postgres/src/lib.rs: email_accounts
- backendContracts backend/crates/comms/adapter-postgres/src/lib.rs: email_threads
- backendContracts backend/crates/comms/adapter-postgres/src/lib.rs: email_messages
- backendContracts backend/crates/comms/adapter-postgres/src/lib.rs: email_attachments
- backendContracts backend/crates/comms/adapter-postgres/src/lib.rs: with_audit
- backendContracts backend/crates/comms/adapter-postgres/src/lib.rs: with_org_conn
- backendContracts backend/crates/comms/adapter-postgres/src/lib.rs: unread_count
- backendContracts backend/crates/comms/adapter-postgres/src/lib.rs: set_thread_seen_inner
- backendContracts backend/crates/comms/adapter-postgres/src/lib.rs: recompute_thread_read_state_tx
- backendContracts backend/crates/platform/db/migrations/0053_create_comms_webmail.sql: present
- backendContracts backend/crates/platform/db/migrations/0053_create_comms_webmail.sql: rationale
- backendContracts backend/crates/platform/db/migrations/0053_create_comms_webmail.sql required snippets
- backendContracts backend/crates/platform/db/migrations/0053_create_comms_webmail.sql: CREATE TABLE email_accounts
- backendContracts backend/crates/platform/db/migrations/0053_create_comms_webmail.sql: CREATE TABLE email_folders
- backendContracts backend/crates/platform/db/migrations/0053_create_comms_webmail.sql: CREATE TABLE email_threads
- backendContracts backend/crates/platform/db/migrations/0053_create_comms_webmail.sql: CREATE TABLE email_messages
- backendContracts backend/crates/platform/db/migrations/0053_create_comms_webmail.sql: CREATE TABLE email_attachments
- backendContracts backend/crates/platform/db/migrations/0053_create_comms_webmail.sql: idx_email_messages_unseen
- backendContracts backend/crates/platform/db/migrations/0053_create_comms_webmail.sql: idx_email_threads_linked_wo
- backendContracts backend/crates/platform/db/migrations/0056_create_comms_send_rate.sql: present
- backendContracts backend/crates/platform/db/migrations/0056_create_comms_send_rate.sql: rationale
- backendContracts backend/crates/platform/db/migrations/0056_create_comms_send_rate.sql required snippets
- backendContracts backend/crates/platform/db/migrations/0056_create_comms_send_rate.sql: CREATE TABLE comms_send_rate
- backendContracts backend/crates/platform/db/migrations/0056_create_comms_send_rate.sql: mail_send:1m
- backendContracts backend/crates/platform/db/migrations/0056_create_comms_send_rate.sql: mail_send:1h
- backendContracts backend/crates/platform/db/migrations/0056_create_comms_send_rate.sql: mail_test:1m
- backendContracts backend/crates/platform/db/migrations/0073_create_collaboration_calendar_polls.sql: present
- backendContracts backend/crates/platform/db/migrations/0073_create_collaboration_calendar_polls.sql: rationale
- backendContracts backend/crates/platform/db/migrations/0073_create_collaboration_calendar_polls.sql required snippets
- backendContracts backend/crates/platform/db/migrations/0073_create_collaboration_calendar_polls.sql: CREATE TABLE collaboration_calendar_events
- backendContracts backend/crates/platform/db/migrations/0073_create_collaboration_calendar_polls.sql: CREATE TABLE collaboration_calendar_event_events
- backendContracts backend/crates/platform/db/migrations/0073_create_collaboration_calendar_polls.sql: CREATE TABLE collaboration_polls
- backendContracts backend/crates/platform/db/migrations/0073_create_collaboration_calendar_polls.sql: CREATE TABLE collaboration_poll_options
- backendContracts backend/crates/platform/db/migrations/0073_create_collaboration_calendar_polls.sql: CREATE TABLE collaboration_poll_votes
- backendContracts backend/crates/platform/db/migrations/0073_create_collaboration_calendar_polls.sql: CREATE TABLE collaboration_poll_events
- backendContracts backend/crates/platform/db/migrations/0073_create_collaboration_calendar_polls.sql: trg_collaboration_polls_no_delete
- backendContracts backend/crates/platform/push/src/lib.rs: present
- backendContracts backend/crates/platform/push/src/lib.rs: rationale
- backendContracts backend/crates/platform/push/src/lib.rs required snippets
- backendContracts backend/crates/platform/push/src/lib.rs: FcmPushMessage
- backendContracts backend/crates/platform/push/src/lib.rs: AlimtalkMessage
- backendContracts backend/crates/platform/push/src/lib.rs: idempotency_key
- backendContracts backend/crates/platform/push/src/lib.rs: messages:send
- backendContracts backend/crates/platform/push/src/lib.rs: send-many
- backendContracts backend/crates/platform/push/src/lib.rs: provider_message_id
- backendContracts backend/crates/platform/email/src/lib.rs: present
- backendContracts backend/crates/platform/email/src/lib.rs: rationale
- backendContracts backend/crates/platform/email/src/lib.rs required snippets
- backendContracts backend/crates/platform/email/src/lib.rs: SmtpEmailConfig
- backendContracts backend/crates/platform/email/src/lib.rs: LettreSmtpSender
- backendContracts backend/crates/platform/email/src/lib.rs: STARTTLS
- backendContracts backend/crates/platform/email/src/lib.rs: OCI Email Delivery
- backendContracts backend/crates/platform/email/src/lib.rs: StubEmailSender
- backendContracts backend/crates/platform/email/src/lib.rs: send_otp
- G007 backend test backend/crates/messenger/rest/tests/api.rs: present
- G007 backend test backend/crates/messenger/adapter-postgres/tests/use_cases.rs: present
- G007 backend test backend/crates/messenger/domain/tests/thread_kind.rs: present
- G007 backend test backend/crates/comms/adapter-postgres/tests/mail_account_rls_surfaces_as_runtime_role.rs: present
- G007 backend test backend/crates/comms/adapter-postgres/tests/mail_sync_rls_surfaces_as_runtime_role.rs: present
- foundation gate mentions notification contract
- foundation gate mentions passkey step-up contract

── [fast] G008 import HR payroll readiness gate  (cwd: .)
npm notice run check:g008-payroll-readiness
npm notice run node scripts/check-g008-payroll-readiness.mjs
G008 payroll readiness gate passed (29 checks)

── [fast] People HR lifecycle maturity gate  (cwd: .)
npm notice run check:people-hr-maturity
npm notice run node scripts/check-people-hr-maturity.mjs
people HR maturity gate passed (4 checks)

── [fast] Payroll release-gate contract  (cwd: .)
npm notice run check:payroll-release-gate
npm notice run node scripts/check-payroll-release-gate.mjs
payroll release gate check passed (9 checks)

── [fast] Undeclared imports — every bare specifier must be declared  (cwd: .)
npm notice run check:undeclared-imports
npm notice run node --test scripts/check-undeclared-imports.test.mjs && node scripts/check-undeclared-imports.mjs
▶ undeclared import gate
  ✔ reports a bare specifier that the nearest package.json does not declare (19.546209ms)
  ✔ accepts the same import once the manifest declares it (17.952583ms)
  ✔ resolves against the nearest package.json, not only the root one (16.93275ms)
  ✔ does not report node: builtins or relative specifiers (19.677292ms)
  ✔ covers require() and dynamic import(), not just static import (23.990542ms)
  ✔ reports a side-effect-only bare import under a comment and after a statement (20.05425ms)
  ✔ reduces a subpath import to the package name before consulting the manifest (20.564667ms)
  ✔ reports a scoped package that is absent from the manifest (18.900125ms)
  ✔ does not mistake prose or SQL inside a string literal for an import specifier (18.148167ms)
  ✔ excludes docs/evidence/ without swallowing a sibling directory (19.191375ms)
  ✔ does not resolve a specifier against a package.json above the scan root (18.328084ms)
  ✔ counts the files it scanned, so an empty scan cannot read as coverage (19.420916ms)
  ✔ exits 1 and names the offending specifier when run as a CLI (43.488625ms)
  ✔ exits 1 on the floor alone, with every specifier declared and no findings (49.546458ms)
  ✔ exits 1 rather than passing on a scan that covered nothing (44.45925ms)
  ✔ exits 0 stating what it scanned, against this repository (56.059792ms)
  ✔ classifies docs/evidence as archived rather than scanning it (31.371709ms)
  ✔ excludes only evidence artifacts that no workflow executes (30.295041ms)
  ✔ goes red on the archived artifact the moment the classification is removed (30.384542ms)
  ✔ finds no undeclared import anywhere in this repository (29.594625ms)
✔ undeclared import gate (549.1295ms)
ℹ tests 20
ℹ suites 1
ℹ pass 20
ℹ fail 0
ℹ cancelled 0
ℹ skipped 0
ℹ todo 0
ℹ duration_ms 617.940917
excluded 12 archived evidence files: docs/evidence/console/integration/2026-09-19-root-entry-browser/smoke.cjs, docs/evidence/console/integration/2026-09-19-rust1981-transition/probe.mjs, docs/evidence/console/integration/2026-09-20-company-entry-read-owner/browser/company-preview.cjs, docs/evidence/console/integration/2026-09-20-company-entry-read-tests/company-preview.cjs, docs/evidence/console/integration/2026-09-20-company-entry-read-tests/preview-controls.cjs, docs/evidence/console/integration/2026-09-20-native-retry-owner/browser-final-run/console-controls.cjs, docs/evidence/console/integration/2026-09-20-native-retry-owner/browser-final-run/retry.cjs, docs/evidence/console/integration/2026-09-20-native-retry-owner/browser-first-run/retry.cjs, docs/evidence/console/integration/2026-09-20-rust1981-hydration/independent/inspect.mjs, docs/evidence/console/research/2026-09-19-foundry-flow-capture-supplement/validate.mjs, docs/evidence/console/wave4/L-F1/browser-window-host.mjs, docs/evidence/console/wave4/manifests/verify-new-rows.mjs
undeclared imports gate passed (277 files scanned)

── [fast] Request-body contract — spec fields must exist on the handler  (cwd: .)
npm notice run check:request-body-contract
npm notice run node --test scripts/check-request-body-contract.test.mjs scripts/check-request-body-native.test.mjs scripts/check-openapi-refs.test.mjs scripts/check-openapi-nullable.test.mjs scripts/check-openapi-error-envelope.test.mjs scripts/check-openapi-security-truth.test.mjs scripts/check-openapi-canonical-schemas.test.mjs scripts/check-openapi-hr-asof.test.mjs scripts/check-openapi-hr-from-to.test.mjs scripts/check-openapi-hr-readiness-summary.test.mjs scripts/check-openapi-semantic-contract.test.mjs scripts/check-openapi-typed-execute.test.mjs scripts/check-openapi-preflight-outcome.test.mjs scripts/check-openapi-execute-outcome.test.mjs scripts/check-openapi-gate-outcome.test.mjs scripts/check-openapi-condition-value.test.mjs scripts/check-openapi-semantic-generate.test.mjs scripts/check-openapi-typed-action-codecs.test.mjs scripts/check-openapi-typed-action-binder.test.mjs scripts/check-openapi-dto-derived-shapes.test.mjs scripts/check-openapi-semantic-roster.test.mjs scripts/check-openapi-head-etag.test.mjs scripts/check-openapi-head-gets.test.mjs scripts/check-openapi-head-collections.test.mjs scripts/check-openapi-head-link-ops.test.mjs scripts/check-openapi-orgunit-job-positions.test.mjs scripts/check-openapi-ontology-instance-types.test.mjs scripts/check-openapi-object-type-list.test.mjs scripts/check-openapi-object-type-detail.test.mjs scripts/check-openapi-audit-query-params.test.mjs scripts/check-openapi-audit-record.test.mjs scripts/check-openapi-policy-catalog.test.mjs scripts/check-openapi-policy-decision.test.mjs scripts/check-openapi-lifecycle-preflight.test.mjs scripts/check-openapi-approval-summary.test.mjs scripts/check-openapi-lifecycle-transition-config.test.mjs scripts/check-openapi-override-summary.test.mjs scripts/check-openapi-draft-record.test.mjs scripts/check-openapi-employee-exit-case-response.test.mjs scripts/check-openapi-absence-exit-dashboard.test.mjs scripts/check-openapi-group-admin-groups.test.mjs scripts/check-openapi-group-admin-tenant-context.test.mjs scripts/check-openapi-head-get-permissions.test.mjs scripts/check-openapi-generated-sdk.test.mjs scripts/check-openapi-generated-docs.test.mjs scripts/check-openapi-generated-docs-contract.test.mjs scripts/check-openapi-generated-path-schemas.test.mjs scripts/check-openapi-lifecycle-version.test.mjs scripts/check-prototype-chain-lookups.test.mjs && node scripts/check-request-body-contract.mjs && node scripts/check-openapi-refs.mjs && node scripts/check-openapi-nullable.mjs && node scripts/check-openapi-error-envelope.mjs && node scripts/check-openapi-security-truth.mjs && node scripts/check-openapi-canonical-schemas.mjs && node scripts/check-openapi-hr-asof.mjs && node scripts/check-openapi-hr-from-to.mjs && node scripts/check-openapi-hr-readiness-summary.mjs && node scripts/check-openapi-semantic-contract.mjs && node scripts/check-openapi-typed-execute.mjs && node scripts/check-openapi-preflight-outcome.mjs && node scripts/check-openapi-execute-outcome.mjs && node scripts/check-openapi-gate-outcome.mjs && node scripts/check-openapi-condition-value.mjs && node scripts/check-openapi-semantic-generate.mjs && node scripts/check-openapi-typed-action-codecs.mjs && node scripts/check-openapi-typed-action-binder.mjs && node scripts/check-openapi-dto-derived-shapes.mjs && node scripts/check-openapi-semantic-roster.mjs && node scripts/check-openapi-head-etag.mjs && node scripts/check-openapi-head-gets.mjs && node scripts/check-openapi-head-collections.mjs && node scripts/check-openapi-head-link-ops.mjs && node scripts/check-openapi-orgunit-job-positions.mjs && node scripts/check-openapi-ontology-instance-types.mjs && node scripts/check-openapi-object-type-list.mjs && node scripts/check-openapi-object-type-detail.mjs && node scripts/check-openapi-audit-query-params.mjs && node scripts/check-openapi-audit-record.mjs && node scripts/check-openapi-policy-catalog.mjs && node scripts/check-openapi-policy-decision.mjs && node scripts/check-openapi-lifecycle-preflight.mjs && node scripts/check-openapi-approval-summary.mjs && node scripts/check-openapi-lifecycle-transition-config.mjs && node scripts/check-openapi-override-summary.mjs && node scripts/check-openapi-draft-record.mjs && node scripts/check-openapi-employee-exit-case-response.mjs && node scripts/check-openapi-absence-exit-dashboard.mjs && node scripts/check-openapi-group-admin-groups.mjs && node scripts/check-openapi-group-admin-tenant-context.mjs && node scripts/check-openapi-head-get-permissions.mjs && node scripts/check-openapi-generated-sdk.mjs && node scripts/check-openapi-generated-docs.mjs && node scripts/check-openapi-generated-docs-contract.mjs && node scripts/check-openapi-generated-path-schemas.mjs && node scripts/check-openapi-lifecycle-version.mjs && node scripts/check-prototype-chain-lookups.mjs
▶ check-openapi-absence-exit-dashboard
  ✔ exports examined-zero floors, paths, and the existing struct field names (1.067458ms)
  ✔ fails while GET absence-exit-dashboard 200 stays a root additionalProperties bag (21.139708ms)
  ✔ fails when AbsenceExitDashboardResponse is missing from composed schemas (6.821333ms)
  ✔ fails when an invented field appears on AbsenceExitDashboardResponse (5.242792ms)
  ✔ fails when exit_cases duplicates the envelope instead of $ref EmployeeExitCaseResponse (4.347542ms)
  ✔ fails when signal_payload is given a closed enum catalog (3.772583ms)
  ✔ fails when signal_payload is a closed nested object schema (3.818916ms)
  ✔ fails when signal_payload $ref an invented statutory schema (3.954292ms)
  ✔ fails when signal_payload is an array of invented nested schemas (2.025208ms)
  ✔ fails when nested statutory_basis is given a closed enum catalog (2.82575ms)
  ✔ fails when status is given an invented enum catalog (4.118666ms)
  ✔ fails when permissions leak onto GET absence-exit-dashboard (Feature::ALL) (2.579042ms)
  ✔ fails when GET absence-exit-dashboard is bound as a Head (2.722041ms)
  ✔ fails when GET absence-exit-dashboard is bound to EmployeeExitCaseResponse (2.979709ms)
  ✔ fails when kill-switch is bound to AbsenceExitDashboardResponse (2.391708ms)
  ✔ fails when an invented query param appears (4.2865ms)
  ✔ passes when GET 200 $ref the existing envelope and Value fields stay open (3.291375ms)
  ✔ CLI exits non-zero on the repository tree until the typed $ref is published (251.838291ms)
✔ check-openapi-absence-exit-dashboard (330.21725ms)
▶ check-openapi-approval-summary
  ✔ exports examined-zero floor, path, and the existing struct field names (0.910042ms)
  ✔ fails while POST governance approvals decide 201 stays additionalProperties (27.829375ms)
  ✔ fails when ApprovalSummary is missing from composed schemas (4.32675ms)
  ✔ fails when an invented field appears on ApprovalSummary (3.448583ms)
  ✔ fails when decision publishes pending (this 201 refuses it) (3.540542ms)
  ✔ fails when permissions leak onto POST governance approvals decide (Feature::ALL) (3.064875ms)
  ✔ fails when POST governance approvals decide is bound as a Head (2.448583ms)
  ✔ fails when POST governance approvals decide is bound to LifecyclePreflight (3.165083ms)
  ✔ fails when create-approval is bound to ApprovalSummary (3.767959ms)
  ✔ fails when overrides 201 is bound to ApprovalSummary (2.132416ms)
  ✔ fails when policy drafts are bound to ApprovalSummary (2.053333ms)
  ✔ passes when 201 $ref the existing ApprovalSummary (2.142709ms)
  ✔ CLI exits non-zero on the repository tree until the typed $ref is published (223.118917ms)
✔ check-openapi-approval-summary (282.79825ms)
▶ check-openapi-audit-query-params
  ✔ exports examined-zero floor and the existing GET identities (0.315666ms)
  ✔ fails while GET /api/audit omits target_id and trace_id (18.042958ms)
  ✔ fails when target_id is published as an enum catalog (4.283708ms)
  ✔ fails when action is published as an enum catalog (3.821458ms)
  ✔ fails when permissions leak onto GET /api/audit (Feature::ALL) (3.834708ms)
  ✔ passes when the two existing filters are optional string queries (3.150084ms)
  ✔ CLI exits non-zero on the repository tree until the filters are published (236.167459ms)
✔ check-openapi-audit-query-params (270.186333ms)
▶ check-openapi-audit-record
  ✔ exports examined-zero floor, path, and the existing struct field names (0.888708ms)
  ✔ fails while GET /api/audit 200 items stay additionalProperties (15.383375ms)
  ✔ fails when AuditRecord is missing from composed schemas (4.051875ms)
  ✔ fails when action is typed as an enum catalog (5.490125ms)
  ✔ fails when an invented field appears on AuditRecord (2.747083ms)
  ✔ fails when permissions leak onto GET /api/audit (Feature::ALL) (11.188333ms)
  ✔ passes when items $ref AuditRecord derived from the existing fields (2.0605ms)
  ✔ CLI exits non-zero on the repository tree until the typed $ref is published (267.179ms)
✔ check-openapi-audit-record (309.696166ms)
▶ openapi canonical public-schema gate (P0.1)
  ✔ names exactly the six PRODUCT objects (0.779459ms)
  ✔ reports each missing canonical name on an otherwise empty document (7.652292ms)
  ✔ does not treat DirectoryPerson / PayrollRunSummary as the canonical names (2.65275ms)
  ✔ accepts the six honest Head schemas, including PayRun payable const false (4.011042ms)
  ✔ rejects PayRun.payable when it is a free boolean (SAP-complete fiction) (2.808208ms)
  ✔ rejects a Company that omits legal_name / reg_no Option fields (3.900959ms)
  ✔ jsonSchemaAdmitsNull matches type arrays and oneOf (0.7535ms)
  ✔ exits 1 against a document missing the six names (59.758791ms)
  ✔ exits 1 loudly when the document is not parseable YAML at all (49.829ms)
  ✔ exits 0 against this repository with all six canonical Head schemas (349.465084ms)
✔ openapi canonical public-schema gate (P0.1) (482.533833ms)
▶ check-openapi-condition-value
  ✔ exports examined-zero floor and the existing serde wire names (1.331291ms)
  ✔ fails while PolicyNoCodeCondition.value stays an unpublished bag (15.156667ms)
  ✔ fails when ConditionValue is missing from composed schemas (30.149625ms)
  ✔ fails closed on an invented ConditionValue kind (5.858541ms)
  ✔ fails closed if Rust ConditionValue becomes Unknown(String) (2.853041ms)
  ✔ fails when AuditRecord.action is bound to ConditionValue (4.436875ms)
  ✔ fails when PolicyNoCodeBlocks.action is closed into an invented catalog (2.886875ms)
  ✔ fails when kill-switch 200 is bound to ConditionValue (2.168458ms)
  ✔ fails when permissions leak onto POST drafts (Feature::ALL) (5.197209ms)
  ✔ passes when value $ref ConditionValue and enums match serde (4.351375ms)
✔ check-openapi-condition-value (75.176666ms)
▶ check-openapi-condition-value CLI
  ✔ exits non-zero on the unpublished-bag fixture (86.421583ms)
✔ check-openapi-condition-value CLI (86.513583ms)
▶ check-openapi-draft-record
  ✔ exports examined-zero floors, paths, and the existing struct field names (0.94775ms)
  ✔ fails while GET/POST policy drafts 200/201 stay a root additionalProperties bag (20.410875ms)
  ✔ fails when DraftRecord is missing from composed schemas (7.798709ms)
  ✔ fails when an invented field appears on DraftRecord (3.893667ms)
  ✔ fails when normalized_row is given a closed enum catalog (4.960541ms)
  ✔ fails when validation_errors is a closed nested object schema (3.699042ms)
  ✔ fails when normalized_row $ref an invented row schema (3.417083ms)
  ✔ fails when validation_errors is an array of invented nested schemas (3.263459ms)
  ✔ fails when review_status is given an invented enum catalog (3.819792ms)
  ✔ fails when reviewer_id drops the JSON null union (3.131291ms)
  ✔ fails when permissions leak onto POST policy drafts (Feature::ALL) (4.435834ms)
  ✔ fails when GET policy drafts is bound as a Head (4.8005ms)
  ✔ fails when POST policy drafts is bound to the request schema (2.906542ms)
  ✔ fails when POST policy drafts is bound to OverrideSummary (3.459916ms)
  ✔ fails when policy catalog is bound to DraftRecord (2.641625ms)
  ✔ fails when governance overrides are bound to DraftRecord (2.668292ms)
  ✔ passes when every draft op $ref the existing DraftRecord and Value fields stay open (3.062375ms)
  ✔ CLI exits non-zero on the repository tree until the typed $ref is published (244.273417ms)
✔ check-openapi-draft-record (324.63775ms)
▶ dto-derived-shapes floors
  ✔ locks examined-zero to 13 inputs + 2 nested + 6 heads (0.290958ms)
✔ dto-derived-shapes floors (0.709208ms)
▶ evaluateDtoDerivedShapes
  ✔ fails while the manifest still holds hand-authored property bags (13.269083ms)
  ✔ fails when the DTO inventory is absent (4.40875ms)
  ✔ fails when the emitter still reads property bags from the manifest (8.539291ms)
  ✔ fails when a Head DTO field is missing from the inventory (5.207333ms)
  ✔ passes a fixture whose property bags are generated from DTO types (2.895958ms)
✔ evaluateDtoDerivedShapes (34.575792ms)
▶ cli
  ✔ accepts the live document only when Head/Input shapes are generated from DTO types (241.694958ms)
✔ cli (241.802334ms)
▶ check-openapi-employee-exit-case-response
  ✔ exports examined-zero floors, paths, and the existing struct field names (1.105458ms)
  ✔ fails while POST exit-cases 201/confirm/approval-draft stay a root additionalProperties bag (19.421917ms)
  ✔ fails when EmployeeExitCaseResponse is missing from composed schemas (4.90825ms)
  ✔ fails when an invented field appears on EmployeeExitCaseResponse (21.18825ms)
  ✔ fails when statutory_basis is given a closed enum catalog (6.362833ms)
  ✔ fails when insurance_loss_payload is a closed nested object schema (4.273208ms)
  ✔ fails when approval_payload $ref an invented statutory schema (2.615833ms)
  ✔ fails when statutory_basis is an array of invented nested schemas (4.977458ms)
  ✔ fails when status is given an invented enum catalog (2.524167ms)
  ✔ fails when permissions leak onto POST exit-cases (Feature::ALL) (2.746458ms)
  ✔ fails when POST exit-cases is bound as a Head (3.261041ms)
  ✔ fails when POST exit-cases is bound to DraftRecord (7.690667ms)
  ✔ fails when absence-exit-dashboard is bound to EmployeeExitCaseResponse (3.592084ms)
  ✔ fails when kill-switch is bound to EmployeeExitCaseResponse (3.457625ms)
  ✔ fails when policy drafts are bound to EmployeeExitCaseResponse (2.356833ms)
  ✔ passes when every exit-case op $ref the existing envelope and Value fields stay open (2.771166ms)
  ✔ CLI exits non-zero on the repository tree until the typed $ref is published (193.278292ms)
✔ check-openapi-employee-exit-case-response (287.87475ms)
▶ openapi HTTP error-envelope gate
  ✔ reports TooManyRequests without Retry-After (8.307458ms)
  ✔ reports missing documented 408 and 413 (3.811833ms)
  ✔ accepts shared RequestTimeout/PayloadTooLarge plus Retry-After on 429 (0.73875ms)
  ✔ reports plaintext request-context error_response (3.238625ms)
  ✔ reports 429 production without Retry-After (7.461833ms)
  ✔ accepts JSON ErrorBody plus Retry-After in runtime sources (6.449167ms)
  ✔ exits 1 naming the floor when the document contains almost no paths (55.485666ms)
  ✔ exits 1 loudly when the document is not parseable YAML at all (59.492875ms)
  ✔ exits 0 against this repository, above the floors, with no envelope holes (272.355042ms)
✔ openapi HTTP error-envelope gate (418.088333ms)
▶ check-openapi-execute-outcome
  ✔ exports examined-zero floor, path, and the existing struct field names (1.366709ms)
  ✔ fails while execute 200 wrapper leaves gates/instance unpublished bags (13.024875ms)
  ✔ fails when OntologyActionExecuteOutcome is missing from composed schemas (11.369292ms)
  ✔ fails when an invented field appears on OntologyActionExecuteOutcome (5.223584ms)
  ✔ fails when projected is closed into a catalog (2.591209ms)
  ✔ fails when projected $ref PreflightOutcome (2.329375ms)
  ✔ fails when POST execute is bound to PreflightOutcome (24.275083ms)
  ✔ fails when POST preflight is bound to OntologyActionExecuteOutcome (5.555584ms)
  ✔ fails when permissions leak onto POST execute (Feature::ALL) (3.10625ms)
  ✔ fails when POST execute is bound as a Head (3.076958ms)
  ✔ fails when kill-switch is bound to OntologyActionExecuteOutcome (1.799708ms)
  ✔ passes when 200 $ref the existing ExecuteOutcome and projected stays open (1.75475ms)
  ✔ CLI exits non-zero on the repository tree until non-Value fields are published (289.107042ms)
✔ check-openapi-execute-outcome (365.56375ms)
▶ check-openapi-gate-outcome
  ✔ exports examined-zero floor and the existing serde wire names (1.243875ms)
  ✔ fails while GateChainOutcome.gates items stay unpublished bags (19.927209ms)
  ✔ fails when GateKind is missing from composed schemas (31.429125ms)
  ✔ fails when an invented GateKind variant appears (10.373542ms)
  ✔ fails when an invented GateStatus mapping variant appears (16.399375ms)
  ✔ fails when GateKind is open in Rust (3.219208ms)
  ✔ fails when kill-switch is bound to GateOutcome (2.961333ms)
  ✔ fails when AuditRecord.action is bound to GateKind (2.968458ms)
  ✔ fails when permissions leak onto POST preflight (Feature::ALL) (3.355625ms)
  ✔ passes when gates[] $ref GateOutcome and enums match serde (3.399791ms)
  ✔ CLI exits non-zero on the repository tree until items are published (176.583125ms)
✔ check-openapi-gate-outcome (272.659125ms)
▶ check-openapi-generated-docs-contract
  ✔ exports examined-zero floors for composed Palantir-class fields (0.465333ms)
  ✔ fails when generated docs omit composed link operationId (5.485792ms)
  ✔ fails when generated docs omit composed action permissions (1.883917ms)
  ✔ fails when generated docs omit composed Head GET/list operation permissions (5.493833ms)
  ✔ fails when docs invent permissions on a non-Head GET (Feature::ALL) (3.803292ms)
  ✔ passes when generated docs copy composed link, action, and operation Palantir-class fields (18.316292ms)
  ✔ CLI exits non-zero on the repository tree until docs generate Palantir-class fields (1428.559583ms)
✔ check-openapi-generated-docs-contract (1464.73775ms)
▶ generated-docs floors
  ✔ locks examined-zero to 6 Heads + 13 Inputs + 2 nested + 1 file (0.237291ms)
✔ generated-docs floors (0.568417ms)
▶ evaluateGeneratedDocs
  ✔ fails when the generated docs artifact is absent (12.830042ms)
  ✔ fails when committed docs bytes drifted from a regen (6.98825ms)
  ✔ fails when a Head section is missing from the docs (7.463875ms)
  ✔ fails when OpenAPI Head properties are not in the docs (3.293708ms)
  ✔ fails when PayRun.payable is not literal false (3.822125ms)
  ✔ fails when Person grows a forbidden field (3.524459ms)
  ✔ fails when a composed operation is omitted from the docs (2.059791ms)
  ✔ passes a fixture whose docs were generated from the composed OpenAPI (3.049375ms)
✔ evaluateGeneratedDocs (43.468042ms)
▶ cli
  ✔ accepts the live document only when the generated docs match composed OpenAPI (752.948625ms)
  ✔ regen of the live docs is a no-op (419.58475ms)
✔ cli (1172.648666ms)
▶ generateDocsFiles
  ✔ property rows and operations come from OpenAPI, not a parallel catalog (1.270875ms)
✔ generateDocsFiles (1.37125ms)
▶ generated path-schema floors
  ✔ locks examined-zero to the composed Palantir-class names already on origin/dev (0.316083ms)
✔ generated path-schema floors (0.725125ms)
▶ evaluateGeneratedPathSchemas
  ✔ fails when generated SDK drops a composed path schema (12.137625ms)
  ✔ fails when generated docs drop a composed path schema (21.05775ms)
  ✔ fails examined-zero when paths $ref no schemas (1.305209ms)
  ✔ fails when kill-switch 200 binds a Palantir-class schema (3.792417ms)
  ✔ fails when kill-switch grows Feature::ALL permissions (12.50025ms)
  ✔ passes when SDK and docs copy composed path schemas (15.68725ms)
✔ evaluateGeneratedPathSchemas (66.736416ms)
▶ check-openapi-generated-path-schemas CLI
  ✔ exits non-zero on the repository tree until SDK/docs emit composed path schemas (1012.810625ms)
✔ check-openapi-generated-path-schemas CLI (1012.921709ms)
▶ generated-sdk floors
  ✔ locks examined-zero to 6 Heads + 13 Inputs + 2 nested (0.394916ms)
✔ generated-sdk floors (0.810917ms)
▶ evaluateGeneratedSdk
  ✔ fails when the generated SDK package is absent (13.394791ms)
  ✔ fails when committed SDK bytes drifted from a regen (5.482292ms)
  ✔ fails when a Head type is missing from the SDK (14.365333ms)
  ✔ fails when OpenAPI Head properties are not in the SDK type (3.3455ms)
  ✔ fails when PayRun.payable is not literal false (3.971333ms)
  ✔ fails when Person grows a forbidden field (3.469459ms)
  ✔ passes a fixture whose SDK was generated from the composed OpenAPI (3.790292ms)
✔ evaluateGeneratedSdk (48.165959ms)
▶ cli
  ✔ accepts the live document only when the generated SDK matches composed OpenAPI (356.426292ms)
  ✔ regen of the live SDK is a no-op (419.168ms)
✔ cli (775.721ms)
▶ generateSdkFiles
  ✔ types come from OpenAPI properties, not a parallel field catalog (1.088667ms)
✔ generateSdkFiles (1.165917ms)
▶ check-openapi-group-admin-groups
  ✔ exports examined-zero floor, path, and the existing struct field names (0.898083ms)
  ✔ fails while GET /api/v1/group-admin/groups 200 stays additionalProperties (25.326375ms)
  ✔ fails when GroupAdminGroupsResponse is missing from composed schemas (3.908791ms)
  ✔ fails when status is typed as PlatformOrgStatus (2.362542ms)
  ✔ fails when an invented field appears on GroupAdminGroupResponse (2.06125ms)
  ✔ fails when permissions leak onto GET /api/v1/group-admin/groups (Feature::ALL) (2.665625ms)
  ✔ fails when GET /api/v1/group-admin/groups is bound as a Head (9.223333ms)
  ✔ fails when GET /api/v1/group-admin/groups is bound to PlatformGroup (1.732417ms)
  ✔ fails when policy drafts are bound to GroupAdminGroupsResponse (40.164166ms)
  ✔ passes when 200 $ref the existing GroupAdminGroupsResponse (1.970041ms)
  ✔ CLI exits non-zero on the repository tree until the typed $ref is published (180.396125ms)
✔ check-openapi-group-admin-groups (272.0345ms)
▶ check-openapi-group-admin-tenant-context
  ✔ exports examined-zero floor, path, and the existing struct field names (1.005625ms)
  ✔ fails while POST group-admin tenant-context 200 stays additionalProperties (13.76375ms)
  ✔ fails when GroupAdminTenantContextStartResponse is missing from composed schemas (13.644542ms)
  ✔ fails when an invented field appears on GroupAdminTenantContextStartResponse (3.790208ms)
  ✔ fails when acting_role is typed as platform SUPER_ADMIN (4.729834ms)
  ✔ fails when permissions leak onto POST group-admin tenant-context (Feature::ALL) (6.433833ms)
  ✔ fails when POST group-admin tenant-context is bound as a Head (3.320791ms)
  ✔ fails when POST group-admin tenant-context is bound to PlatformTenantContextStartResponse (3.308584ms)
  ✔ fails when platform tenant-context is bound to GroupAdminTenantContextStartResponse (2.790625ms)
  ✔ fails when policy drafts are bound to GroupAdminTenantContextStartResponse (13.429125ms)
  ✔ passes when 200 $ref the existing GroupAdminTenantContextStartResponse (2.715042ms)
  ✔ CLI exits non-zero on the repository tree until the typed $ref is published (183.697625ms)
✔ check-openapi-group-admin-tenant-context (253.560834ms)
▶ check-openapi-head-collections
  ✔ exports examined-zero floors, required Heads, exact paths, and Chesterton fences (0.745583ms)
  ✔ fails while OrgUnitHead is not a 200 schema of any collection GET (7.673833ms)
  ✔ does not treat an instance GET as a collection GET (2.798125ms)
  ✔ refuses from/to on a non-temporal Head collection (2.077416ms)
  ✔ fails while JobPosition Head is not a 200 schema of any collection GET (2.121458ms)
  ✔ refuses a PayRun Head collection GET (PayrollRunSummary stays; no version) (1.703708ms)
  ✔ passes when Company, OrgUnit, JobPosition, and Person collection GETs exist without from/to/as_of (2.188958ms)
  ✔ CLI exits non-zero on the repository tree until the collections are published (246.6085ms)
✔ check-openapi-head-collections (266.723416ms)
▶ check-openapi-head-etag
  ✔ exports examined-zero floors (4.309958ms)
  ✔ fails when Head schemas omit schema-level concurrency (16.680084ms)
  ✔ fails when HTTP ETag duplicates a Head GET token (3.840375ms)
  ✔ fails when execute If-Match duplicates expected_revision (5.414541ms)
  ✔ fails when get_token claims version but the Head has no version property (2.064417ms)
  ✔ fails when Employment omits version while employment_revisions.version exists (2.696833ms)
  ✔ accepts Heads that publish version as get_token and body expected_revision (3.381125ms)
  ✔ accepts the live document only when Head concurrency is generated from DTO truth (187.223625ms)
✔ check-openapi-head-etag (226.3875ms)
▶ check-openapi-head-get-permissions
  ✔ exports examined-zero floors and the Chesterton fences (0.69525ms)
  ✔ fails while Head GET/list omit the Feature the runtime already enforces (14.3375ms)
  ✔ fails when GET permissions invent role_manage (the execute gate) (3.115625ms)
  ✔ fails when PayRun Head grows a GET permission (6.512709ms)
  ✔ fails when permissions leak onto a non-Head GET (Feature::ALL) (2.535459ms)
  ✔ passes when generated Head GET/list permissions match EmployeeDirectoryRead (3.56575ms)
  ✔ CLI exits non-zero on the repository tree until Head GET permissions are generated (225.909041ms)
✔ check-openapi-head-get-permissions (257.3345ms)
▶ check-openapi-head-gets
  ✔ exports examined-zero floors and the Chesterton fences (0.735ms)
  ✔ fails while OrgUnitHead is not a 200 schema of any instance GET (7.301042ms)
  ✔ does not treat a collection array as an instance GET (2.766334ms)
  ✔ refuses as_of on a non-temporal Head GET (9.330375ms)
  ✔ fails while JobPosition Head is not a 200 schema of any instance GET (2.808042ms)
  ✔ refuses a PayRun Head GET (PayrollRunSummary stays; no version) (1.833584ms)
  ✔ passes when Company, OrgUnit, JobPosition, Person, and Employment instance GETs exist without as_of on non-temporal Heads (6.803708ms)
  ✔ CLI exits non-zero on the repository tree until the Heads are published (179.202709ms)
✔ check-openapi-head-gets (213.222375ms)
▶ check-openapi-head-link-ops
  ✔ exports examined-zero floors and the Chesterton fences (0.79075ms)
  ✔ fails while Employment→Person is schema-only without getPerson (7.324167ms)
  ✔ fails while Employment→OrgUnit is schema-only without getOrgUnit (2.903041ms)
  ✔ refuses as_of on a linked non-temporal Head (3.331ms)
  ✔ fails while Employment→JobPosition is schema-only without getJobPosition (2.869333ms)
  ✔ fails while JobPosition instance GET is missing so the link cannot bind (2.640625ms)
  ✔ passes when Head FKs with published GET bind that operationId including employment_job_position (4.077083ms)
  ✔ CLI exits non-zero on the repository tree until Employment links bind GET operations (181.267083ms)
✔ check-openapi-head-link-ops (206.17975ms)
▶ openapi HR as-of published-query gate (P0.4)
  ✔ recognizes the instance-GET Timestamp as_of and rejects the evidence integer (0.658333ms)
  ✔ reports Employment Head published with no GET as_of (8.483542ms)
  ✔ rejects an Employment GET that copies the evidence-register integer as_of (6.407917ms)
  ✔ accepts an Employment GET that copies the instance-GET Timestamp as_of (2.714208ms)
  ✔ does not require from/to on the Employment GET when the template lacks them (2.858333ms)
  ✔ exits 1 against a document whose Employment GET omits as_of (53.89325ms)
  ✔ exits 1 loudly when the document is not parseable YAML at all (41.657792ms)
  ✔ exits 0 against this repository with Employment GET Timestamp as_of (360.565625ms)
✔ openapi HR as-of published-query gate (P0.4) (478.08175ms)
▶ check-openapi-hr-from-to
  ✔ locks GET_FLOOR to the as_of gate so both walkers examine the same document (0.409125ms)
  ✔ accepts optional Timestamp from/to and an Employment array 200 (0.1605ms)
  ✔ fails while the Employment collection path is missing (12.951541ms)
  ✔ fails when the collection exists but omits from/to (2.810833ms)
  ✔ rejects integer from/to copied from the evidence register (2.16ms)
  ✔ rejects a collection that returns EmployeePage instead of Employment Heads (6.731292ms)
  ✔ rejects EmployeeDetail as_of (HOLD) (3.407334ms)
  ✔ accepts Timestamp from/to on the Employment collection (2.450375ms)
  ✔ exits 1 against origin/dev-shaped documents that omit the collection (58.623208ms)
  ✔ exits 1 loudly when the document is not parseable YAML at all (46.48675ms)
✔ check-openapi-hr-from-to (138.986417ms)
▶ check-openapi-hr-readiness-summary
  ✔ exports examined-zero floor and the existing DTO identities (0.630584ms)
  ✔ fails while readiness 200 stays additionalProperties (8.824458ms)
  ✔ fails when HrReadinessSummary is missing from composed schemas (2.762709ms)
  ✔ fails when an invented field appears on HrPayrollReadinessSummary (2.05175ms)
  ✔ fails when permissions leak onto getHrReadinessSummary (Feature::ALL) (2.794459ms)
  ✔ fails when getHrReadinessSummary grows invented query params (2.546959ms)
  ✔ fails when absence-exit-dashboard is bound to HrReadinessSummary (2.256542ms)
  ✔ passes when 200 $ref the existing HrReadinessSummary (1.888292ms)
  ✔ CLI exits non-zero on the repository tree until the typed $ref is published (156.39475ms)
✔ check-openapi-hr-readiness-summary (181.396334ms)
▶ check-openapi-lifecycle-preflight
  ✔ exports examined-zero floor, path, and the existing struct field names (0.91775ms)
  ✔ fails while POST lifecycle preflight 200 stays additionalProperties (11.800958ms)
  ✔ fails when LifecyclePreflight is missing from composed schemas (26.930667ms)
  ✔ fails when an invented field appears on LifecyclePreflight (3.501125ms)
  ✔ fails when permissions leak onto POST lifecycle preflight (Feature::ALL) (2.631375ms)
  ✔ fails when POST lifecycle preflight is bound as a Head (3.01225ms)
  ✔ fails when POST lifecycle preflight is bound to ontology PreflightOutcome (2.59525ms)
  ✔ fails when ontology action preflight is bound to LifecyclePreflight (3.597125ms)
  ✔ fails when group-admin tenant-context is bound to LifecyclePreflight (2.912541ms)
  ✔ fails when policy drafts are bound to LifecyclePreflight (2.292666ms)
  ✔ fails when outcome is an open bag instead of GateChainOutcome (3.333166ms)
  ✔ passes when 200 $ref the existing LifecyclePreflight (1.7335ms)
  ✔ CLI exits non-zero on the repository tree until the typed $ref is published (180.304167ms)
✔ check-openapi-lifecycle-preflight (246.512083ms)
▶ check-openapi-lifecycle-transition-config
  ✔ exports examined-zero floor, path, and the existing struct field names (0.97575ms)
  ✔ fails while POST governance lifecycle transitions 201 stays additionalProperties (9.193875ms)
  ✔ fails when LifecycleTransitionConfig is missing from composed schemas (4.131917ms)
  ✔ fails when an invented field appears on LifecycleTransitionConfig (4.324625ms)
  ✔ fails when requirements are flattened onto the request-shaped wire (2.845916ms)
  ✔ fails when permissions leak onto POST governance lifecycle transitions (Feature::ALL) (2.035792ms)
  ✔ fails when POST governance lifecycle transitions is bound as a Head (2.798667ms)
  ✔ fails when POST governance lifecycle transitions is bound to LifecyclePreflight (2.084125ms)
  ✔ fails when POST governance lifecycle transitions is bound to ontology PreflightOutcome (3.774625ms)
  ✔ fails when lifecycle preflight is bound to LifecycleTransitionConfig (2.132083ms)
  ✔ fails when decide-approval is bound to LifecycleTransitionConfig (3.04875ms)
  ✔ fails when policy drafts are bound to LifecycleTransitionConfig (3.242958ms)
  ✔ passes when 201 $ref the existing LifecycleTransitionConfig (1.682667ms)
  ✔ CLI exits non-zero on the repository tree until the typed $ref is published (179.439125ms)
✔ check-openapi-lifecycle-transition-config (222.635416ms)
▶ packageVersion
  ✔ reads [package].version and ignores dependency versions (0.469208ms)
  ✔ returns null when [package].version is absent (0.131583ms)
✔ packageVersion (1.024459ms)
▶ evaluateLifecycleVersion
  ✔ fails when shared info.yaml still carries a hand version field (3.720042ms)
  ✔ fails when composed info.version drifted from the crate version (2.158625ms)
  ✔ fails when compose does not source CARGO_PKG_VERSION (1.707084ms)
  ✔ fails when compose does not emit COMPOSE_API_VERSION (1.317791ms)
  ✔ passes a fixture whose compose owns info.version from the crate (1.706125ms)
✔ evaluateLifecycleVersion (10.910458ms)
▶ cli
  ✔ accepts the live tree only when compose owns info.version (196.639458ms)
✔ cli (196.77275ms)
▶ openapi 3.1 JSON Schema null-union gate
  ✔ reports type: string with nullable: true and no JSON Schema null union (2.695958ms)
  ✔ accepts the document's existing primitive union type: [string, 'null'] (5.627084ms)
  ✔ accepts the document's existing $ref oneOf null union (0.944166ms)
  ✔ still reports $ref + sibling nullable: true, which JSON Schema does not treat as null (1.373666ms)
  ✔ does not report nullable: true when the same node already has a type null union (0.505459ms)
  ✔ jsonSchemaAdmitsNull matches type arrays, oneOf, and anyOf (0.100541ms)
  ✔ exits 1 naming the floor when the document contains almost no schemas (46.920625ms)
  ✔ exits 1 loudly when the document is not parseable YAML at all (50.270083ms)
  ✔ exits 0 against this repository, above the schema floor, with no nullable:true holes (408.132833ms)
✔ openapi 3.1 JSON Schema null-union gate (517.384125ms)
▶ check-openapi-object-type-detail
  ✔ exports examined-zero floors, paths, and the existing struct field names (3.923875ms)
  ✔ fails while GET object-types/{key} 200 stays a root additionalProperties bag (15.573708ms)
  ✔ fails when ObjectTypeDetail is missing from composed schemas (5.506084ms)
  ✔ fails when field_kind is closed to a FieldKind catalog (4.194792ms)
  ✔ fails when config is given a closed nested object schema (3.383083ms)
  ✔ fails when params_schema $ref an invented nested schema (4.423375ms)
  ✔ fails when formula is an array of invented nested schemas (3.73025ms)
  ✔ fails when GET {key} is bound to ObjectTypeSummary (3.252542ms)
  ✔ fails when permissions leak onto GET object-types/{key} (Feature::ALL) (2.763209ms)
  ✔ fails when GET object-types/{key} is bound as a Head (2.422084ms)
  ✔ fails when kill-switch is bound to ObjectTypeDetail (11.518875ms)
  ✔ fails when list GET is bound to ObjectTypeDetail (2.524959ms)
  ✔ fails when an invented query param appears (20.967875ms)
  ✔ passes when GET 200 $ref the existing envelope and Value/Unknown stay open (3.712208ms)
  ✔ CLI exits non-zero on the repository tree until the typed $ref is published (185.955292ms)
✔ check-openapi-object-type-detail (274.882959ms)
▶ check-openapi-object-type-list
  ✔ exports examined-zero floor and the existing list GET identity (0.351125ms)
  ✔ fails while list 200 items stay additionalProperties (7.516959ms)
  ✔ fails when ObjectTypeSummary is missing from composed schemas (2.88425ms)
  ✔ fails when permissions leak onto listObjectTypes (Feature::ALL) (2.384459ms)
  ✔ fails when listObjectTypes grows invented query params (2.794917ms)
  ✔ fails when GET by key is bound to ObjectTypeSummary (wrong runtime type) (2.482ms)
  ✔ passes when list items $ref the existing ObjectTypeSummary (2.42ms)
  ✔ CLI exits non-zero on the repository tree until the typed $ref is published (181.182083ms)
✔ check-openapi-object-type-list (202.787625ms)
▶ check-openapi-ontology-instance-types
  ✔ exports examined-zero floor and the four existing GET identities (0.392916ms)
  ✔ fails while instance GET/list/history/traverse 200 stay additionalProperties (8.131458ms)
  ✔ fails when instance GET drops Timestamp as_of (6.14725ms)
  ✔ fails when permissions leak onto instance history (Feature::ALL) (2.441875ms)
  ✔ passes when the four GETs bind the existing runtime schemas (2.694917ms)
  ✔ CLI exits non-zero on the repository tree until the typed $refs are published (190.90775ms)
✔ check-openapi-ontology-instance-types (211.42175ms)
▶ check-openapi-orgunit-job-positions
  ✔ exports examined-zero floor, reverse identity, and the PayRun fence (0.675ms)
  ✔ fails while GET /api/v1/org-units/{id}/job-positions is unpublished (8.146958ms)
  ✔ fails while OrgUnit Head has no reverse collection link (12.509125ms)
  ✔ fails while the reverse link binds getJobPosition (instance, not collection) (2.094375ms)
  ✔ refuses as_of on the reverse collection (JobPosition has no valid-time store) (3.117917ms)
  ✔ refuses a PayRun Head as the reverse 200 schema (1.87775ms)
  ✔ passes when the reverse collection GET and OrgUnit Head link bind listOrgUnitJobPositions (3.012792ms)
  ✔ CLI exits non-zero on the repository tree until the reverse collection is published (155.807584ms)
✔ check-openapi-orgunit-job-positions (189.184375ms)
▶ check-openapi-override-summary
  ✔ exports examined-zero floor, path, and the existing struct field names (0.897ms)
  ✔ fails while POST governance overrides 201 stays a root additionalProperties bag (11.018167ms)
  ✔ fails when OverrideSummary is missing from composed schemas (9.447958ms)
  ✔ fails when an invented field appears on OverrideSummary (10.047042ms)
  ✔ fails when before_snapshot is given a closed enum catalog (4.500375ms)
  ✔ fails when before_snapshot is a closed nested object schema (2.761042ms)
  ✔ fails when before_snapshot $ref an invented snapshot schema (43.336125ms)
  ✔ fails when permissions leak onto POST governance overrides (Feature::ALL) (2.4265ms)
  ✔ fails when POST governance overrides is bound as a Head (2.731709ms)
  ✔ fails when POST governance overrides is bound to the request schema (9.349459ms)
  ✔ fails when POST governance overrides is bound to ApprovalSummary (2.855459ms)
  ✔ fails when decide-approval is bound to OverrideSummary (2.937333ms)
  ✔ fails when policy drafts are bound to OverrideSummary (3.876333ms)
  ✔ passes when 201 $ref the existing OverrideSummary and before_snapshot stays open (2.147917ms)
  ✔ CLI exits non-zero on the repository tree until the typed $ref is published (235.545375ms)
✔ check-openapi-override-summary (345.308625ms)
▶ check-openapi-policy-catalog
  ✔ exports examined-zero floor, path, and the existing struct field names (0.96975ms)
  ✔ fails while GET /api/v1/policy/catalog 200 items stay additionalProperties (12.877916ms)
  ✔ fails when CatalogEntry is missing from composed schemas (4.1055ms)
  ✔ fails when status is typed as an enum catalog (4.04075ms)
  ✔ fails when an invented field appears on CatalogEntry (3.930125ms)
  ✔ fails when permissions leak onto GET /api/v1/policy/catalog (Feature::ALL) (2.257625ms)
  ✔ fails when GET /api/v1/policy/catalog grows invented query params (3.199666ms)
  ✔ fails when policy drafts are bound to CatalogEntry (2.135666ms)
  ✔ passes when 200 items $ref the existing CatalogEntry (2.116584ms)
  ✔ CLI exits non-zero on the repository tree until the typed $ref is published (243.50575ms)
✔ check-openapi-policy-catalog (279.9975ms)
▶ check-openapi-policy-decision
  ✔ exports examined-zero floor, paths, and the existing struct field names (0.995042ms)
  ✔ fails while POST authorize/simulate 200 stay additionalProperties (25.798959ms)
  ✔ fails when DecisionResponse is missing from composed schemas (23.744625ms)
  ✔ fails when DecisionResponse.outcome is not SimulationOutcome (3.919542ms)
  ✔ fails when simulate 200 is bound to bare SimulationOutcome (3.71525ms)
  ✔ fails when an invented field appears on DecisionResponse (2.696917ms)
  ✔ fails when permissions leak onto POST authorize (Feature::ALL) (2.266292ms)
  ✔ fails when POST authorize is bound as a Head (3.299959ms)
  ✔ fails when governance lifecycle preflight is bound to DecisionResponse (3.916666ms)
  ✔ fails when group-admin tenant-context is bound to DecisionResponse (2.455709ms)
  ✔ fails when policy drafts are bound to DecisionResponse (3.837ms)
  ✔ fails when bulk authorize is bound to DecisionResponse (55.31675ms)
  ✔ passes when both 200s $ref the existing DecisionResponse (3.2835ms)
  ✔ CLI exits non-zero on the repository tree until the typed $ref is published (209.218375ms)
✔ check-openapi-policy-decision (345.501833ms)
▶ check-openapi-preflight-outcome
  ✔ exports examined-zero floor, path, and the existing struct field names (1.197958ms)
  ✔ fails while POST preflight 200 stays additionalProperties (14.734542ms)
  ✔ fails when PreflightOutcome is missing from composed schemas (14.098584ms)
  ✔ fails when an invented field appears on PreflightOutcome (3.621583ms)
  ✔ fails when permissions leak onto POST preflight (Feature::ALL) (2.963917ms)
  ✔ fails when POST preflight is bound as a Head (25.186458ms)
  ✔ fails when POST preflight is bound to OntologyActionExecuteOutcome (2.686958ms)
  ✔ fails when execute 200 is bound to PreflightOutcome (22.799ms)
  ✔ fails when governance lifecycle preflight is bound to PreflightOutcome (2.793792ms)
  ✔ fails when policy drafts are bound to PreflightOutcome (2.710042ms)
  ✔ fails when gates is an open bag instead of GateChainOutcome (2.244375ms)
  ✔ passes when 200 $ref the existing PreflightOutcome (2.335083ms)
  ✔ CLI exits non-zero on the repository tree until the typed $ref is published (235.257084ms)
✔ check-openapi-preflight-outcome (333.7ms)
▶ openapi ref totality gate
  ✔ reports a flow-style foreign-URL $ref whole, prefix included (3.897625ms)
  ✔ reports a flow-style $ref that carries no pointer to find (0.921ms)
  ✔ reports a quoted $ref with an internal space instead of truncating to a resolvable prefix (1.220625ms)
  ✔ reports a foreign prefix ending in flow delimiters legal inside a quoted scalar (0.932292ms)
  ✔ resolves implicit discriminator.mapping schema names and reports the ghost (0.865875ms)
  ✔ reads refs identically across block, flow, quoted, folded and anchored spellings (1.17525ms)
  ✔ resolves nothing through the JS prototype chain (0.615834ms)
  ✔ reports a well-formed local schema ref whose target no fragment defines (0.775208ms)
  ✔ resolves refs into non-schema component sections and reports their absence (0.868041ms)
  ✔ rejects a nested JSON pointer by the same exact-shape rule, without enumerating it (0.558125ms)
  ✔ reports a $ref whose pointer YAML comment rules made null (0.707917ms)
  ✔ terminates on a self-referential alias instead of walking forever (0.689292ms)
  ✔ exits 1 naming the floor when the document contains almost no refs (43.181333ms)
  ✔ exits 1 loudly when the document is not parseable YAML at all (39.431459ms)
  ✔ exits 0 against this repository, above both floors (297.723375ms)
✔ openapi ref totality gate (394.61975ms)
▶ openapi security-truth gate
  ✔ keeps the public-operation set closed at the audited 23 (0.517333ms)
  ✔ limits native public entry to the five reviewed operations (0.394917ms)
  ✔ rejects anonymous disclosure for get /api/v2/accounts/me (9.338541ms)
  ✔ rejects anonymous disclosure for post /api/v2/auth/registration/finish (1.134083ms)
  ✔ rejects anonymous disclosure for post /api/v2/auth/passkey/login/finish (1.241958ms)
  ✔ reports a document with no top-level bearer security (0.801625ms)
  ✔ reports a public operation that omits security instead of declaring security: [] (0.648708ms)
  ✔ reports security: [] on a path that is not in the closed public set (1.069042ms)
  ✔ reports credential-reset that still looks generally available (1.253042ms)
  ✔ reports credential-reset declared public with security: [] (0.926084ms)
  ✔ accepts top-level bearer, explicit public overrides, and HOLD credential-reset (0.866958ms)
  ✔ accepts a protected operation that omits security once document-level bearer exists (1.026791ms)
  ✔ reports omitted security as public when the document has no inheritable bearer (0.764917ms)
  ✔ exits 0 against this repository, above the floors, with no security-truth holes (325.686708ms)
✔ openapi security-truth gate (347.159542ms)
▶ openapi semantic-contract gate (links + action contracts)
  ✔ locks the six PRODUCT objects, thirteen dispatch targets, and five Head FKs (0.6615ms)
  ✔ reports missing links/actions on Head-only schemas (the #994 hole) (3.849208ms)
  ✔ rejects links/actions stuffed under properties (instance-field fiction) (1.15275ms)
  ✔ rejects OntologyActionRequest.params as an action input (type erasure) (2.829625ms)
  ✔ accepts the six objects with Head FKs as links and thirteen typed action contracts (2.037792ms)
  ✔ exits 1 against Head-only schemas (56.364458ms)
  ✔ exits 1 loudly when the document is not parseable YAML (45.666125ms)
  ✔ exits 0 against this repository with declared links and action contracts (256.197417ms)
✔ openapi semantic-contract gate (links + action contracts) (369.897583ms)
▶ semantic-generate floors
  ✔ locks examined-zero to 13 inputs + 2 nested + 6 heads (0.315083ms)
✔ semantic-generate floors (0.851792ms)
▶ evaluateSemanticGenerate
  ✔ fails when the manifest is absent (1.867875ms)
  ✔ fails while gen_registry include_str's a generated Input YAML (11.209ms)
  ✔ fails when the composed document drifts from the manifest (6.936ms)
  ✔ passes a fixture whose composed schemas are generated from the manifest (5.047208ms)
✔ evaluateSemanticGenerate (25.286375ms)
▶ cli
  ✔ accepts the live composed document as generated from the semantic manifest (188.559875ms)
✔ cli (188.672458ms)
▶ semantic-roster floors
  ✔ locks examined-zero to six Heads, thirteen DispatchTargets, five Head FKs (0.309458ms)
✔ semantic-roster floors (0.745791ms)
▶ evaluateSemanticRoster
  ✔ fails when the manifest is absent (0.901875ms)
  ✔ fails while objects/links/actions remain a hand-authored JSON catalog (8.785667ms)
  ✔ fails when the emitter still parses objects from the manifest JSON (3.171208ms)
  ✔ fails when a runtime DispatchTarget is missing from the DTO roster (4.6525ms)
  ✔ passes a fixture whose roster is emitted from the DTO / DispatchTarget inventory (2.930833ms)
✔ evaluateSemanticRoster (20.728375ms)
▶ cli
  ✔ accepts the live roster only when objects/links/actions are generated from DTO inventory (180.133958ms)
✔ cli (180.259583ms)
▶ typed-action-binder floors
  ✔ locks examined-zero to the thirteen DispatchTarget actions (0.279041ms)
✔ typed-action-binder floors (0.693708ms)
▶ evaluateTypedActionBinder
  ✔ fails when the manifest is absent (0.909709ms)
  ✔ fails while typed_action.rs hand-defines bind_canonical_action_params (3.671917ms)
  ✔ fails when generated rust omits the binder (2.11175ms)
  ✔ fails when the emitter does not generate the binder (7.743875ms)
  ✔ fails when the non-roster catch-all is missing (1.665667ms)
  ✔ passes a fixture whose binder is generated from the manifest (2.115042ms)
✔ evaluateTypedActionBinder (18.591875ms)
▶ cli
  ✔ accepts the live binder only when bind_canonical_action_params is generated (45.196542ms)
✔ cli (45.31875ms)
▶ typed-action-codecs floors
  ✔ locks examined-zero to 13 inputs + 2 nested write bags (0.374459ms)
✔ typed-action-codecs floors (0.883875ms)
▶ evaluateTypedActionCodecs
  ✔ fails when the manifest is absent (1.731042ms)
  ✔ fails while typed_action.rs hand-defines CompanyReviseInput (4.002ms)
  ✔ fails when generated Rust is absent (1.47425ms)
  ✔ fails when generated Rust drifts from a manifest field (2.133916ms)
  ✔ passes a fixture whose codecs are generated from the manifest (2.296625ms)
✔ evaluateTypedActionCodecs (11.883417ms)
▶ cli
  ✔ accepts the live binder only when codecs are generated from the semantic manifest (42.166917ms)
✔ cli (42.294625ms)
▶ openapi typed-execute gate (execute request body $refs)
  ✔ locks the thirteen DispatchTarget input schema names (0.736834ms)
  ✔ rejects OntologyActionRequest.params additionalProperties: true (type erasure) (3.349375ms)
  ✔ stays red when twelve of thirteen inputs are $ref'd (free-form remainder) (2.568833ms)
  ✔ rejects typed inputs that omit additionalProperties: false (1.927916ms)
  ✔ accepts execute+preflight envelopes whose params anyOf $refs all thirteen inputs (1.468875ms)
  ✔ exits 1 against the free-form execute codec (43.37625ms)
  ✔ exits 1 loudly when the document is not parseable YAML (45.414584ms)
  ✔ exits 0 against this repository only after typed execute params land (191.414083ms)
✔ openapi typed-execute gate (execute request body $refs) (291.7265ms)
▶ prototype-chain lookup census
  ✔ classifies literal keys as out of class (0.55025ms)
  ✔ reports optional-computed and undefined-compare on untrusted keys (RED control) (58.564208ms)
  ✔ reports identifier in-operator and ignores for-in (51.262333ms)
  ✔ ignores literal optional keys and match?.[1] numerics (40.513ms)
  ✔ passes when every finding is named in the residual register (35.172875ms)
  ✔ fails closed on stale residuals and on examined-zero (62.364125ms)
  ✔ fails closed when a listed subject path is missing on disk (unread ≠ scanned) (26.121708ms)
  ✔ CLI exits non-zero on unknown findings (67.536542ms)
  ✔ live repo subjects exceed the scanned floor (7.0355ms)
  ✔ live repo census is green against the committed residual register (102.520041ms)
✔ prototype-chain lookup census (452.563666ms)
▶ request body contract gate
  ✔ reports a spec property the struct's rename_all makes unreachable (7.123958ms)
  ✔ reports a required spec property that is not a field of the bound struct at all (2.723208ms)
  ✔ reports a handler-required field the spec does not list as required (1.660167ms)
  ✔ reports a handler-required field the spec makes optional when nothing renames it (2.779541ms)
  ✔ does not report the renamed-field mismatch twice, once from each side (3.83975ms)
  ✔ treats an Option field as optional rather than a missing required entry (4.209459ms)
  ✔ reads a raw-identifier field under the name serde publishes it as (1.910625ms)
  ✔ skips a struct without deny_unknown_fields instead of counting it as compared (2.327917ms)
  ✔ flags an anchor operation that stops resolving instead of silently comparing less (132.390667ms)
  ✔ resolves every anchor and stays above the floor against this repository (1448.303834ms)
  ✔ resolves a string-literal .route() JSON body, not only a path const (1.188333ms)
  ✔ resolves the named string-literal .route() bodies against this repository (1321.081541ms)
  ✔ exits 1 naming the floor when the resolver finds nothing to compare (30.805375ms)
  ✔ exits 1 on the floor alone, with every anchor resolved and no findings (123.076125ms)
  ✔ exits 0 stating what it compared, against this repository (1409.695333ms)
  ✔ lets an explicit #[serde(rename)] override rename_all (1.209666ms)
  ✔ treats #[serde(default)] on a non-Option field as optional (0.781542ms)
  ✔ resolves and compares an inline requestBody schema, not only a $ref (0.898917ms)
  ✔ binds the struct in the handler's own file, not a same-named one in another crate (1.102458ms)
  ✔ refuses to guess between same-named structs instead of comparing an arbitrary one (1.927416ms)
  ✔ fails closed when a request struct exists only inside an unexpanded macro (0.576417ms)
✔ request body contract gate (4500.738583ms)
▶ own-property helper rejects Object.prototype keys
  ✔ own() and hasOwnKey() return nothing for every hostile key on an empty map (0.04425ms)
  ✔ own() still returns authored own properties (0.042375ms)
✔ own-property helper rejects Object.prototype keys (0.126875ms)
▶ request-body contract rejects prototype-chain schema resolution
  ✔ jsonRequestSchema resolves nothing through the JS prototype chain (0.089041ms)
  ✔ does not treat Object.prototype names as present in schema.properties (0.600667ms)
✔ request-body contract rejects prototype-chain schema resolution (0.715541ms)
▶ serde rename_all reproduction
  ✔ renames outcome the way serde does (0.055708ms)
  ✔ renames very_tasty the way serde does (0.018917ms)
  ✔ renames a the way serde does (0.014417ms)
  ✔ renames z42 the way serde does (0.01325ms)
✔ serde rename_all reproduction (0.139833ms)
▶ serde enum-variant reproduction
  ✔ uses serde's variant rules rather than its different field rules (0.064041ms)
✔ serde enum-variant reproduction (0.083792ms)
▶ request body enum-variant contract
  ✔ compares a qualified Option enum through a nullable oneOf $ref (0.766042ms)
  ✔ compares a qualified Option enum through a JSON Schema type null union (1.094917ms)
  ✔ reports a variant the spec advertises but serde rejects (0.781416ms)
  ✔ reports a variant serde accepts but the spec omits (0.927333ms)
  ✔ does not let a top-level line comment hide the following Rust enum variant (2787.467833ms)
  ✔ does not let a char literal close an outer Rust enum body (2782.08ms)
  ✔ does not let a byte-char literal close an outer Rust enum body (2796.312959ms)
  ✔ discovers no enum from an unexpanded macro_rules token tree at module scope (2816.264125ms)
  ✔ discovers no cfg-disabled enum nested in a function body (2858.088291ms)
  ✔ discovers no cfg-disabled enum nested in a const initializer block (2835.546541ms)
  ✔ discovers no cfg-disabled enum nested in an impl method body (2792.576542ms)
  ✔ discovers no enum from async, closure, trait, or static initializer bodies (4.529125ms)
  ✔ resolves an enum through its explicit inline-module path (0.882541ms)
  ✔ resolves a grouped import from an inline module without guessing another module (0.699667ms)
  ✔ resolves a qualified enum declared in a file-backed module (0.687542ms)
  ✔ follows a file-backed module's path attribute instead of its physical-name decoy (2.720125ms)
  ✔ uses Rust's relative path rules in file modules and inline modules (5.484791ms)
  ✔ ignores path-shaped comments, strings, and unrelated attributes (0.804458ms)
  ✔ propagates cfg uncertainty through a path-remapped file module (0.884458ms)
  ✔ propagates inner cfg_attr uncertainty from a path target with valid rustc configurations (364.335833ms)
  ✔ propagates inner cfg_attr after Rust file shebang and BOM preludes (587.593ms)
  ✔ fails closed on misplaced, duplicate, or unsupported Rust file preludes (5.995875ms)
  ✔ propagates direct, conditional, duplicate, and conflicting inner cfg attributes (2.39275ms)
  ✔ keeps lint-only inner cfg_attr modules resolvable (0.864875ms)
  ✔ fails closed on malformed or unsupported inner module attributes (4.447958ms)
  ✔ fails closed on unknown, duplicate, conflicting, conditional, or malformed path mappings (4.520083ms)
  ✔ leaves missing, non-Rust, and ambiguous ordinary module targets unresolved (3.282167ms)
  ✔ resolves a qualified enum through an imported module alias (1.047375ms)
  ✔ does not resolve an unknown qualified path by bare-name fallback (0.919584ms)
  ✔ fails closed on a cfg-conditional module-scope enum (0.680333ms)
  ✔ propagates cfg uncertainty from an inline module to its enum (0.792083ms)
  ✔ fails closed when a field enum exists only inside an unexpanded macro (0.602542ms)
  ✔ keeps the outer enum boundary across every supported Rust lexical form (2.930375ms)
  ✔ does not discover enum items fabricated inside comments or literals (0.704458ms)
  ✔ fails closed on lexically invalid or unbalanced Rust item bodies (2.588125ms)
  ✔ keeps variants visible across line, doc, comma-bearing, and nested block comments (6.841583ms)
  ✔ treats comments as whitespace instead of fabricating joined variant names (2.146ms)
  ✔ does not read comment syntax or commas inside discriminant literals as enum structure (1.176542ms)
  ✔ fails closed on syntax-bearing attributes even when their strings look like comments (0.888625ms)
  ✔ reports a serde enum when OpenAPI leaves the string unrestricted (1.109125ms)
  ✔ registers a String-backed spec enum instead of pretending to compare it (0.938958ms)
  ✔ registers tagged/data enums and unsupported variant attributes instead of guessing (1.529708ms)
  ✔ refuses an ambiguous bare enum name (0.7885ms)
  ✔ normalizes placeholder names without normalizing literal path bytes (1.027834ms)
  ✔ fails closed when placeholder normalization makes two operations collide (0.985084ms)
  ✔ makes enum findings fatal in the CLI (34.254667ms)
  ✔ enforces the enum floor independently of body resolution (34.365041ms)
✔ request body enum-variant contract (20759.197041ms)
▶ undecidable register is exact and fail-closed
  ✔ rejects a missing, malformed, or duplicate register (3.064083ms)
  ✔ rejects unknown reasons, reason drift, stale entries, and equal-count substitution (1.836084ms)
  ✔ makes register drift fatal in the CLI (34.057333ms)
✔ undecidable register is exact and fail-closed (39.0525ms)
▶ live request body census
  ✔ binds the exact source-first body and enum populations to the reviewed register (1773.779916ms)
✔ live request body census (1773.833833ms)
▶ native typed raw-body contract source binding
  ✔ resolves actual registration_start as RegistrationStartInput (37.088459ms)
  ✔ resolves actual registration_finish as RegistrationFinishInput (15.543917ms)
  ✔ resolves actual login_start as EmptyInput (9.499875ms)
  ✔ resolves actual login_finish as LoginFinishInput (8.756625ms)
  ✔ resolves actual logout as EmptyInput (9.107292ms)
  ✔ resolves actual refresh as EmptyInput (9.67275ms)
  ✔ compares all six retained bodies without adding undecidable entries (9.811292ms)
  ✔ detects a wrong property on all three nonempty inputs (14.81725ms)
  ✔ detects omitted required native wrapper fields (7.020833ms)
  ✔ does not mistake an empty typed body for an absent body (8.03125ms)
  ✔ records a recognized typed body omitted from OpenAPI instead of hiding it (8.026208ms)
  ✔ resolves a qualified direct Json handler in its actual module (2.220333ms)
  ✔ finds direct Json drift through the qualified handler instead of a caller decoy (2.032042ms)
  ✔ follows the declared path-remapped handler module (2.459041ms)
  ✔ keeps a correctly resolved permissive Json DTO undecidable with truthful type metadata (1.9ms)
  ✔ does not fall back from an unknown handler module to a matching bare function (1.811125ms)
  ✔ keeps a cfg-conditional handler module unresolved (1.370958ms)
  ✔ ignores same-path route decoys inside comments, strings and macro tokens (1.7755ms)
  ✔ ignores shadow-shaped literal/comment text beside a real typed read (13.52175ms)
  ✔ does not infer network input from a typed read in a comment (7.23075ms)
  ✔ does not infer network input from a typed read in a raw string (8.441666ms)
  ✔ does not infer network input from a typed read in a nested function (7.04125ms)
  ✔ does not infer network input from a typed read in a closure (8.987292ms)
  ✔ does not infer network input from a typed read in a conditional branch (7.187083ms)
  ✔ does not infer network input from a typed read in a unexpanded macro (7.04725ms)
  ✔ rejects a same-name helper that no longer parses JSON (6.273417ms)
  ✔ rejects a helper parsing unrelated bytes despite retaining the parser name (7.952166ms)
  ✔ rejects a helper whose original parse exists only in a nested decoy (6.253792ms)
  ✔ does not trust a nested helper shadowing the known parser (7.432208ms)
  ✔ refuses a function-scope helper import even when declared after the read (5.992083ms)
  ✔ refuses a function-scope parser function even when declared after the read (18.517042ms)
  ✔ refuses a function-scope type alias shadowing the bound DTO (5.533167ms)
  ✔ refuses a parameter-local parser closure shadow (5.0245ms)
  ✔ does not bind a typed read of an unrelated body expression (4.626584ms)
  ✔ does not bind a network body parameter shadowed before parsing (5.533833ms)
  ✔ refuses competing typed reads instead of choosing first or last (4.51025ms)
  ✔ does not accept an unrecognized body limit expression (5.703708ms)
  ✔ does not trust a function-local constant shadowing the admitted body limit (6.380833ms)
  ✔ refuses an imported alias that replaces serde_json under the known helper (6.544834ms)
  ✔ refuses replacing the bounded body reader import (6.106959ms)
  ✔ refuses a module shadowing serde_json under the known helper (6.300541ms)
  ✔ refuses a foreign parser sharing read_json's name (1.724541ms)
✔ native typed raw-body contract source binding (322.749708ms)
▶ native parser shadowing review regressions
  ✔ does not resolve a qualified router namespace through a shadowing local import (1.444125ms)
  ✔ does not trust an extern-crate alias replacing the reviewed serde_json namespace (5.735292ms)
  ✔ does not trust a disabled limit declaration beside a different live binding (6.53725ms)
✔ native parser shadowing review regressions (13.858375ms)
▶ native ancestor namespace and macro review regressions
  ✔ does not trust a root extern-crate alias replacing serde_json (5.331125ms)
  ✔ does not trust a root extern-crate alias replacing axum (5.060833ms)
  ✔ does not trust an ancestor macro that replaces the native handler body limit (5.558083ms)
  ✔ does not resolve a qualified router namespace through a macro-generated alias (2.206333ms)
  ✔ does not trust an ancestor macro that replaces the native parser with an unbounded reader (6.293375ms)
✔ native ancestor namespace and macro review regressions (24.59875ms)
✔ does not resolve a qualified module through a router type parameter (1.534375ms)
✔ does not resolve the native DTO through a handler type parameter (5.171041ms)
▶ native literal route ownership
  ✔ resolves literal paths with qualified native handlers (5.9455ms)
  ✔ does not bind a literal route inside a comment (6.574708ms)
  ✔ does not bind a literal route inside a macro (7.164458ms)
✔ native literal route ownership (19.795792ms)
✔ does not prove a literal route from a commented native handler (5.98825ms)
ℹ tests 622
ℹ suites 80
ℹ pass 622
ℹ fail 0
ℹ cancelled 0
ℹ skipped 0
ℹ todo 0
ℹ duration_ms 28615.077042
request body contract gate passed (resolved 122, skipped 175)
request body census 297; enum candidates 50, resolved 20, skipped 30
openapi ref gate passed (5400 refs, 34 mapping entries, 0 findings)
openapi 3.1 null-union gate passed (11704 schema-like mappings, 0 leftover nullable: true with a JSON Schema null union, 0 findings)
openapi error-envelope gate passed (532 paths, 15 shared responses, 0 findings)
openapi security-truth gate passed (609 operations, 23 explicit public, 0 omitted security, 0 findings)
openapi canonical-schema gate passed (6/6 named schemas, 0 findings)
openapi HR as-of gate passed (1/1 Employment GET as_of, 246 GET operations, 0 findings)
openapi HR from/to gate passed (1/1 Employment collection from/to, 246 GET operations, 0 findings)
openapi hr-readiness-summary typed-response gate passed (HrReadinessSummary $ref; 246 GET operations, 0 findings)
openapi semantic-contract gate passed (6/6 objects, 13/13 actions, 5/5 links, 0 findings)
openapi typed-execute gate passed (13/13 actions on execute+preflight, 0 findings)
openapi preflight-outcome typed-response gate passed (PreflightOutcome $ref; 363 write operations, 0 findings)
openapi execute-outcome typed-response gate passed (OntologyActionExecuteOutcome $ref; projected unconstrained; 363 write operations, 0 findings)
openapi gate-outcome typed-items gate passed (GateChainOutcome.gates[] $ref GateOutcome; GateKind / GateStatus match serde; 363 write operations, 0 findings)
openapi condition-value typed-field gate passed (PolicyNoCodeCondition.value $ref ConditionValue; ConditionValue matches serde tag+content; 363 write operations, 0 findings)
openapi semantic-generate gate passed (21/21 schemas from the manifest, 6/6 objects, 13/13 actions, 5/5 links, 0 findings)
openapi typed-action-codecs gate passed (15/15 codecs from the manifest, 13/13 actions, 0 findings)
openapi typed-action-binder gate passed (13/13 actions, generated bind_canonical_action_params, 0 findings)
openapi dto-derived-shapes gate passed (21/21 shapes from DTO types, 5/5 Head DTOs, 0 findings)
openapi semantic-roster gate passed (6/6 objects, 13/13 actions, 5/5 links from DTO/DispatchTarget inventory, 0 findings)
openapi Head concurrency gate passed (6/6 Heads from DTO version/expected_revision, 246 GET operations, 0 findings; HTTP ETag/If-Match not duplicated)
openapi Head instance-GET gate passed (Company=1, OrgUnit=1, JobPosition=1, Person=1, Employment=1; PayRun fenced; 246 GET operations, 0 findings)
openapi Head collection-GET gate passed (Company=1, OrgUnit=1, JobPosition=1, Person=1; PayRun fenced; 246 GET operations, 0 findings)
openapi Head link-ops gate passed (traversable org_unit_parent, job_position_org_unit, employment_person, employment_org_unit, employment_job_position; PayRun Head fenced; 246 GET operations, 0 findings)
openapi OrgUnit→JobPosition reverse-collection gate passed (/api/v1/org-units/{id}/job-positions listOrgUnitJobPositions; OrgUnit.links.org_unit_job_positions; 246 GET operations, 0 findings)
openapi ontology instance typed-response gate passed (InstanceState get/list, RevisionSummary history, TraversalGraph traverse; 246 GET operations, 0 findings)
openapi object-type list typed-response gate passed (ObjectTypeSummary items $ref; 246 GET operations, 0 findings)
openapi object-type-detail typed-response gate passed (ObjectTypeDetail $ref; config / params_schema / edits / submission_criteria / side_effects / control_points / formula / result_type unconstrained; field_kind unconstrained string; 363 write operations, 246 GET operations, 0 findings)
openapi audit query-params gate passed (target_id and trace_id optional string queries; 246 GET operations, 0 findings)
openapi audit-record typed-response gate passed (AuditRecord items $ref; 246 GET operations, 0 findings)
openapi policy-catalog typed-response gate passed (CatalogEntry items $ref; 246 GET operations, 0 findings)
openapi policy-decision typed-response gate passed (DecisionResponse $ref; 363 write operations, 0 findings)
openapi lifecycle-preflight typed-response gate passed (LifecyclePreflight $ref; 363 write operations, 0 findings)
openapi approval-summary typed-response gate passed (ApprovalSummary $ref; 363 write operations, 0 findings)
openapi lifecycle-transition-config typed-response gate passed (LifecycleTransitionConfig $ref; 363 write operations, 0 findings)
openapi override-summary typed-response gate passed (OverrideSummary $ref; before_snapshot unconstrained; 363 write operations, 0 findings)
openapi draft-record typed-response gate passed (DraftRecord $ref; normalized_row / validation_errors unconstrained; 363 write operations, 246 GET operations, 0 findings)
openapi employee-exit-case-response typed-response gate passed (EmployeeExitCaseResponse $ref; statutory_basis / insurance_loss_payload / approval_payload unconstrained; 363 write operations, 246 GET operations, 0 findings)
openapi absence-exit-dashboard typed-response gate passed (AbsenceExitDashboardResponse $ref; signal_payload / statutory_basis / insurance_loss_payload / approval_payload unconstrained; 363 write operations, 246 GET operations, 0 findings)
openapi group-admin-groups typed-response gate passed (GroupAdminGroupsResponse $ref; 246 GET operations, 0 findings)
openapi group-admin-tenant-context typed-response gate passed (GroupAdminTenantContextStartResponse $ref; 363 write operations, 0 findings)
openapi Head GET/list permissions gate passed (11 ops employee_directory_read; 5 Heads; PayRun fenced; 246 GET operations, 0 findings)
openapi generated-sdk gate passed (6/6 Heads, 13/13 Inputs, 2/2 nested, 3/3 files from backend/openapi/openapi.yaml, 0 findings)
openapi generated-docs gate passed (6/6 Heads, 13/13 Inputs, 2/2 nested, 609 operations, 1/1 files from backend/openapi/openapi.yaml, 0 findings)
openapi generated-docs Palantir-class field gate passed (6 link operationIds, 13 action permissions, 11 operation permissions, 609 operations, 0 findings)
openapi generated path-schema gate passed (1082/1082 SDK types, 1082/1082 docs sections, 10/10 Palantir-class composed schemas, 0 findings)
openapi lifecycle-version gate passed (4/4 files, crate 0.1.0, compose-owned info.version, 0 findings)
prototype-chain lookup census passed (scanned 102, residuals 3, findings 3)

── [fast] Governed command-database DARK wiring regression  (cwd: .)
✔ database-backed CI and release probes reconcile, migrate, and serve with separate identities (1.233292ms)
✔ the dev boot path never aliases command URLs to DATABASE_URL (0.2915ms)
✔ append-only migration 0167 declares serving-role bounds and nonclaims (0.200458ms)
✔ topology reconciliation drains every serving role after changing defaults (0.137042ms)
✔ live Argo, base, prod, and secret wiring remain DARK-topology-free (17.556375ms)
✔ DARK overlays opt into the portable governed command-database component (0.290333ms)
✔ governed command-database component declares seven roles, topology readback, ordering, and bounded Job networking (1.294833ms)
✔ DARK OCI and self-host renders include the governed topology without changing live prod (221.542417ms)
✔ DARK operating contract locks whole-Application activation, credentials, rotation, and capacity (0.479709ms)
✔ DARK secrets component contains exactly three typed ExternalSecrets and live wiring does not reference it (0.355958ms)
ℹ tests 10
ℹ suites 0
ℹ pass 10
ℹ fail 0
ℹ cancelled 0
ℹ skipped 0
ℹ todo 0
ℹ duration_ms 277.243

── [fast] Render manifests and NetworkPolicy enforcement preflight  (cwd: .)
npm notice run check:k8s
npm notice run npm run check:k8s:render && npm run check:k8s:networkpolicy
npm notice run check:k8s:render
npm notice run tmpdir="${RUNNER_TEMP:-/tmp}/console-rendered-k8s" && scripts/render-k8s-manifests.sh "$tmpdir"
render-k8s: wrote /tmp/console-rendered-k8s/console-prod.yaml and /tmp/console-rendered-k8s/argocd-apps.yaml
    1267 /tmp/console-rendered-k8s/console-prod.yaml
     583 /tmp/console-rendered-k8s/argocd-apps.yaml
    1850 total
npm notice run check:k8s:networkpolicy
npm notice run scripts/check-networkpolicy-enforcement.sh
PASS  render includes workload objects
PASS  render includes console-mox resources
PASS  app/worker egress to mox is explicitly allowed
PASS  mox ingress is restricted to app/worker and monitoring
PASS  mox egress is default-denied
PASS  mox can reach the internal app webhook only
PASS  app config points at the in-cluster mox webapi
PASS  webapi port is present for internal service traffic
PASS  IMAP port is present for internal service traffic
PASS  metrics port is present for observability
PASS  no NodePort services are rendered
PASS  no LoadBalancer services are rendered
PASS  public SMTP/MX port 25 is not enabled
PASS  public submission port 587 is not enabled
PASS  public IMAPS port 993 is not enabled
PASS  mox does not bind host ports

Static NetworkPolicy proof passed. To prove runtime enforcement on a cluster,
first confirm the CNI enforces NetworkPolicy (plain flannel does not), then run
operator-owned smoke pods with these labels:
  allowed:   app=console-app    -> http://console-mox.console.svc:1080/webapi/v0/
  denied:    app=console-deny   -> same URL must time out/fail
  webhook:   app=console-mox    -> http://console-app.console.svc:8080/readyz allowed
Keep public MX disabled until that live CNI smoke is recorded in the runbook.
networkpolicy-preflight: WARNING: could not read Kubernetes networking.k8s.io API resources; check kubeconfig, RBAC, and target cluster context
networkpolicy-preflight: CI/render validation continues, but this is NOT live NetworkPolicy enforcement proof.
networkpolicy-preflight: WARNING: cluster admin@talos-default-1 does not advertise networking.k8s.io NetworkPolicy resources
networkpolicy-preflight: CI/render validation continues, but this is NOT live NetworkPolicy enforcement proof.

── [fast] Production hardening contract  (cwd: .)
npm notice run check:production-hardening
npm notice run node scripts/check-production-hardening.mjs
Production hardening check passed (239 checks across 4 groups).
global:
- package script check:production-hardening: node scripts/check-production-hardening.mjs
- package script check:k8s: npm run check:k8s:render && npm run check:k8s:networkpolicy
- package script check:k8s:networkpolicy: scripts/check-networkpolicy-enforcement.sh
- PR 473 typed migration gate manifest: present
- PR 473 typed migration gate manifest: canonical JSON
- PR 473 typed migration gate manifest: exact schema keys
- PR 473 typed migration gate schema version: 1
- PR 473 typed migration gate pull request: 473
- PR 473 typed migration gate rollback floor: "f6ff236b9770c79301a3d07da6afb56be1e27bbf"
- PR 473 typed migration gate expand phase: "expand"
- PR 473 typed migration gate nondeploy: false
- PR 473 typed migration gate nonclaim: false
- PR 473 production-authority fields: all false
- PR 473 guarded tests: 11 unique tuples and names
- PR 473 guarded tests: exact expected 3 ontology and 8 leave tuples
- PR 473 gate document docs/release/PR-473-ONTOLOGY-EXPAND-CONTRACT.md: present
- PR 473 document directives form canonical block: docs/release/PR-473-ONTOLOGY-EXPAND-CONTRACT.md
- PR 473 document directive occurs once: docs/release/PR-473-ONTOLOGY-EXPAND-CONTRACT.md <!-- PR473-MIGRATION-GATE: release_phase=expand -->
- PR 473 document directive occurs once: docs/release/PR-473-ONTOLOGY-EXPAND-CONTRACT.md <!-- PR473-MIGRATION-GATE: deployment_authorized=false -->
- PR 473 document directive occurs once: docs/release/PR-473-ONTOLOGY-EXPAND-CONTRACT.md <!-- PR473-MIGRATION-GATE: command_only_claim_authorized=false -->
- PR 473 document directive occurs once: docs/release/PR-473-ONTOLOGY-EXPAND-CONTRACT.md <!-- PR473-MIGRATION-GATE: production_authority=production_cardinality,old_runtime_drain,rollback_floor_raise -->
- PR 473 gate document docs/release/PR-473-EMPLOYEE-IMPORT-EXPAND-CONTRACT.md: present
- PR 473 document directives form canonical block: docs/release/PR-473-EMPLOYEE-IMPORT-EXPAND-CONTRACT.md
- PR 473 document directive occurs once: docs/release/PR-473-EMPLOYEE-IMPORT-EXPAND-CONTRACT.md <!-- PR473-MIGRATION-GATE: release_phase=expand -->
- PR 473 document directive occurs once: docs/release/PR-473-EMPLOYEE-IMPORT-EXPAND-CONTRACT.md <!-- PR473-MIGRATION-GATE: deployment_authorized=false -->
- PR 473 document directive occurs once: docs/release/PR-473-EMPLOYEE-IMPORT-EXPAND-CONTRACT.md <!-- PR473-MIGRATION-GATE: command_only_claim_authorized=false -->
- PR 473 document directive occurs once: docs/release/PR-473-EMPLOYEE-IMPORT-EXPAND-CONTRACT.md <!-- PR473-MIGRATION-GATE: production_authority=production_cardinality,old_runtime_drain,rollback_floor_raise -->
- PR 473 package alias: exact wrapper command
- PR 473 unit-test package alias: exact test command
- PR 473 CI wrapper invocation: exactly one active command
- PR 473 CI wrapper runs after PostgreSQL role topology
- PR 473 backend topology step invokes the exact pinned reconcile and Apalis database provisioning commands
- PR 473 named CI wrapper step runs the exact command
- PR 473 CI wrapper runs from repository root
- CI workflow: present
- Security workflow: present
- image-release workflow: present
- production promotion authority verifier: present
- production promotion authorization record: present
- production cardinality evidence template: present
- production promotion contract: present
- production promotion authorization: canonical schema-v2 false record
- production promotion contract: mutable-main activation block is explicit
- production-hardening tests execute the production promotion authority suite
- production authority blocked evaluator: explicit-SHA CLI wiring present
- CI runs production-hardening contract as an active step
- Security workflow runs production-hardening contract as an active step
- image-release admission: completed CI wake-up, immutable release classifier, and exact CI/Security proof before publication
- image-release recovery: required exact-SHA first-attempt dev dispatch
- image-release production promotion: explicit required false-by-default boolean dispatch input
- image-release production promotion: manual dispatch on dev with explicit true input
- image-release production promotion: unprotected read-only authorization preflight
- image-release production promotion: mutation job bound to production environment
- image-release production promotion: exact-SHA authorization and consumption
- image-release production promotion: immutable-dev recheck precedes one push
- image-release production promotion: no rebase or retry path
- production promotion verifier: immutable typed authorization state machine
- image-release production promotion: exact independent Team reviewer contract
- image-release release-probe: job-level contents read permission
- image-release release-probe: pinned credential-free checkout precedes local topology script use
- image-release release-probe: post-migration canonical-enforce
- image-release portable gate: active Trivy image scan fails HIGH/CRITICAL
- image-release portable gate: active cosign signing
- image-release portable gate: cosign installer pinned to upstream sigstore commit
- image-release portable gate: provenance attestation pinned to upstream commit
- image-release portable gate: active provenance attestation
- image-release portable gate: active bump-prod-digests
- security workflow portable gate: active Trivy filesystem vuln/secret scan
- security workflow portable gate: active Trivy config scan
- security workflow portable gate: active cargo audit
- security workflow portable gate: active cargo deny
- security workflow portable gate: active npm audit
- security workflow portable gate: unfiltered production npm audit
- security workflow portable gate: fail-closed dev/codegen npm exceptions
- security workflow portable gate: scoped Trivy exceptions
- security workflow portable gate: canonical Trivy exception projection
- wrapper-argv0 gate: expected executed-test-source inventory present
- wrapper-argv0 gate: .github/workflows/ci.yml runs test/check binaries directly (384 expected executed sources)
- wrapper-argv0 gate: .github/workflows/security.yml runs test/check binaries directly (384 expected executed sources)
- wrapper-argv0 gate: .github/workflows/image-release.yml runs test/check binaries directly (384 expected executed sources)
- CI runs Kubernetes render/NetworkPolicy preflight contract
- NetworkPolicy preflight has warning/required modes
- NetworkPolicy preflight distinguishes manifest render from CNI enforcement
- CI gates document required NetworkPolicy enforcement preflight
- deployment checklist requires live NetworkPolicy enforcement preflight
- release-please PR/token path documented
- maintenance runtime ConfigMap: present
- console-app workload manifest: present
- console-worker workload manifest: present
- SMTP production credential refs: console-app, console-worker
- prod overlay kustomization: present
- prod overlay digest pins: 1 (console-app)
- prod overlay has no mutable newTag values
- deploy/argocd/root.yaml: present
- deploy/argocd/root.yaml tracks dev
- deploy/argocd/apps/console.yaml: present
- deploy/argocd/apps/console.yaml tracks dev
- deploy automation script: present
- deploy automation rollouts covered: console-app
- deploy automation kubectl prerequisite: fail-closed
- deploy automation rollout skip path absent
- deploy automation digest-bump-only mode: truthful non-verification
- deploy automation production authorization precedes mutation and is consumed
- deploy automation immutable-dev recheck precedes push
- deploy automation remote and Argo revisions are rechecked around refresh
- deploy automation has no rebase or retry path
- deploy automation Argo hard refresh: active
- deploy automation rollout status commands: 1
- deploy automation rollout failures are not swallowed
- deploy automation final success follows rollout and endpoint checks
- admission-audit component: present
- admission-audit runbook: present
- admission audit policy: kind: ClusterImagePolicy
- admission audit policy: mode: warn
- admission audit policy: ghcr.io/jason931225/console-app
- admission audit policy: https://token.actions.githubusercontent.com
- admission audit policy: image-release\.yml@refs/(heads/dev|tags/v[0-9].*)
- admission audit policy: https://fulcio.sigstore.dev
- admission audit policy: https://rekor.sigstore.dev
- backend request envelope: TimeoutLayer::with_status_code
- backend request envelope: DefaultBodyLimit::max(MAX_REQUEST_BODY_BYTES)
- backend request envelope: http_trace_layer()
- backend request envelope: with_metrics(router, &state)
- backend request envelope: http_route = %cardinality_safe_http_route(request)
- backend request envelope: router_layer_tests
- backend request envelope: default_request_timeout_is_thirty_seconds
- OpenSLO availability objective: present
- OpenSLO latency objective: present
- Prometheus ServiceMonitor: present
- PrometheusRule SLO alerts: present
- monitoring portable contract: /metrics
- monitoring portable contract: ConsoleApiAvailabilityBurn
- monitoring portable contract: ConsoleApiLatencyP99High
- monitoring portable contract: Prometheus Operator
- mox dark stack: kind: StatefulSet
- mox dark stack: name: console-mox
- mox dark stack: r.xmox.nl/mox@sha256
- mox dark stack: WebAPIHTTP
- mox dark stack: MetricsHTTP
- mox dark stack: volumeClaimTemplates
- mox app wiring: CONSOLE_MAIL_MOX_BASE_URL
- mox app wiring: http://console-mox.console.svc:1080
- mox network policy: allow-app-egress-mox
- mox network policy: allow-mox-ingress-internal
- mox network policy: default-deny-egress-mox
- mox network policy: allow-mox-egress-app-webhook
- mox observability: name: console-mox
- mox observability: port: metrics
- mox observability: ConsoleMoxDown
- mox observability: ConsoleMoxWebhookFailures
- mox observability: ConsoleMoxQueueBacklog
- mox observability: ConsoleMoxPvcSaturation
- mox dark stack excludes NodePort
- mox dark stack excludes LoadBalancer
- mox dark stack excludes port: 25
- mox dark stack excludes AdminHTTP
- mox dark stack excludes Submission:
- mox dark stack excludes Submissions:
action-pins:
- action pins: 10 workflow files enumerated from .github/workflows
- action pins: 75 remote action references SHA-pinned across 10 workflow files (24 local composite references exempt)
oci-guest:
- oci-guest CNPG base instances: 1
- oci-guest CNPG base storage: default/local-path-compatible (no pinned storageClass)
- oci-guest CNPG checksum workaround: retained for OCI Object Storage
- oci-guest prod overlay: inherits maintenance base
- oci-guest prod overlay: does not opt into on-prem HA storage patch
- oci-guest prod overlay CNPG shape: does not patch instances or storageClass
- oci-guest runbook: present
- oci-guest runbook identity: explicit
- oci-guest secret recovery source: OCI Vault documented
- oci-guest topology: A1 single-node substrate documented
- oci-guest topology: one schedulable control-plane documented
- oci-guest topology: reserved IP documented
- oci-guest free-tier guardrail: no accidental second A1
- oci-guest secrets runbook: present
- oci-guest secrets source: OCI Vault/manual bootstrap documented
- oci-guest secrets upgrade path: External Secrets or Sealed Secrets documented
- oci-guest secrets runbook: mail KEK remains documented
- oci-guest database/ObjectStore manifest: present
- oci-guest CNPG backup object: ObjectStore present
- oci-guest CNPG backup bucket: s3://mnt-db-backups/
- oci-guest CNPG backup endpoint: https://axdotp9iv3ua.compat.objectstorage.ap-chuncheon-1.oraclecloud.com
- oci-guest CNPG backup credential/schedule: oci-objectstore-creds
- oci-guest CNPG backup credential/schedule: ACCESS_KEY_ID
- oci-guest CNPG backup credential/schedule: ACCESS_SECRET_KEY
- oci-guest CNPG backup credential/schedule: kind: ScheduledBackup
- oci-guest CNPG backup retention posture: explicit
- oci-guest OCI-specific Barman checksum workaround: labeled and scoped
- oci-guest enterprise readiness note: present
- oci-guest HA honesty: single-node posture documented
- oci-guest HA honesty: restore-not-failover documented
- oci-guest image-release workflow: present
- oci-guest image platform: current arm64 target explicit
- oci-guest image platform: arm64 rationale scoped to OCI/A1
- oci-guest DR policy: present
- oci-guest DR policy: RPO: <= 5 minutes
- oci-guest DR policy: RTO: <= 1 hour
- oci-guest DR policy: pitr_drill_complete=ok
on-prem-ha:
- on-prem-ha CNPG overlay path: patches the base cluster
- on-prem-ha CNPG overlay target: Cluster/console-db
- on-prem-ha CNPG object-store endpoint: http://console-object-store-s3.console-object-store.svc.cluster.local:8333
- on-prem-ha CNPG checksum behavior: removes inherited OCI-only AWS checksum env overrides
- on-prem-ha CNPG env removal scope: base env contains only OCI checksum overrides
- on-prem-ha CNPG HA instances: 3
- on-prem-ha CNPG HA storageClass: console-pg-hot
- on-prem-ha CNPG HA synchronous replication/failover posture: present
- on-prem-ha CNPG HA scheduling spread: hostname anti-affinity/topology spread present
- on-prem-ha storage contract: StorageClass/console-pg-hot
- on-prem-ha storage provisioner: driver.longhorn.io
- on-prem-ha storage replicas: 3
- on-prem-ha storage reclaim policy: Retain
- on-prem-ha storage binding mode: WaitForFirstConsumer
- on-prem-ha runbook: present
- on-prem-ha runbook identity: explicit ADR-0024
- on-prem-ha secret root: OpenBao documented
- on-prem-ha secret projection: External Secrets documented
- on-prem-ha secret operations: unseal/audit/backup expectations documented
- on-prem-ha secret handling: no committed/pasted unseal or root material
- on-prem-ha object store: accepted self-hosted S3 reference documented
- on-prem-ha object store: CNPG Barman endpoint requirements documented
- on-prem-ha object store: credentials/buckets/TLS from portable secret path documented
- on-prem-ha object store: independent retention/replication failure domain documented
- on-prem-ha object store: OCI checksum workaround not blindly copied
- on-prem-ha topology: three control-plane/etcd members required
- on-prem-ha topology: worker/storage failure domains required
- on-prem-ha topology: stable API endpoint/VIP required
- on-prem-ha topology: site NTP and real fabric MTU required
- on-prem-ha topology: no OCI IP/hostPort assumptions
- on-prem-ha DARK boundary: no live Argo cutover without operator activation
- on-prem-ha image platform: multi-arch/x86 readiness decision documented
- on-prem-ha enterprise readiness note: present
- on-prem-ha readiness: three Talos control-plane nodes documented
- on-prem-ha readiness: replicated storage and CNPG instances: 3 documented
- on-prem-ha readiness: DARK artifacts are not live HA evidence
- on-prem-ha storage runbook: present
- on-prem-ha storage runbook: not synced into current OCI guest
- on-prem-ha storage runbook: three storage failure domains before activation
- on-prem-ha observability runbook: present
- on-prem-ha observability: self-hosted telemetry stack staged
- on-prem-ha observability: preserves portable /metrics and monitoring contract

── [fast] Production hardening regression tests  (cwd: .)
npm notice run test:production-hardening
npm notice run npm run test:pr473-migration-operational && python3 scripts/check-production-promotion-authority.test.py && node --test scripts/check-production-authority-blocked.test.mjs scripts/check-production-hardening.test.mjs scripts/check-image-release-workflow.test.mjs
npm notice run test:pr473-migration-operational
npm notice run python3 scripts/check-pr473-migration-operational.test.py
...................
----------------------------------------------------------------------
Ran 19 tests in 0.005s

OK
................
----------------------------------------------------------------------
Ran 16 tests in 9.903s

OK
▶ Image Release protected workflow shape
  ✔ keeps admission read-only and gates every privileged publication stage (1.408ms)
  ✔ does not alter either protected production-promotion job (5.071458ms)
  ✔ keeps cache deletion on its independent schedule or manual trigger (3.637292ms)
  ✔ installs locked dependencies before the dependency-backed hardening suite (0.086583ms)
✔ Image Release protected workflow shape (10.66225ms)
▶ Image Release live admission shell
  ✔ admits one immutable exact-SHA release with exact CI and Security (2243.807833ms)
  ✔ admits the exact pinned-transport squash identity (2070.255291ms)
  ✔ classifies an unchanged manifest as an ordinary green no-op (512.913708ms)
  ✔ cleanly ignores an automatic stale candidate (367.179084ms)
  ✔ fails red when current-main readback is unavailable during polling (798.277708ms)
  ✔ fails red instead of treating malformed main refs as stale (710.6475ms)
  ✔ fails closed on a mutable, draft, or prerelease source release (2553.932625ms)
  ✔ rejects every exact-release snapshot disagreement (6970.68275ms)
  ✔ rejects every release-commit authority disagreement (12333.400083ms)
  ✔ rejects every pinned-transport author disagreement (2957.4545ms)
  ✔ requires native proof and an exact same-tree protected release head (1347.808333ms)
  ✔ rejects every merged release-PR provenance disagreement (14679.053084ms)
  ✔ rejects mixed release-PR creator and squash-author classes (1178.138708ms)
  ✔ rejects every protected release-head disagreement (12260.229667ms)
  ✔ rejects every protected Release Please run disagreement (8359.814375ms)
  ✔ rejects every native Release Please proof-job disagreement (13620.250667ms)
  ✔ rejects release PR, protected head, or proof-run movement on final readback (5928.031708ms)
  ✔ fails closed when exact Security is terminally red (1242.575416ms)
  ✔ fails closed when a workflow attempt advances during its jobs read (1338.127875ms)
  ✔ fails closed if the immutable tag moves during the final readback (1505.487625ms)
  ✔ polls bounded pending Security evidence and then admits it (2750.277458ms)
  ✔ outlasts the former twelve-poll bound while remaining finite (15019.989292ms)
  ✔ polls a not-yet-visible release only for an explicit 404 (3584.100417ms)
  ✔ uses the same immutable release, CI, and Security proof for manual recovery (2029.993542ms)
  ✔ turns a terminally failed source CI wake-up into a green no-op (314.45925ms)
  ✔ turns a successful source CI rerun wake-up into a green no-op (301.912167ms)
  ✔ rejects malformed release intent and protected-workflow identity (4821.604167ms)
  ✔ rejects every generic CI and Security run-identity disagreement (18046.698167ms)
  ✔ rejects missing, duplicate, or red CI and Security aggregate jobs (14304.144916ms)
  ✔ rejects a shell-normalizable workflow run count before extraction (1213.555542ms)
  ✔ rejects Image Release reruns before any API read (4.183792ms)
✔ Image Release live admission shell (155370.036583ms)
▶ production authority blocked observation CLI
  ✔ rejects bad argument forms with stable empty stdout (160.841916ms)
  ✔ evaluates from the canonical repository root when the executable path uses a filesystem alias (124.67025ms)
  ✔ rejects every non-exact SHA form before touching Git (299.215875ms)
  ✔ suppresses raw Git diagnostics and candidate object values on unavailable objects (256.454541ms)
  ✔ rejects valid blob, tree, and tag objects after the one type query (171.047583ms)
  ✔ emits the exact compact blocked observation from the committed blobs (115.802334ms)
  ✔ fails closed on escaped-equivalent duplicate JSON keys and a failed observation (223.282791ms)
  ✔ keeps committed evaluation deterministic across cwd, locale, dirty and deleted working trees (513.975291ms)
  ✔ uses exactly one object query and five fixed-order blob reads from the evaluator repository root (114.438083ms)
  ✔ attempts every fixed blob read before reporting a missing input (314.846292ms)
  ✔ enforces JSON stage precedence and exact nested schema/value observations (912.206542ms)
  ✔ rejects consumed YAML ambiguity and nonmatching required wildcard shapes (815.74ms)
  ✔ rejects compact project item continuation members that do not align with the first key (138.297333ms)
  ✔ ignores unconsumed comments, flow values, anchors, aliases, and duplicate keys (132.492875ms)
  ✔ gives recursive unknown keys global precedence over missing cardinality keys (144.355209ms)
  ✔ rejects consumed metadata aliases and accepts reordered, consistently-indented project maps (275.738583ms)
  ✔ accepts the actual committed HEAD blobs rather than only minimal fixtures (71.059834ms)
  ✔ keeps all consumed YAML ambiguity ahead of every observation nonmatch (662.849333ms)
  ✔ treats project list placement and cardinality as nonmatches while rejecting block scalars (546.138292ms)
  ✔ reports fatal UTF-8 JSON as JSON malformed (144.009583ms)
  ✔ keeps own-key JSON unknown precedence for inherited-looking names (420.962458ms)
  ✔ handles deeply nested valid unknown JSON without leaking an internal error (141.0415ms)
  ✔ accepts only column-zero document markers in their permitted positions (793.785541ms)
  ✔ rejects direct route merge keys but permits nested opaque special syntax (802.651292ms)
  ✔ evaluates the fixed object and blob topology without any extra Git operation (53.380042ms)
  ✔ rejects unknown, missing, type-wrong, decoded-duplicate, and wrong settled JSON values at every semantic path (58.54175ms)
  ✔ preserves JSON precedence across both documents and later YAML inputs (47.554167ms)
  ✔ binds formatting-only commit changes to raw Git blob digests while retaining the fixed observation (214.850375ms)
  ✔ covers every compact AppProject list cardinality and continuation-column contract (54.945875ms)
  ✔ rejects consumed Application route aliases, tags, flow values, duplicate keys, and invalid map indentation (52.250791ms)
  ✔ classifies every root and console targetRevision route mutation (52.249292ms)
  ✔ classifies group and kind mutations in both AppProject wildcard lists (52.915667ms)
  ✔ rejects empty consumed AppProject list scalar members as YAML ambiguity (52.691083ms)
✔ production authority blocked observation CLI (8936.811834ms)
▶ production authority blocked observation static integration
  ✔ requires the explicit-SHA evaluator package wiring and focused hardening suite inclusion (0.382625ms)
✔ production authority blocked observation static integration (0.726209ms)
▶ post-pivot production operation HOLD
  ✔ hard-fails every retained backup/restore entrypoint before substantive setup (0.319875ms)
  ✔ the shared guard has no success path on this candidate (8.66175ms)
✔ post-pivot production operation HOLD (9.076417ms)
▶ production hardening SMTP deployment config
  ✔ rejects production-like SMTP non-secret fields without explicit required credential refs (0.6755ms)
  ✔ accepts complete SMTP config with required secret-backed credentials (0.60125ms)
  ✔ does not block explicit dev/e2e stub configs that omit SMTP relay fields (0.219042ms)
  ✔ rejects no-relay production-like configs without explicit stub mode (0.077167ms)
✔ production hardening SMTP deployment config (1.695916ms)
▶ production hardening CNPG context checks
  ✔ accepts the oci-guest single-instance base and the on-prem HA overlay (0.746042ms)
  ✔ rejects an HA overlay with fewer than three CNPG instances (0.271542ms)
  ✔ rejects an HA overlay that points CNPG at local-path storage (0.098583ms)
  ✔ rejects an on-prem overlay that inherits the OCI-only checksum workaround (0.072083ms)
  ✔ rejects removing /spec/env when the base env contains non-checksum entries (0.083666ms)
  ✔ rejects an oci-guest prod overlay that patches the CNPG instance shape (0.055375ms)
  ✔ keeps the oci-guest/base CNPG posture single-instance (0.042125ms)
✔ production hardening CNPG context checks (1.469042ms)
▶ production hardening on-prem authority identity
  ✔ rejects an on-prem runbook that does not explicitly identify ADR-0024 (0.734834ms)
✔ production hardening on-prem authority identity (0.762291ms)
▶ production hardening global image checks
  ✔ accepts immutable digest pins without mutable tags (0.148917ms)
  ✔ rejects missing digest pins and mutable image tags (0.055125ms)
  ✔ rejects digest pins and mutable tags that appear only in comments (0.033041ms)
✔ production hardening global image checks (0.274292ms)
▶ production hardening PR 473 typed operational gate
  ✔ accepts the canonical typed manifest, directives, alias, and ordered CI wrapper (1.109708ms)
  ✔ rejects malformed and nondeploy-mutated manifests (0.2975ms)
  ✔ rejects duplicate and substituted guarded test tuples (0.3965ms)
  ✔ rejects missing and duplicated canonical document directives (0.483708ms)
  ✔ rejects a commented-out or duplicated workflow invocation (0.881959ms)
  ✔ rejects a wrapper step before topology and an inexact package alias (0.155125ms)
  ✔ binds the exact topology command and wrapper ordering to the rehearsal job (0.404583ms)
  ✔ rejects shell-control topology command bypasses (0.273458ms)
  ✔ rejects an inexact Apalis contract database name (0.121458ms)
  ✔ rejects an Apalis contract database not owned by console_app (0.114375ms)
  ✔ rejects an unpinned PostgreSQL image for Apalis provisioning (0.119375ms)
  ✔ requires all three exact Apalis database URL exports (0.408416ms)
  ✔ requires both generated Apalis role passwords to be masked (0.206375ms)
✔ production hardening PR 473 typed operational gate (5.13925ms)
▶ production hardening wrapper-argv0 gate
  ✔ refuses source/./timeout argv0 wrappers around the cargo-audit binary (c236 residual) (42.538875ms)
  ✔ keeps intact workflows green and ignores the legit reindeer `source` setup (11.701167ms)
  ✔ scans literal block-scalar indicators for wrapped executors (21.540125ms)
  ✔ folds run: > bodies before classifying the wrapper (11.085625ms)
  ✔ classifies wrappers behind shell control-flow prefixes (30.976ms)
  ✔ parses the `--` option terminator before classifying the sourced target (20.993667ms)
  ✔ scans the image-release workflow for wrapped executors (10.644584ms)
  ✔ fails closed on a malformed executed-test-source inventory (30.573834ms)
  ✔ refuses a protected executor in a non-gating step (10.987083ms)
  ✔ refuses a shell override on a protected executor (10.568417ms)
  ✔ fails closed on an unparseable run command surface (10.738833ms)
  ✔ strips YAML comments before classifying the block-scalar indicator (11.043333ms)
  ✔ reads workflow defaults.run.shell when accepting protected executors (10.852041ms)
  ✔ rejects a protected executor whose exit status is masked (11.080791ms)
  ✔ parses YAML indentation indicators in block scalars (10.359958ms)
  ✔ fails closed on a wrapper whose target cannot be classified (10.471125ms)
  ✔ scans a workflow whose jobs key carries a YAML comment (10.274458ms)
  ✔ inspects protected executors masked inside a nested shell -c command (10.837833ms)
  ✔ gates the node audit-policy evaluator exit status (10.274625ms)
  ✔ classifies a wrapper behind the builtin prefix (11.486333ms)
  ✔ detects a multiline conditional masking a must-gate executor (10.159458ms)
  ✔ detects a must-gate executor masked inside a shell function (10.875166ms)
  ✔ does not prune commands after a conditional exit (10.332333ms)
  ✔ does not classify here-document data as commands (11.071542ms)
  ✔ accepts a quoted shell: bash scalar (11.359583ms)
  ✔ unquotes an inline run scalar before classifying it (11.394416ms)
  ✔ recognizes a combined shell invocation flag with -c (11.700875ms)
  ✔ ignores set options on unexecuted conditional branches (10.733167ms)
  ✔ classifies env -S split-string transparently (11.366917ms)
  ✔ decodes YAML escape sequences in a double-quoted run scalar (10.779083ms)
  ✔ classifies the command operand after command -p (10.545458ms)
✔ production hardening wrapper-argv0 gate (430.181042ms)
▶ production hardening workflow gates
  ✔ rejects missing blocked-observation evaluator wiring, alias, and focused suite (23.516375ms)
  ✔ accepts active CI, security, and image-release workflow gates (8.235541ms)
  ✔ pins the finite image-release admission convergence budget (7.757667ms)
  ✔ binds the documented GitHub environment Team response shape exactly (8.527625ms)
  ✔ rejects removing the canonical Python promotion suite (8.657209ms)
  ✔ rejects a non-false production authorization or missing unprotected preflight (22.683833ms)
  ✔ rejects missing one-shot reset, immutable verifier inputs, or rebase behavior (22.501292ms)
  ✔ rejects recovery without an exact required candidate SHA (7.66725ms)
  ✔ rejects production digest promotion without an explicit required false-by-default dispatch input (7.373292ms)
  ✔ rejects production digest promotion on push or outside dev (7.227667ms)
  ✔ rejects production digest promotion without the production environment (7.682ms)
  ✔ rejects production promotion without exact independent Team reviewer enforcement (66.695084ms)
  ✔ rejects workflow reruns in both preflight and protected promotion jobs (7.322875ms)
  ✔ rejects release-probe checkout without explicit job-level contents read (7.2385ms)
  ✔ rejects a mutable release-probe checkout reference (7.415541ms)
  ✔ rejects release-probe topology use before checkout (7.295667ms)
  ✔ rejects release-probe without post-migration canonical-enforce (7.353708ms)
  ✔ rejects release-probe canonical-enforce sequenced after boot (7.359917ms)
  ✔ rejects persisted release-probe checkout credentials (7.316667ms)
  ✔ does not let the following preflight job satisfy release-probe checks (7.524708ms)
  ✔ rejects workflow gates that only appear in comments or unused literals (1.070791ms)
✔ production hardening workflow gates (258.984167ms)
▶ production hardening deploy automation checks
  ✔ accepts a deploy path that actively gates on kubectl, Argo refresh, both rollouts, and endpoints (0.80775ms)
  ✔ rejects deploy scripts that skip rollout verification but keep claiming success (0.116125ms)
  ✔ rejects digest-bump-only modes that claim verified rollout (0.081709ms)
  ✔ rejects deploy scripts that swallow rollout status failures (0.032375ms)
  ✔ rejects removing one-shot, remote, or Argo revision guards from deploy automation (0.841792ms)
✔ production hardening deploy automation checks (1.94525ms)
▶ deploy.sh rollout verification fail-closed behavior
  ✔ fails instead of claiming deployment success when kubectl is missing (6.398541ms)
  ✔ fails instead of claiming deployment success when the cluster is unavailable (195.407209ms)
  ✔ exits successfully in explicit digest-bump-only modes without claiming verified rollout (344.451125ms)
  ✔ never reaches Argo refresh when main advances on the digest-no-op pre-refresh path (263.867375ms)
✔ deploy.sh rollout verification fail-closed behavior (810.243625ms)
ℹ tests 160
ℹ suites 14
ℹ pass 160
ℹ fail 0
ℹ cancelled 0
ℹ skipped 0
ℹ todo 0
ℹ duration_ms 155525.4085

── [fast] Domain crate unit tests  (cwd: .)
   Compiling console-workorder-domain v0.1.0 (/private/tmp/console-client-release-20260919/backend/crates/workorder/domain)
   Compiling console-platform-auth v0.1.0 (/private/tmp/console-client-release-20260919/backend/crates/platform/auth)
   Compiling console-workorder-application v0.1.0 (/private/tmp/console-client-release-20260919/backend/crates/workorder/application)
   Compiling console-dispatch-application v0.1.0 (/private/tmp/console-client-release-20260919/backend/crates/dispatch/application)
   Compiling console-platform-request-context v0.1.0 (/private/tmp/console-client-release-20260919/backend/crates/platform/request-context)
   Compiling console-platform-storage v0.1.0 (/private/tmp/console-client-release-20260919/backend/crates/platform/storage)
   Compiling console-payroll-adapter-postgres v0.1.0 (/private/tmp/console-client-release-20260919/backend/crates/payroll/adapter-postgres)
   Compiling console-ontology-canonical-adapter-postgres v0.1.0 (/private/tmp/console-client-release-20260919/backend/crates/ontology/canonical-adapter-postgres)
   Compiling console-inbox-adapter-postgres v0.1.0 (/private/tmp/console-client-release-20260919/backend/crates/inbox/adapter-postgres)
   Compiling console-governance-adapter-postgres v0.0.0 (/private/tmp/console-client-release-20260919/backend/crates/governance/adapter-postgres)
   Compiling console-registry-adapter-postgres v0.1.0 (/private/tmp/console-client-release-20260919/backend/crates/registry/adapter-postgres)
   Compiling console-platform-authz-rest v0.0.0 (/private/tmp/console-client-release-20260919/backend/crates/platform/authz-rest)
   Compiling console-notifications-adapter-postgres v0.1.0 (/private/tmp/console-client-release-20260919/backend/crates/notifications/adapter-postgres)
   Compiling console-inventory-adapter-postgres v0.1.0 (/private/tmp/console-client-release-20260919/backend/crates/inventory/adapter-postgres)
   Compiling console-comms-adapter-postgres v0.1.0 (/private/tmp/console-client-release-20260919/backend/crates/comms/adapter-postgres)
   Compiling console-financial-adapter-postgres v0.0.0 (/private/tmp/console-client-release-20260919/backend/crates/financial/adapter-postgres)
   Compiling console-logistics-adapter-postgres v0.1.0 (/private/tmp/console-client-release-20260919/backend/crates/logistics/adapter-postgres)
   Compiling console-compliance-adapter-postgres v0.1.0 (/private/tmp/console-client-release-20260919/backend/crates/compliance/adapter-postgres)
   Compiling console-workorder-adapter-postgres v0.1.0 (/private/tmp/console-client-release-20260919/backend/crates/workorder/adapter-postgres)
   Compiling console-messenger-adapter-postgres v0.1.0 (/private/tmp/console-client-release-20260919/backend/crates/messenger/adapter-postgres)
   Compiling console-dispatch-adapter-postgres v0.1.0 (/private/tmp/console-client-release-20260919/backend/crates/dispatch/adapter-postgres)
   Compiling console-reporting-adapter-postgres v0.1.0 (/private/tmp/console-client-release-20260919/backend/crates/reporting/adapter-postgres)
   Compiling console-governance-rest v0.0.0 (/private/tmp/console-client-release-20260919/backend/crates/governance/rest)
   Compiling console-identity-adapter-postgres v0.1.0 (/private/tmp/console-client-release-20260919/backend/crates/identity/adapter-postgres)
   Compiling console-docs-adapter-postgres v0.1.0 (/private/tmp/console-client-release-20260919/backend/crates/docs/adapter-postgres)
   Compiling console-benefit-adapter-postgres v0.1.0 (/private/tmp/console-client-release-20260919/backend/crates/benefit/adapter-postgres)
   Compiling console-ontology-adapter-postgres v0.0.0 (/private/tmp/console-client-release-20260919/backend/crates/ontology/adapter-postgres)
   Compiling console-leave-adapter-postgres v0.1.0 (/private/tmp/console-client-release-20260919/backend/crates/leave/adapter-postgres)
   Compiling console-inventory-rest v0.1.0 (/private/tmp/console-client-release-20260919/backend/crates/inventory/rest)
   Compiling console-dispatch-rest v0.1.0 (/private/tmp/console-client-release-20260919/backend/crates/dispatch/rest)
   Compiling console-logistics-rest v0.1.0 (/private/tmp/console-client-release-20260919/backend/crates/logistics/rest)
   Compiling console-platform-realtime v0.1.0 (/private/tmp/console-client-release-20260919/backend/crates/platform/realtime)
   Compiling console-compliance-rest v0.1.0 (/private/tmp/console-client-release-20260919/backend/crates/compliance/rest)
   Compiling console-comms-rest v0.1.0 (/private/tmp/console-client-release-20260919/backend/crates/comms/rest)
   Compiling console-benefit-rest v0.1.0 (/private/tmp/console-client-release-20260919/backend/crates/benefit/rest)
   Compiling console-payroll-rest v0.1.0 (/private/tmp/console-client-release-20260919/backend/crates/payroll/rest)
   Compiling console-docs-rest v0.0.0 (/private/tmp/console-client-release-20260919/backend/crates/docs/rest)
   Compiling console-identity-rest v0.1.0 (/private/tmp/console-client-release-20260919/backend/crates/identity/rest)
   Compiling console-reporting-rest v0.1.0 (/private/tmp/console-client-release-20260919/backend/crates/reporting/rest)
   Compiling console-leave-rest v0.1.0 (/private/tmp/console-client-release-20260919/backend/crates/leave/rest)
   Compiling console-workflow-runtime-adapter-postgres v0.1.0 (/private/tmp/console-client-release-20260919/backend/crates/workflow/adapter-postgres)
   Compiling console-financial-rest v0.0.0 (/private/tmp/console-client-release-20260919/backend/crates/financial/rest)
   Compiling console-workorder-rest v0.1.0 (/private/tmp/console-client-release-20260919/backend/crates/workorder/rest)
   Compiling console-registry-rest v0.1.0 (/private/tmp/console-client-release-20260919/backend/crates/registry/rest)
   Compiling console-platform-audit-chain v0.1.0 (/private/tmp/console-client-release-20260919/backend/crates/platform/audit-chain)
   Compiling console-support-adapter-postgres v0.1.0 (/private/tmp/console-client-release-20260919/backend/crates/support/adapter-postgres)
   Compiling console-orgchange-adapter-postgres v0.1.0 (/private/tmp/console-client-release-20260919/backend/crates/orgchange/adapter-postgres)
   Compiling console-production-rest v0.0.0 (/private/tmp/console-client-release-20260919/backend/crates/production/rest)
   Compiling console-ontology-rest v0.0.0 (/private/tmp/console-client-release-20260919/backend/crates/ontology/rest)
   Compiling console-attendance-adapter-postgres v0.1.0 (/private/tmp/console-client-release-20260919/backend/crates/attendance/adapter-postgres)
   Compiling console-attendance-rest v0.1.0 (/private/tmp/console-client-release-20260919/backend/crates/attendance/rest)
   Compiling console-consulting-rest v0.1.0 (/private/tmp/console-client-release-20260919/backend/crates/consulting/rest)
   Compiling console-facilities-rest v0.1.0 (/private/tmp/console-client-release-20260919/backend/crates/facilities/rest)
   Compiling console-integrity v0.1.0 (/private/tmp/console-client-release-20260919/backend/crates/compliance/integrity)
   Compiling console-evaluation-adapter-postgres v0.1.0 (/private/tmp/console-client-release-20260919/backend/crates/evaluation/adapter-postgres)
    Finished `test` profile [unoptimized + debuginfo] target(s) in 15.78s
     Running unittests src/lib.rs (backend/target/debug/deps/console_action_inbox_application-e7e050cc50ad4ffd)

running 13 tests
test tests::all_sources_are_payroll_and_governance_inclusive ... ok
test tests::complete_traversal_rejects_nonadvancing_or_repeated_cursors ... ok
test tests::merge_orders_by_immutable_created_at_then_namespaced_id ... ok
test tests::urgency_and_wire_projection_preserve_the_existing_rest_shape ... ok
test tests::complete_traversal_fails_closed_when_a_total_is_not_exact ... ok
test tests::complete_traversal_fails_closed_when_a_source_repeats_an_item_id ... ok
test tests::cursor_round_trips_and_rejects_invalid_or_future_boundaries ... ok
test tests::merge_sums_source_totals_preserves_inexactness_and_pages_without_duplicates ... ok
test tests::complete_traversal_stops_before_a_sixth_short_page_when_the_page_budget_is_exhausted ... ok
test tests::complete_traversal_fails_closed_when_the_exact_total_drifts_between_pages ... ok
test tests::complete_traversal_fails_closed_when_the_snapshot_exceeds_its_budget ... ok
test tests::complete_traversal_collects_every_creation_order_page_for_priority_consumers ... ok
test tests::list_action_inbox_pages_more_than_four_hundred_items_without_drift_or_duplicates ... ok

test result: ok. 13 passed; 0 failed; 0 ignored; 0 measured; 0 filtered out; finished in 0.00s

     Running unittests src/lib.rs (backend/target/debug/deps/console_analytics_quant_service-86bfb3dbb2ea3681)

running 6 tests
test tests::rejects_bad_input_fail_closed ... ok
test tests::student_t4_quantile_is_symmetric_and_centered ... ok
test tests::zero_volatility_percent_is_exact ... ok
test tests::zero_volatility_money_is_exact ... ok
test tests::deterministic_same_input_same_output ... ok
test tests::ci_contains_point_and_cvar_below_p5 ... ok

test result: ok. 6 passed; 0 failed; 0 ignored; 0 measured; 0 filtered out; finished in 0.02s

     Running unittests src/lib.rs (backend/target/debug/deps/console_attendance_adapter_postgres-465f46d5662b4ae8)

running 22 tests
test tests::cancellation_statement_targets_migration_0188_state_columns ... ok
test tests::candidate_queries_enforce_every_eligibility_exclusion ... ok
test tests::candidate_query_uses_half_open_substitution_intervals ... ok
test tests::exception_projections_use_migration_0188_resolution_timestamp ... ok
test tests::historical_leave_coverage_query_uses_authoritative_leave_columns ... ok
test tests::historical_leave_coverage_fails_closed_for_unknown_or_malformed_intent ... ok
test tests::historical_leave_coverage_uses_schema_backed_full_and_half_day_windows ... ok
test tests::substitution_eligibility_lock_uses_the_platform_coordination_contract ... ok
test tests::month_after_advances_december_and_rejects_an_unrepresentable_next_month ... ok
test tests::week52_active_rows_preserve_identity_shape ... ok
test tests::unrelated_sql_errors_are_not_downgraded_to_conflicts ... ok
test tests::historical_interval_contract_covers_full_partial_and_no_coverage ... ok
test tests::week52_clips_pairs_crossing_both_week_boundaries ... ok
test tests::week52_ack_replay_keeps_timestamp_and_writes_no_duplicate_audit ... ok
test tests::close_checks_decoder_rejects_missing_wrong_and_negative_values ... ok
test tests::week52_derives_only_real_complete_clock_pairs ... ok
test tests::created_period_lock_requires_and_emits_its_audit_receipt ... ok
test tests::week52_fails_closed_for_repeated_or_missing_clock_pairs ... ok
test tests::week52_includes_authorized_active_employee_with_zero_hours_and_stable_ack ... ok
test tests::canonical_whitespace_has_the_same_persisted_fingerprint ... ok
test tests::week52_pairs_persisted_events_by_timestamp_not_input_order ... ok
test tests::fingerprint_changes_for_every_immutable_request_field ... ok

test result: ok. 22 passed; 0 failed; 0 ignored; 0 measured; 0 filtered out; finished in 0.00s

     Running unittests src/lib.rs (backend/target/debug/deps/console_attendance_application-be739914e0dd77d6)

running 10 tests
test tests::close_requires_no_open_exception ... ok
test self_service::tests::own_week52_requires_an_iso_monday ... ok
test tests::week52_start_must_be_an_iso_monday ... ok
test self_service::tests::own_week52_accessor_rejects_a_bypassed_non_monday_input ... ok
test tests::monitor_thresholds_are_server_policy ... ok
test tests::org_wide_scope_is_the_only_scope_that_can_omit_a_branch ... ok
test tests::branch_scope_never_expands ... ok
test idempotency_tests::duplicate_assignment_is_replay_only_for_same_request ... ok
test idempotency_tests::exception_list_normalizes_status_and_pagination_bounds ... ok
test self_service::tests::own_exception_query_accepts_only_date_status_and_pagination ... ok

test result: ok. 10 passed; 0 failed; 0 ignored; 0 measured; 0 filtered out; finished in 0.00s

     Running unittests src/lib.rs (backend/target/debug/deps/console_attendance_domain-9d1db5e1b15128bd)

running 10 tests
test tests::overtime_resolution_has_a_kind_action_matrix ... ok
test tests::historical_coverage_requires_full_same_day_interval ... ok
test tests::strict_pairs_order_same_time_events_by_id ... ok
test tests::selected_month_is_explicit_and_bounded ... ok
test tests::strict_pairs_isolate_employees_but_fail_if_any_timeline_is_invalid ... ok
test tests::strict_duration_window_rejects_invalid_bounds ... ok
test tests::strict_pairs_sort_reversed_input_and_ignore_intermediate_events ... ok
test tests::strict_duration_arithmetic_rejects_negative_and_overflow ... ok
test tests::strict_pairs_fail_the_entire_window_for_malformed_sequences ... ok
test tests::strict_pairs_clip_boundary_crossings_and_ignore_zero_length_pairs ... ok

test result: ok. 10 passed; 0 failed; 0 ignored; 0 measured; 0 filtered out; finished in 0.00s

     Running unittests src/lib.rs (backend/target/debug/deps/console_attendance_rest-9fb5962d478a2fab)

running 20 tests
test tests::attendance_read_surfaces_are_static_and_complete ... ok
test tests::malformed_query_uses_a_stable_json_error_contract ... ok
test tests::invalid_close_month_is_a_stable_validation_error ... ok
test tests::explicit_range_needs_both_bounds ... ok
test tests::http_boundary_allows_an_explicit_allowed_branch_for_every_endpoint_family ... ok
test tests::candidate_lookup_uses_substitution_manage_at_the_explicit_branch ... ok
test tests::no_implicit_unbounded_listing ... ok
test tests::week52_ack_rejects_client_supplied_branch ... ok
test tests::http_boundary_rejects_omitted_branch_for_limited_scope_and_allows_org_scope ... ok
test tests::http_boundary_rejects_a_foreign_branch_for_every_endpoint_family ... ok
test self_service::tests::own_week52_not_available_response_omits_projection ... ok
test self_service::tests::own_week52_available_response_has_only_status_and_projection ... ok
test tests::assignment_body_rejects_client_owned_worker_snapshots ... ok
test tests::candidate_dto_serializes_the_stable_public_fields ... ok
test tests::self_service_paths_extend_but_do_not_change_manager_route_inventory ... ok
test tests::every_query_endpoint_maps_unknown_parameters_to_the_stable_error ... ok
test tests::candidate_query_requires_every_strict_selector ... ok
test tests::week52_read_and_ack_reject_non_monday_week_starts ... ok
test tests::list_query_modes_are_mutually_exclusive ... ok
test tests::work_date_selector_is_exclusive ... ok

test result: ok. 20 passed; 0 failed; 0 ignored; 0 measured; 0 filtered out; finished in 0.00s

     Running unittests src/lib.rs (backend/target/debug/deps/console_benefit_application-cf68770a75873cd3)

running 2 tests
test tests::lifecycle_binding_uses_canonical_object_type ... ok
test tests::update_fields_empty_checks_all_mutable_columns ... ok

test result: ok. 2 passed; 0 failed; 0 ignored; 0 measured; 0 filtered out; finished in 0.00s

     Running unittests src/lib.rs (backend/target/debug/deps/console_benefit_domain-c82294d3bda11e3d)

running 4 tests
test tests::category_and_code_parse_canonical_values ... ok
test tests::rate_money_and_text_validators_reject_invalid_values ... ok
test tests::benefit_vocab_roundtrips_parse_and_db_str ... ok
test tests::condition_value_matches_the_typed_openapi_contract ... ok

test result: ok. 4 passed; 0 failed; 0 ignored; 0 measured; 0 filtered out; finished in 0.00s

     Running unittests src/lib.rs (backend/target/debug/deps/console_benefit_rest-59ad47fb95875d58)

running 3 tests
test tests::route_surface_has_no_benefit_specific_lifecycle_transition ... ok
test tests::create_body_rejects_caller_supplied_tenant_identity ... ok
test tests::member_is_denied_benefit_read_and_manage ... ok

test result: ok. 3 passed; 0 failed; 0 ignored; 0 measured; 0 filtered out; finished in 0.00s

     Running unittests src/lib.rs (backend/target/debug/deps/console_comms_adapter_imap-4f29d4bc6c551aa3)

running 18 tests
test parse::tests::attachment_byte_budget_enforces_per_part_and_per_message_limits ... ok
test tests::leaf_segment_handles_nested_paths ... ok
test tests::classify_role_maps_well_known_folders ... ok
test ssrf::tests::pick_pinned_rejects_any_private_and_empty ... ok
test ssrf::tests::denies_cloud_metadata_and_private ... ok
test ssrf::tests::denies_ipv6_loopback_ula_linklocal_and_mapped ... ok
test ssrf::tests::allows_public_addresses ... ok
test parse::tests::non_message_bytes_return_none_or_empty_safely ... ok
test parse::tests::internal_date_overrides_header_date ... ok
test parse::tests::parses_attachment_part_with_bytes ... ok
test parse::tests::parses_headers_addresses_and_body ... ok
test tests::resolve_and_pin_rejects_private_and_metadata_literals ... ok
test tests::resolve_and_pin_accepts_public_literal ... ok
test tests::tls_config_builds_with_webpki_roots ... ok
test parse::tests::flags_are_carried_from_imap_not_mime ... ok
test parse::tests::caps_attachment_count_and_metadata ... ok
test parse::tests::caps_hostile_header_body_and_recipient_volume ... ok
test parse::tests::skips_oversized_attachment_part_before_cloning_bytes ... ok

test result: ok. 18 passed; 0 failed; 0 ignored; 0 measured; 0 filtered out; finished in 0.10s

     Running unittests src/lib.rs (backend/target/debug/deps/console_comms_adapter_mox-e7a5a80d56afa1b8)

running 6 tests
test tests::send_result_parses_message_id ... ok
test tests::incoming_falls_back_to_to_header_when_no_rcpt ... ok
test tests::send_request_serializes_to_mox_shape ... ok
test tests::incoming_maps_to_fetched_message ... ok
test tests::test_connection_reports_failure_on_wrong_credentials ... FAILED
test tests::test_connection_reports_ok_on_authenticated_success ... FAILED

failures:

---- tests::test_connection_reports_failure_on_wrong_credentials stdout ----

thread 'tests::test_connection_reports_failure_on_wrong_credentials' (66972843) panicked at crates/comms/adapter-mox/src/lib.rs:477:75:
called `Result::unwrap()` on an `Err` value: Os { code: 1, kind: PermissionDenied, message: "Operation not permitted" }

---- tests::test_connection_reports_ok_on_authenticated_success stdout ----

thread 'tests::test_connection_reports_ok_on_authenticated_success' (66972844) panicked at crates/comms/adapter-mox/src/lib.rs:477:75:
called `Result::unwrap()` on an `Err` value: Os { code: 1, kind: PermissionDenied, message: "Operation not permitted" }
note: run with `RUST_BACKTRACE=1` environment variable to display a backtrace


failures:
    tests::test_connection_reports_failure_on_wrong_credentials
    tests::test_connection_reports_ok_on_authenticated_success

test result: FAILED. 4 passed; 2 failed; 0 ignored; 0 measured; 0 filtered out; finished in 0.00s

error: test failed, to rerun pass `-p console-comms-adapter-mox --lib`
FAILED (exit 101): domain --lib sweep
   Compiling console-payroll-ui v0.1.0 (/private/tmp/console-client-release-20260919/backend/crates/payroll/ui)
    Finished `test` profile [unoptimized + debuginfo] target(s) in 5.77s
warning: the following packages contain code that will be rejected by a future version of Rust: proc-macro-error2 v2.0.1
note: to see what the problems were, use the option `--future-incompat-report`, or run `cargo report future-incompatibilities --id 2`
     Running unittests src/lib.rs (backend/target/debug/deps/console_payroll_ui-941fd558c1238788)

running 13 tests
test tests::empty_runs_match_unauthenticated_shell ... ok
test private_document_tests::ssr_private_frame_oracle_rejects_missing_permissive_and_duplicate_policies ... ok
test private_document_tests::ssr_private_shell_response_preserves_anonymous_document ... ok
test tests::authorized_runs_island_owns_a_presentation_only_status_filter ... ok
test private_document_tests::ssr_private_runs_response_preserves_empty_and_authorized_documents ... ok
test tests::shipping_screens_empty_matches_unauthenticated_shell ... ok
test tests::authorized_runs_carry_contract_keys_and_omit_won ... ok
test private_document_tests::ssr_private_screens_response_preserves_all_focus_and_disclosure_states ... ok
test tests::shipping_screens_focus_keeps_authorized_nav_and_omits_wasm_off_payroll ... ok
test tests::shipping_screens_home_composes_authorized_sections_only ... ok
test private_document_tests::ssr_private_native_documents_retain_status_bytes_and_restrictive_csp ... ok
test tests::shipping_screens_organization_is_ssr_contracts_and_omits_wasm ... ok
test tests::shipping_screens_hr_is_ssr_contracts_and_omits_phone ... ok

test result: ok. 13 passed; 0 failed; 0 ignored; 0 measured; 0 filtered out; finished in 0.01s

   Compiling console-workorder-domain v0.1.0 (/private/tmp/console-client-release-20260919/backend/crates/workorder/domain)
   Compiling console-platform-auth v0.1.0 (/private/tmp/console-client-release-20260919/backend/crates/platform/auth)
   Compiling console-payroll-ui v0.1.0 (/private/tmp/console-client-release-20260919/backend/crates/payroll/ui)
   Compiling console-workorder-application v0.1.0 (/private/tmp/console-client-release-20260919/backend/crates/workorder/application)
   Compiling console-dispatch-application v0.1.0 (/private/tmp/console-client-release-20260919/backend/crates/dispatch/application)
   Compiling console-platform-request-context v0.1.0 (/private/tmp/console-client-release-20260919/backend/crates/platform/request-context)
   Compiling console-platform-provisioning v0.1.0 (/private/tmp/console-client-release-20260919/backend/crates/platform/provisioning)
   Compiling console-platform-storage v0.1.0 (/private/tmp/console-client-release-20260919/backend/crates/platform/storage)
   Compiling console-governance-adapter-postgres v0.0.0 (/private/tmp/console-client-release-20260919/backend/crates/governance/adapter-postgres)
   Compiling console-inbox-adapter-postgres v0.1.0 (/private/tmp/console-client-release-20260919/backend/crates/inbox/adapter-postgres)
   Compiling console-notifications-adapter-postgres v0.1.0 (/private/tmp/console-client-release-20260919/backend/crates/notifications/adapter-postgres)
   Compiling console-payroll-adapter-postgres v0.1.0 (/private/tmp/console-client-release-20260919/backend/crates/payroll/adapter-postgres)
   Compiling console-messenger-adapter-postgres v0.1.0 (/private/tmp/console-client-release-20260919/backend/crates/messenger/adapter-postgres)
   Compiling console-dispatch-adapter-postgres v0.1.0 (/private/tmp/console-client-release-20260919/backend/crates/dispatch/adapter-postgres)
   Compiling console-ontology-adapter-postgres v0.0.0 (/private/tmp/console-client-release-20260919/backend/crates/ontology/adapter-postgres)
   Compiling console-registry-adapter-postgres v0.1.0 (/private/tmp/console-client-release-20260919/backend/crates/registry/adapter-postgres)
   Compiling console-ontology-canonical-adapter-postgres v0.1.0 (/private/tmp/console-client-release-20260919/backend/crates/ontology/canonical-adapter-postgres)
   Compiling console-evaluation-adapter-postgres v0.1.0 (/private/tmp/console-client-release-20260919/backend/crates/evaluation/adapter-postgres)
   Compiling console-inventory-adapter-postgres v0.1.0 (/private/tmp/console-client-release-20260919/backend/crates/inventory/adapter-postgres)
   Compiling console-support-adapter-postgres v0.1.0 (/private/tmp/console-client-release-20260919/backend/crates/support/adapter-postgres)
   Compiling console-equipment-adapter-postgres v0.1.0 (/private/tmp/console-client-release-20260919/backend/crates/equipment/adapter-postgres)
   Compiling console-finance-gl-adapter-postgres v0.0.0 (/private/tmp/console-client-release-20260919/backend/crates/finance-gl/adapter-postgres)
   Compiling console-todos-adapter-postgres v0.1.0 (/private/tmp/console-client-release-20260919/backend/crates/todos/adapter-postgres)
   Compiling console-sales-adapter-postgres v0.1.0 (/private/tmp/console-client-release-20260919/backend/crates/sales/adapter-postgres)
   Compiling console-identity-adapter-postgres v0.1.0 (/private/tmp/console-client-release-20260919/backend/crates/identity/adapter-postgres)
   Compiling console-comms-adapter-postgres v0.1.0 (/private/tmp/console-client-release-20260919/backend/crates/comms/adapter-postgres)
   Compiling console-reporting-adapter-postgres v0.1.0 (/private/tmp/console-client-release-20260919/backend/crates/reporting/adapter-postgres)
   Compiling console-workorder-adapter-postgres v0.1.0 (/private/tmp/console-client-release-20260919/backend/crates/workorder/adapter-postgres)
   Compiling console-compliance-adapter-postgres v0.1.0 (/private/tmp/console-client-release-20260919/backend/crates/compliance/adapter-postgres)
   Compiling console-recruiting-adapter-postgres v0.1.0 (/private/tmp/console-client-release-20260919/backend/crates/recruiting/adapter-postgres)
   Compiling console-notices-adapter-postgres v0.1.0 (/private/tmp/console-client-release-20260919/backend/crates/notices/adapter-postgres)
   Compiling console-leave-adapter-postgres v0.1.0 (/private/tmp/console-client-release-20260919/backend/crates/leave/adapter-postgres)
   Compiling console-inspection-adapter-postgres v0.0.0 (/private/tmp/console-client-release-20260919/backend/crates/inspection/adapter-postgres)
   Compiling console-platform-authz-rest v0.0.0 (/private/tmp/console-client-release-20260919/backend/crates/platform/authz-rest)
   Compiling console-logistics-adapter-postgres v0.1.0 (/private/tmp/console-client-release-20260919/backend/crates/logistics/adapter-postgres)
   Compiling console-orgchange-adapter-postgres v0.1.0 (/private/tmp/console-client-release-20260919/backend/crates/orgchange/adapter-postgres)
   Compiling console-docs-adapter-postgres v0.1.0 (/private/tmp/console-client-release-20260919/backend/crates/docs/adapter-postgres)
   Compiling console-benefit-adapter-postgres v0.1.0 (/private/tmp/console-client-release-20260919/backend/crates/benefit/adapter-postgres)
   Compiling console-financial-adapter-postgres v0.0.0 (/private/tmp/console-client-release-20260919/backend/crates/financial/adapter-postgres)
   Compiling console-governance-rest v0.0.0 (/private/tmp/console-client-release-20260919/backend/crates/governance/rest)
   Compiling console-notices-rest v0.1.0 (/private/tmp/console-client-release-20260919/backend/crates/notices/rest)
   Compiling console-recruiting-rest v0.1.0 (/private/tmp/console-client-release-20260919/backend/crates/recruiting/rest)
   Compiling console-workorder-rest v0.1.0 (/private/tmp/console-client-release-20260919/backend/crates/workorder/rest)
   Compiling console-logistics-rest v0.1.0 (/private/tmp/console-client-release-20260919/backend/crates/logistics/rest)
   Compiling console-compliance-rest v0.1.0 (/private/tmp/console-client-release-20260919/backend/crates/compliance/rest)
   Compiling console-leave-rest v0.1.0 (/private/tmp/console-client-release-20260919/backend/crates/leave/rest)
   Compiling console-inspection-rest v0.0.0 (/private/tmp/console-client-release-20260919/backend/crates/inspection/rest)
   Compiling console-benefit-rest v0.1.0 (/private/tmp/console-client-release-20260919/backend/crates/benefit/rest)
   Compiling console-docs-rest v0.0.0 (/private/tmp/console-client-release-20260919/backend/crates/docs/rest)
   Compiling console-orgchange-rest v0.1.0 (/private/tmp/console-client-release-20260919/backend/crates/orgchange/rest)
   Compiling console-financial-rest v0.0.0 (/private/tmp/console-client-release-20260919/backend/crates/financial/rest)
   Compiling console-comms-rest v0.1.0 (/private/tmp/console-client-release-20260919/backend/crates/comms/rest)
   Compiling console-reporting-rest v0.1.0 (/private/tmp/console-client-release-20260919/backend/crates/reporting/rest)
   Compiling console-registry-rest v0.1.0 (/private/tmp/console-client-release-20260919/backend/crates/registry/rest)
   Compiling console-payroll-rest v0.1.0 (/private/tmp/console-client-release-20260919/backend/crates/payroll/rest)
   Compiling console-identity-rest v0.1.0 (/private/tmp/console-client-release-20260919/backend/crates/identity/rest)
   Compiling console-ontology-rest v0.0.0 (/private/tmp/console-client-release-20260919/backend/crates/ontology/rest)
   Compiling console-sales-rest v0.1.0 (/private/tmp/console-client-release-20260919/backend/crates/sales/rest)
   Compiling console-messenger-rest v0.1.0 (/private/tmp/console-client-release-20260919/backend/crates/messenger/rest)
   Compiling console-inventory-rest v0.1.0 (/private/tmp/console-client-release-20260919/backend/crates/inventory/rest)
   Compiling console-dispatch-worker v0.1.0 (/private/tmp/console-client-release-20260919/backend/crates/dispatch/worker)
   Compiling console-dispatch-rest v0.1.0 (/private/tmp/console-client-release-20260919/backend/crates/dispatch/rest)
   Compiling console-support-rest v0.1.0 (/private/tmp/console-client-release-20260919/backend/crates/support/rest)
   Compiling console-evaluation-rest v0.1.0 (/private/tmp/console-client-release-20260919/backend/crates/evaluation/rest)
   Compiling console-equipment-rest v0.1.0 (/private/tmp/console-client-release-20260919/backend/crates/equipment/rest)
   Compiling console-notifications-rest v0.1.0 (/private/tmp/console-client-release-20260919/backend/crates/notifications/rest)
   Compiling console-inbox-rest v0.1.0 (/private/tmp/console-client-release-20260919/backend/crates/inbox/rest)
   Compiling console-finance-gl-rest v0.0.0 (/private/tmp/console-client-release-20260919/backend/crates/finance-gl/rest)
   Compiling console-todos-rest v0.1.0 (/private/tmp/console-client-release-20260919/backend/crates/todos/rest)
   Compiling console-consulting-rest v0.1.0 (/private/tmp/console-client-release-20260919/backend/crates/consulting/rest)
   Compiling console-analytics-quant-rest v0.1.0 (/private/tmp/console-client-release-20260919/backend/crates/analytics-quant/rest)
   Compiling console-facilities-rest v0.1.0 (/private/tmp/console-client-release-20260919/backend/crates/facilities/rest)
   Compiling console-platform-realtime v0.1.0 (/private/tmp/console-client-release-20260919/backend/crates/platform/realtime)
   Compiling console-platform-auth-rest v0.1.0 (/private/tmp/console-client-release-20260919/backend/crates/platform/auth-rest)
   Compiling console-production-rest v0.0.0 (/private/tmp/console-client-release-20260919/backend/crates/production/rest)
   Compiling console-integrity v0.1.0 (/private/tmp/console-client-release-20260919/backend/crates/compliance/integrity)
   Compiling console-platform-rest v0.1.0 (/private/tmp/console-client-release-20260919/backend/crates/platform/platform-rest)
   Compiling console-attendance-rest v0.1.0 (/private/tmp/console-client-release-20260919/backend/crates/attendance/rest)
   Compiling console-policy-adapter-postgres v0.1.0 (/private/tmp/console-client-release-20260919/backend/crates/policy/adapter-postgres)
   Compiling console-app v0.1.0 (/private/tmp/console-client-release-20260919/backend/app)
    Finished `test` profile [unoptimized + debuginfo] target(s) in 31.45s
warning: the following packages contain code that will be rejected by a future version of Rust: proc-macro-error2 v2.0.1
note: to see what the problems were, use the option `--future-incompat-report`, or run `cargo report future-incompatibilities --id 2`
   Doc-tests console_action_inbox_application

running 0 tests

test result: ok. 0 passed; 0 failed; 0 ignored; 0 measured; 0 filtered out; finished in 0.00s

   Doc-tests console_analytics_quant_rest

running 0 tests

test result: ok. 0 passed; 0 failed; 0 ignored; 0 measured; 0 filtered out; finished in 0.00s

   Doc-tests console_analytics_quant_service

running 0 tests

test result: ok. 0 passed; 0 failed; 0 ignored; 0 measured; 0 filtered out; finished in 0.00s

   Doc-tests console_app

running 0 tests

test result: ok. 0 passed; 0 failed; 0 ignored; 0 measured; 0 filtered out; finished in 0.00s

   Doc-tests console_attendance_adapter_postgres

running 0 tests

test result: ok. 0 passed; 0 failed; 0 ignored; 0 measured; 0 filtered out; finished in 0.00s

   Doc-tests console_attendance_application

running 0 tests

test result: ok. 0 passed; 0 failed; 0 ignored; 0 measured; 0 filtered out; finished in 0.00s

   Doc-tests console_attendance_domain

running 0 tests

test result: ok. 0 passed; 0 failed; 0 ignored; 0 measured; 0 filtered out; finished in 0.00s

   Doc-tests console_attendance_rest

running 0 tests

test result: ok. 0 passed; 0 failed; 0 ignored; 0 measured; 0 filtered out; finished in 0.00s

   Doc-tests console_benefit_adapter_postgres

running 0 tests

test result: ok. 0 passed; 0 failed; 0 ignored; 0 measured; 0 filtered out; finished in 0.00s

   Doc-tests console_benefit_application

running 0 tests

test result: ok. 0 passed; 0 failed; 0 ignored; 0 measured; 0 filtered out; finished in 0.00s

   Doc-tests console_benefit_domain

running 0 tests

test result: ok. 0 passed; 0 failed; 0 ignored; 0 measured; 0 filtered out; finished in 0.00s

   Doc-tests console_benefit_rest

running 0 tests

test result: ok. 0 passed; 0 failed; 0 ignored; 0 measured; 0 filtered out; finished in 0.00s

   Doc-tests console_comms_adapter_imap

running 0 tests

test result: ok. 0 passed; 0 failed; 0 ignored; 0 measured; 0 filtered out; finished in 0.00s

   Doc-tests console_comms_adapter_mox

running 0 tests

test result: ok. 0 passed; 0 failed; 0 ignored; 0 measured; 0 filtered out; finished in 0.00s

   Doc-tests console_comms_adapter_postgres

running 0 tests

test result: ok. 0 passed; 0 failed; 0 ignored; 0 measured; 0 filtered out; finished in 0.00s

   Doc-tests console_comms_adapter_smtp

running 0 tests

test result: ok. 0 passed; 0 failed; 0 ignored; 0 measured; 0 filtered out; finished in 0.00s

   Doc-tests console_comms_application

running 0 tests

test result: ok. 0 passed; 0 failed; 0 ignored; 0 measured; 0 filtered out; finished in 0.00s

   Doc-tests console_comms_credential_cipher

running 0 tests

test result: ok. 0 passed; 0 failed; 0 ignored; 0 measured; 0 filtered out; finished in 0.00s

   Doc-tests console_comms_domain

running 0 tests

test result: ok. 0 passed; 0 failed; 0 ignored; 0 measured; 0 filtered out; finished in 0.00s

   Doc-tests console_comms_mailbox

running 0 tests

test result: ok. 0 passed; 0 failed; 0 ignored; 0 measured; 0 filtered out; finished in 0.00s

   Doc-tests console_comms_rest

running 0 tests

test result: ok. 0 passed; 0 failed; 0 ignored; 0 measured; 0 filtered out; finished in 0.00s

   Doc-tests console_compliance_adapter_postgres

running 0 tests

test result: ok. 0 passed; 0 failed; 0 ignored; 0 measured; 0 filtered out; finished in 0.00s

   Doc-tests console_compliance_application

running 0 tests

test result: ok. 0 passed; 0 failed; 0 ignored; 0 measured; 0 filtered out; finished in 0.00s

   Doc-tests console_compliance_domain

running 0 tests

test result: ok. 0 passed; 0 failed; 0 ignored; 0 measured; 0 filtered out; finished in 0.00s

   Doc-tests console_compliance_rest

running 0 tests

test result: ok. 0 passed; 0 failed; 0 ignored; 0 measured; 0 filtered out; finished in 0.00s

   Doc-tests console_consulting_rest

running 0 tests

test result: ok. 0 passed; 0 failed; 0 ignored; 0 measured; 0 filtered out; finished in 0.00s

   Doc-tests console_contracts

running 0 tests

test result: ok. 0 passed; 0 failed; 0 ignored; 0 measured; 0 filtered out; finished in 0.00s

   Doc-tests console_dispatch_adapter_postgres

running 0 tests

test result: ok. 0 passed; 0 failed; 0 ignored; 0 measured; 0 filtered out; finished in 0.00s

   Doc-tests console_dispatch_application

running 0 tests

test result: ok. 0 passed; 0 failed; 0 ignored; 0 measured; 0 filtered out; finished in 0.00s

   Doc-tests console_dispatch_domain

running 0 tests

test result: ok. 0 passed; 0 failed; 0 ignored; 0 measured; 0 filtered out; finished in 0.00s

   Doc-tests console_dispatch_rest

running 0 tests

test result: ok. 0 passed; 0 failed; 0 ignored; 0 measured; 0 filtered out; finished in 0.00s

   Doc-tests console_dispatch_worker

running 0 tests

test result: ok. 0 passed; 0 failed; 0 ignored; 0 measured; 0 filtered out; finished in 0.00s

   Doc-tests console_docs_adapter_postgres

running 0 tests

test result: ok. 0 passed; 0 failed; 0 ignored; 0 measured; 0 filtered out; finished in 0.00s

   Doc-tests console_docs_application

running 0 tests

test result: ok. 0 passed; 0 failed; 0 ignored; 0 measured; 0 filtered out; finished in 0.00s

   Doc-tests console_docs_domain

running 0 tests

test result: ok. 0 passed; 0 failed; 0 ignored; 0 measured; 0 filtered out; finished in 0.00s

   Doc-tests console_docs_rest

running 0 tests

test result: ok. 0 passed; 0 failed; 0 ignored; 0 measured; 0 filtered out; finished in 0.00s

   Doc-tests console_equipment_adapter_postgres

running 0 tests

test result: ok. 0 passed; 0 failed; 0 ignored; 0 measured; 0 filtered out; finished in 0.00s

   Doc-tests console_equipment_application

running 0 tests

test result: ok. 0 passed; 0 failed; 0 ignored; 0 measured; 0 filtered out; finished in 0.00s

   Doc-tests console_equipment_domain

running 0 tests

test result: ok. 0 passed; 0 failed; 0 ignored; 0 measured; 0 filtered out; finished in 0.00s

   Doc-tests console_equipment_rest

running 0 tests

test result: ok. 0 passed; 0 failed; 0 ignored; 0 measured; 0 filtered out; finished in 0.00s

   Doc-tests console_erp_domain

running 0 tests

test result: ok. 0 passed; 0 failed; 0 ignored; 0 measured; 0 filtered out; finished in 0.00s

   Doc-tests console_evaluation_adapter_postgres

running 0 tests

test result: ok. 0 passed; 0 failed; 0 ignored; 0 measured; 0 filtered out; finished in 0.00s

   Doc-tests console_evaluation_application

running 0 tests

test result: ok. 0 passed; 0 failed; 0 ignored; 0 measured; 0 filtered out; finished in 0.00s

   Doc-tests console_evaluation_domain

running 0 tests

test result: ok. 0 passed; 0 failed; 0 ignored; 0 measured; 0 filtered out; finished in 0.00s

   Doc-tests console_evaluation_rest

running 0 tests

test result: ok. 0 passed; 0 failed; 0 ignored; 0 measured; 0 filtered out; finished in 0.00s

   Doc-tests console_facilities_rest

running 0 tests

test result: ok. 0 passed; 0 failed; 0 ignored; 0 measured; 0 filtered out; finished in 0.00s

   Doc-tests console_finance_gl_adapter_postgres

running 0 tests

test result: ok. 0 passed; 0 failed; 0 ignored; 0 measured; 0 filtered out; finished in 0.00s

   Doc-tests console_finance_gl_application

running 0 tests

test result: ok. 0 passed; 0 failed; 0 ignored; 0 measured; 0 filtered out; finished in 0.00s

   Doc-tests console_finance_gl_domain

running 0 tests

test result: ok. 0 passed; 0 failed; 0 ignored; 0 measured; 0 filtered out; finished in 0.00s

   Doc-tests console_finance_gl_rest

running 0 tests

test result: ok. 0 passed; 0 failed; 0 ignored; 0 measured; 0 filtered out; finished in 0.00s

   Doc-tests console_financial_adapter_postgres

running 0 tests

test result: ok. 0 passed; 0 failed; 0 ignored; 0 measured; 0 filtered out; finished in 0.00s

   Doc-tests console_financial_application

running 0 tests

test result: ok. 0 passed; 0 failed; 0 ignored; 0 measured; 0 filtered out; finished in 0.00s

   Doc-tests console_financial_domain

running 0 tests

test result: ok. 0 passed; 0 failed; 0 ignored; 0 measured; 0 filtered out; finished in 0.00s

   Doc-tests console_financial_rest

running 0 tests

test result: ok. 0 passed; 0 failed; 0 ignored; 0 measured; 0 filtered out; finished in 0.00s

   Doc-tests console_gate_audit_coverage

running 0 tests

test result: ok. 0 passed; 0 failed; 0 ignored; 0 measured; 0 filtered out; finished in 0.00s

   Doc-tests console_gate_dev_auth_absence

running 0 tests

test result: ok. 0 passed; 0 failed; 0 ignored; 0 measured; 0 filtered out; finished in 0.00s

   Doc-tests console_gate_fabricated_branch

running 1 test
test ci/gates/fabricated-branch/src/lib.rs - (line 8) ... ignored

test result: ok. 0 passed; 0 failed; 1 ignored; 0 measured; 0 filtered out; finished in 0.00s


running 1 test
test ci/gates/fabricated-branch/src/lib.rs - continues_on_next_line (line 306) ... ignored

test result: ok. 0 passed; 0 failed; 1 ignored; 0 measured; 0 filtered out; finished in 0.00s

all doctests ran in 0.52s; merged doctests compilation took 0.29s
   Doc-tests console_gate_iac_tier

running 0 tests

test result: ok. 0 passed; 0 failed; 0 ignored; 0 measured; 0 filtered out; finished in 0.00s

   Doc-tests console_gate_layer_boundary

running 0 tests

test result: ok. 0 passed; 0 failed; 0 ignored; 0 measured; 0 filtered out; finished in 0.00s

   Doc-tests console_gate_migration_safety

running 0 tests

test result: ok. 0 passed; 0 failed; 0 ignored; 0 measured; 0 filtered out; finished in 0.00s

   Doc-tests console_gate_personal_data_classification

running 0 tests

test result: ok. 0 passed; 0 failed; 0 ignored; 0 measured; 0 filtered out; finished in 0.00s

   Doc-tests console_gate_pii_no_logs

running 0 tests

test result: ok. 0 passed; 0 failed; 0 ignored; 0 measured; 0 filtered out; finished in 0.00s

   Doc-tests console_gate_rls_arming

running 0 tests

test result: ok. 0 passed; 0 failed; 0 ignored; 0 measured; 0 filtered out; finished in 0.00s

   Doc-tests console_gate_tenant_isolation

running 0 tests

test result: ok. 0 passed; 0 failed; 0 ignored; 0 measured; 0 filtered out; finished in 0.00s

   Doc-tests console_gate_vendor_lockin

running 0 tests

test result: ok. 0 passed; 0 failed; 0 ignored; 0 measured; 0 filtered out; finished in 0.00s

   Doc-tests console_gate_writer_ownership

running 0 tests

test result: ok. 0 passed; 0 failed; 0 ignored; 0 measured; 0 filtered out; finished in 0.00s

   Doc-tests console_governance_adapter_postgres

running 0 tests

test result: ok. 0 passed; 0 failed; 0 ignored; 0 measured; 0 filtered out; finished in 0.00s

   Doc-tests console_governance_application

running 0 tests

test result: ok. 0 passed; 0 failed; 0 ignored; 0 measured; 0 filtered out; finished in 0.00s

   Doc-tests console_governance_domain

running 0 tests

test result: ok. 0 passed; 0 failed; 0 ignored; 0 measured; 0 filtered out; finished in 0.00s

   Doc-tests console_governance_rest

running 0 tests

test result: ok. 0 passed; 0 failed; 0 ignored; 0 measured; 0 filtered out; finished in 0.00s

   Doc-tests console_identity_adapter_postgres

running 0 tests

test result: ok. 0 passed; 0 failed; 0 ignored; 0 measured; 0 filtered out; finished in 0.00s

   Doc-tests console_identity_application

running 0 tests

test result: ok. 0 passed; 0 failed; 0 ignored; 0 measured; 0 filtered out; finished in 0.00s

   Doc-tests console_identity_domain

running 0 tests

test result: ok. 0 passed; 0 failed; 0 ignored; 0 measured; 0 filtered out; finished in 0.00s

   Doc-tests console_identity_rest

running 0 tests

test result: ok. 0 passed; 0 failed; 0 ignored; 0 measured; 0 filtered out; finished in 0.00s

   Doc-tests console_inbox_adapter_postgres

running 0 tests

test result: ok. 0 passed; 0 failed; 0 ignored; 0 measured; 0 filtered out; finished in 0.00s

   Doc-tests console_inbox_application

running 0 tests

test result: ok. 0 passed; 0 failed; 0 ignored; 0 measured; 0 filtered out; finished in 0.00s

   Doc-tests console_inbox_domain

running 0 tests

test result: ok. 0 passed; 0 failed; 0 ignored; 0 measured; 0 filtered out; finished in 0.00s

   Doc-tests console_inbox_rest

running 0 tests

test result: ok. 0 passed; 0 failed; 0 ignored; 0 measured; 0 filtered out; finished in 0.00s

   Doc-tests console_inspection_adapter_postgres

running 0 tests

test result: ok. 0 passed; 0 failed; 0 ignored; 0 measured; 0 filtered out; finished in 0.00s

   Doc-tests console_inspection_application

running 0 tests

test result: ok. 0 passed; 0 failed; 0 ignored; 0 measured; 0 filtered out; finished in 0.00s

   Doc-tests console_inspection_domain

running 0 tests

test result: ok. 0 passed; 0 failed; 0 ignored; 0 measured; 0 filtered out; finished in 0.00s

   Doc-tests console_inspection_rest

running 0 tests

test result: ok. 0 passed; 0 failed; 0 ignored; 0 measured; 0 filtered out; finished in 0.00s

   Doc-tests console_integrity

running 0 tests

test result: ok. 0 passed; 0 failed; 0 ignored; 0 measured; 0 filtered out; finished in 0.00s

   Doc-tests console_intelligence_application

running 0 tests

test result: ok. 0 passed; 0 failed; 0 ignored; 0 measured; 0 filtered out; finished in 0.00s

   Doc-tests console_inventory_adapter_postgres

running 0 tests

test result: ok. 0 passed; 0 failed; 0 ignored; 0 measured; 0 filtered out; finished in 0.00s

   Doc-tests console_inventory_application

running 0 tests

test result: ok. 0 passed; 0 failed; 0 ignored; 0 measured; 0 filtered out; finished in 0.00s

   Doc-tests console_inventory_domain

running 0 tests

test result: ok. 0 passed; 0 failed; 0 ignored; 0 measured; 0 filtered out; finished in 0.00s

   Doc-tests console_inventory_rest

running 0 tests

test result: ok. 0 passed; 0 failed; 0 ignored; 0 measured; 0 filtered out; finished in 0.00s

   Doc-tests console_kernel_core

running 0 tests

test result: ok. 0 passed; 0 failed; 0 ignored; 0 measured; 0 filtered out; finished in 0.00s

   Doc-tests console_leave_adapter_postgres

running 0 tests

test result: ok. 0 passed; 0 failed; 0 ignored; 0 measured; 0 filtered out; finished in 0.00s

   Doc-tests console_leave_application

running 0 tests

test result: ok. 0 passed; 0 failed; 0 ignored; 0 measured; 0 filtered out; finished in 0.00s

   Doc-tests console_leave_domain

running 0 tests

test result: ok. 0 passed; 0 failed; 0 ignored; 0 measured; 0 filtered out; finished in 0.00s

   Doc-tests console_leave_rest

running 0 tests

test result: ok. 0 passed; 0 failed; 0 ignored; 0 measured; 0 filtered out; finished in 0.00s

   Doc-tests console_logistics_adapter_postgres

running 0 tests

test result: ok. 0 passed; 0 failed; 0 ignored; 0 measured; 0 filtered out; finished in 0.00s

   Doc-tests console_logistics_application

running 0 tests

test result: ok. 0 passed; 0 failed; 0 ignored; 0 measured; 0 filtered out; finished in 0.00s

   Doc-tests console_logistics_domain

running 0 tests

test result: ok. 0 passed; 0 failed; 0 ignored; 0 measured; 0 filtered out; finished in 0.00s

   Doc-tests console_logistics_rest

running 0 tests

test result: ok. 0 passed; 0 failed; 0 ignored; 0 measured; 0 filtered out; finished in 0.00s

   Doc-tests console_messenger_adapter_postgres

running 0 tests

test result: ok. 0 passed; 0 failed; 0 ignored; 0 measured; 0 filtered out; finished in 0.00s

   Doc-tests console_messenger_application

running 0 tests

test result: ok. 0 passed; 0 failed; 0 ignored; 0 measured; 0 filtered out; finished in 0.00s

   Doc-tests console_messenger_domain

running 0 tests

test result: ok. 0 passed; 0 failed; 0 ignored; 0 measured; 0 filtered out; finished in 0.00s

   Doc-tests console_messenger_rest

running 0 tests

test result: ok. 0 passed; 0 failed; 0 ignored; 0 measured; 0 filtered out; finished in 0.00s

   Doc-tests console_notices_adapter_postgres

running 0 tests

test result: ok. 0 passed; 0 failed; 0 ignored; 0 measured; 0 filtered out; finished in 0.00s

   Doc-tests console_notices_application

running 0 tests

test result: ok. 0 passed; 0 failed; 0 ignored; 0 measured; 0 filtered out; finished in 0.00s

   Doc-tests console_notices_domain

running 0 tests

test result: ok. 0 passed; 0 failed; 0 ignored; 0 measured; 0 filtered out; finished in 0.00s

   Doc-tests console_notices_rest

running 0 tests

test result: ok. 0 passed; 0 failed; 0 ignored; 0 measured; 0 filtered out; finished in 0.00s

   Doc-tests console_notifications_adapter_postgres

running 0 tests

test result: ok. 0 passed; 0 failed; 0 ignored; 0 measured; 0 filtered out; finished in 0.00s

   Doc-tests console_notifications_application

running 0 tests

test result: ok. 0 passed; 0 failed; 0 ignored; 0 measured; 0 filtered out; finished in 0.00s

   Doc-tests console_notifications_domain

running 0 tests

test result: ok. 0 passed; 0 failed; 0 ignored; 0 measured; 0 filtered out; finished in 0.00s

   Doc-tests console_notifications_rest

running 0 tests

test result: ok. 0 passed; 0 failed; 0 ignored; 0 measured; 0 filtered out; finished in 0.00s

   Doc-tests console_ontology_adapter_postgres

running 0 tests

test result: ok. 0 passed; 0 failed; 0 ignored; 0 measured; 0 filtered out; finished in 0.00s

   Doc-tests console_ontology_application

running 0 tests

test result: ok. 0 passed; 0 failed; 0 ignored; 0 measured; 0 filtered out; finished in 0.00s

   Doc-tests console_ontology_canonical_adapter_postgres

running 0 tests

test result: ok. 0 passed; 0 failed; 0 ignored; 0 measured; 0 filtered out; finished in 0.00s

   Doc-tests console_ontology_canonical_domain

running 0 tests

test result: ok. 0 passed; 0 failed; 0 ignored; 0 measured; 0 filtered out; finished in 0.00s

   Doc-tests console_ontology_domain

running 0 tests

test result: ok. 0 passed; 0 failed; 0 ignored; 0 measured; 0 filtered out; finished in 0.00s

   Doc-tests console_ontology_rest

running 0 tests

test result: ok. 0 passed; 0 failed; 0 ignored; 0 measured; 0 filtered out; finished in 0.00s

   Doc-tests console_orgchange_adapter_postgres

running 0 tests

test result: ok. 0 passed; 0 failed; 0 ignored; 0 measured; 0 filtered out; finished in 0.00s

   Doc-tests console_orgchange_domain

running 0 tests

test result: ok. 0 passed; 0 failed; 0 ignored; 0 measured; 0 filtered out; finished in 0.00s

   Doc-tests console_orgchange_rest

running 0 tests

test result: ok. 0 passed; 0 failed; 0 ignored; 0 measured; 0 filtered out; finished in 0.00s

   Doc-tests console_payroll_adapter_postgres

running 0 tests

test result: ok. 0 passed; 0 failed; 0 ignored; 0 measured; 0 filtered out; finished in 0.00s

   Doc-tests console_payroll_application

running 0 tests

test result: ok. 0 passed; 0 failed; 0 ignored; 0 measured; 0 filtered out; finished in 0.00s

   Doc-tests console_payroll_domain

running 0 tests

test result: ok. 0 passed; 0 failed; 0 ignored; 0 measured; 0 filtered out; finished in 0.00s

   Doc-tests console_payroll_rest

running 0 tests

test result: ok. 0 passed; 0 failed; 0 ignored; 0 measured; 0 filtered out; finished in 0.00s

   Doc-tests console_payroll_ui

running 0 tests

test result: ok. 0 passed; 0 failed; 0 ignored; 0 measured; 0 filtered out; finished in 0.00s

   Doc-tests console_platform_audit_chain

running 0 tests

test result: ok. 0 passed; 0 failed; 0 ignored; 0 measured; 0 filtered out; finished in 0.00s

   Doc-tests console_platform_auth

running 0 tests

test result: ok. 0 passed; 0 failed; 0 ignored; 0 measured; 0 filtered out; finished in 0.00s

   Doc-tests console_platform_auth_rest

running 0 tests

test result: ok. 0 passed; 0 failed; 0 ignored; 0 measured; 0 filtered out; finished in 0.00s

   Doc-tests console_platform_authz

running 7 tests
test crates/platform/authz/src/resource_branch.rs - resource_branch::ResourceBranch (line 228) ... ok
test crates/platform/authz/src/resource_branch.rs - resource_branch::ResourceBranch (line 207) ... ok
test crates/platform/authz/src/resource_branch.rs - resource_branch::ResourceBranch (line 148) ... ok
test crates/platform/authz/src/lib.rs - authorize_scoped (line 1478) ... ok
test crates/platform/authz/src/temporal.rs - temporal::GrantValidity (line 52) ... ok
test crates/platform/authz/src/lib.rs - authorize_scoped (line 1455) ... ok
test crates/platform/authz/src/lib.rs - authorize (line 1619) ... ok

test result: ok. 7 passed; 0 failed; 0 ignored; 0 measured; 0 filtered out; finished in 0.00s


running 10 tests
test crates/platform/authz/src/temporal.rs - temporal::GrantValidity (line 60) - compile fail ... ok
test crates/platform/authz/src/resource_branch.rs - resource_branch::ResourceBranch (line 195) - compile fail ... ok
test crates/platform/authz/src/resource_branch.rs - resource_branch::ResourceBranch (line 173) - compile fail ... ok
test crates/platform/authz/src/lib.rs - authorize (line 1607) - compile fail ... ok
test crates/platform/authz/src/resource_branch.rs - resource_branch::ResourceBranch (line 161) - compile fail ... ok
test crates/platform/authz/src/lib.rs - authorize_scoped (line 1466) - compile fail ... ok
test crates/platform/authz/src/lib.rs - authorize_scoped (line 1527) - compile fail ... ok
test crates/platform/authz/src/lib.rs - authorize_scoped (line 1501) - compile fail ... ok
test crates/platform/authz/src/resource_branch.rs - resource_branch::ResourceBranch (line 221) - compile fail ... ok
test crates/platform/authz/src/resource_branch.rs - resource_branch::ResourceBranch (line 182) - compile fail ... ok

test result: ok. 10 passed; 0 failed; 0 ignored; 0 measured; 0 filtered out; finished in 0.66s

all doctests ran in 1.49s; merged doctests compilation took 0.64s
   Doc-tests console_platform_authz_rest

running 0 tests

test result: ok. 0 passed; 0 failed; 0 ignored; 0 measured; 0 filtered out; finished in 0.00s

   Doc-tests console_platform_db

running 3 tests
test crates/platform/db/src/audit_tx.rs - audit_tx::with_audit (line 48) ... ignored
test crates/platform/db/src/audit_tx.rs - audit_tx::with_org_conn (line 259) ... ignored
test crates/platform/db/src/versioning.rs - versioning (line 30) ... ignored

test result: ok. 0 passed; 0 failed; 3 ignored; 0 measured; 0 filtered out; finished in 0.00s

all doctests ran in 0.46s; merged doctests compilation took 0.29s
   Doc-tests console_platform_email

running 0 tests

test result: ok. 0 passed; 0 failed; 0 ignored; 0 measured; 0 filtered out; finished in 0.00s

   Doc-tests console_platform_erasure_ledger

running 0 tests

test result: ok. 0 passed; 0 failed; 0 ignored; 0 measured; 0 filtered out; finished in 0.00s

   Doc-tests console_platform_excel

running 0 tests

test result: ok. 0 passed; 0 failed; 0 ignored; 0 measured; 0 filtered out; finished in 0.00s

   Doc-tests console_platform_group

running 0 tests

test result: ok. 0 passed; 0 failed; 0 ignored; 0 measured; 0 filtered out; finished in 0.00s

   Doc-tests console_platform_jobs

running 0 tests

test result: ok. 0 passed; 0 failed; 0 ignored; 0 measured; 0 filtered out; finished in 0.00s

   Doc-tests console_platform_provisioning

running 0 tests

test result: ok. 0 passed; 0 failed; 0 ignored; 0 measured; 0 filtered out; finished in 0.00s

   Doc-tests console_platform_push

running 0 tests

test result: ok. 0 passed; 0 failed; 0 ignored; 0 measured; 0 filtered out; finished in 0.00s

   Doc-tests console_platform_realtime

running 0 tests

test result: ok. 0 passed; 0 failed; 0 ignored; 0 measured; 0 filtered out; finished in 0.00s

   Doc-tests console_platform_request_context

running 0 tests

test result: ok. 0 passed; 0 failed; 0 ignored; 0 measured; 0 filtered out; finished in 0.00s

   Doc-tests console_platform_rest

running 0 tests

test result: ok. 0 passed; 0 failed; 0 ignored; 0 measured; 0 filtered out; finished in 0.00s

   Doc-tests console_platform_storage

running 0 tests

test result: ok. 0 passed; 0 failed; 0 ignored; 0 measured; 0 filtered out; finished in 0.00s

   Doc-tests console_platform_test_support

running 0 tests

test result: ok. 0 passed; 0 failed; 0 ignored; 0 measured; 0 filtered out; finished in 0.00s

   Doc-tests console_policy_adapter_postgres

running 0 tests

test result: ok. 0 passed; 0 failed; 0 ignored; 0 measured; 0 filtered out; finished in 0.00s

   Doc-tests console_policy_application

running 0 tests

test result: ok. 0 passed; 0 failed; 0 ignored; 0 measured; 0 filtered out; finished in 0.00s

   Doc-tests console_policy_domain

running 0 tests

test result: ok. 0 passed; 0 failed; 0 ignored; 0 measured; 0 filtered out; finished in 0.00s

   Doc-tests console_production_rest

running 0 tests

test result: ok. 0 passed; 0 failed; 0 ignored; 0 measured; 0 filtered out; finished in 0.00s

   Doc-tests console_recruiting_adapter_postgres

running 0 tests

test result: ok. 0 passed; 0 failed; 0 ignored; 0 measured; 0 filtered out; finished in 0.00s

   Doc-tests console_recruiting_application

running 0 tests

test result: ok. 0 passed; 0 failed; 0 ignored; 0 measured; 0 filtered out; finished in 0.00s

   Doc-tests console_recruiting_domain

running 0 tests

test result: ok. 0 passed; 0 failed; 0 ignored; 0 measured; 0 filtered out; finished in 0.00s

   Doc-tests console_recruiting_rest

running 0 tests

test result: ok. 0 passed; 0 failed; 0 ignored; 0 measured; 0 filtered out; finished in 0.00s

   Doc-tests console_registry_adapter_postgres

running 0 tests

test result: ok. 0 passed; 0 failed; 0 ignored; 0 measured; 0 filtered out; finished in 0.00s

   Doc-tests console_registry_application

running 0 tests

test result: ok. 0 passed; 0 failed; 0 ignored; 0 measured; 0 filtered out; finished in 0.00s

   Doc-tests console_registry_domain

running 0 tests

test result: ok. 0 passed; 0 failed; 0 ignored; 0 measured; 0 filtered out; finished in 0.00s

   Doc-tests console_registry_rest

running 0 tests

test result: ok. 0 passed; 0 failed; 0 ignored; 0 measured; 0 filtered out; finished in 0.00s

   Doc-tests console_reporting_adapter_postgres

running 0 tests

test result: ok. 0 passed; 0 failed; 0 ignored; 0 measured; 0 filtered out; finished in 0.00s

   Doc-tests console_reporting_application

running 0 tests

test result: ok. 0 passed; 0 failed; 0 ignored; 0 measured; 0 filtered out; finished in 0.00s

   Doc-tests console_reporting_domain

running 0 tests

test result: ok. 0 passed; 0 failed; 0 ignored; 0 measured; 0 filtered out; finished in 0.00s

   Doc-tests console_reporting_rest

running 0 tests

test result: ok. 0 passed; 0 failed; 0 ignored; 0 measured; 0 filtered out; finished in 0.00s

   Doc-tests console_sales_adapter_postgres

running 0 tests

test result: ok. 0 passed; 0 failed; 0 ignored; 0 measured; 0 filtered out; finished in 0.00s

   Doc-tests console_sales_application

running 0 tests

test result: ok. 0 passed; 0 failed; 0 ignored; 0 measured; 0 filtered out; finished in 0.00s

   Doc-tests console_sales_domain

running 0 tests

test result: ok. 0 passed; 0 failed; 0 ignored; 0 measured; 0 filtered out; finished in 0.00s

   Doc-tests console_sales_rest

running 0 tests

test result: ok. 0 passed; 0 failed; 0 ignored; 0 measured; 0 filtered out; finished in 0.00s

   Doc-tests console_support_adapter_postgres

running 0 tests

test result: ok. 0 passed; 0 failed; 0 ignored; 0 measured; 0 filtered out; finished in 0.00s

   Doc-tests console_support_application

running 0 tests

test result: ok. 0 passed; 0 failed; 0 ignored; 0 measured; 0 filtered out; finished in 0.00s

   Doc-tests console_support_domain

running 0 tests

test result: ok. 0 passed; 0 failed; 0 ignored; 0 measured; 0 filtered out; finished in 0.00s

   Doc-tests console_support_rest

running 0 tests

test result: ok. 0 passed; 0 failed; 0 ignored; 0 measured; 0 filtered out; finished in 0.00s

   Doc-tests console_todos_adapter_postgres

running 0 tests

test result: ok. 0 passed; 0 failed; 0 ignored; 0 measured; 0 filtered out; finished in 0.00s

   Doc-tests console_todos_application

running 0 tests

test result: ok. 0 passed; 0 failed; 0 ignored; 0 measured; 0 filtered out; finished in 0.00s

   Doc-tests console_todos_domain

running 0 tests

test result: ok. 0 passed; 0 failed; 0 ignored; 0 measured; 0 filtered out; finished in 0.00s

   Doc-tests console_todos_rest

running 0 tests

test result: ok. 0 passed; 0 failed; 0 ignored; 0 measured; 0 filtered out; finished in 0.00s

   Doc-tests console_workflow_domain

running 0 tests

test result: ok. 0 passed; 0 failed; 0 ignored; 0 measured; 0 filtered out; finished in 0.00s

   Doc-tests console_workflow_runtime

running 0 tests

test result: ok. 0 passed; 0 failed; 0 ignored; 0 measured; 0 filtered out; finished in 0.00s

   Doc-tests console_workflow_runtime_adapter_postgres

running 0 tests

test result: ok. 0 passed; 0 failed; 0 ignored; 0 measured; 0 filtered out; finished in 0.00s

   Doc-tests console_workorder_adapter_postgres

running 0 tests

test result: ok. 0 passed; 0 failed; 0 ignored; 0 measured; 0 filtered out; finished in 0.00s

   Doc-tests console_workorder_application

running 1 test
test crates/workorder/application/src/lib.rs - AiAssistantPort (line 301) ... ok

test result: ok. 1 passed; 0 failed; 0 ignored; 0 measured; 0 filtered out; finished in 0.00s

all doctests ran in 0.49s; merged doctests compilation took 0.32s
   Doc-tests console_workorder_domain

running 0 tests

test result: ok. 0 passed; 0 failed; 0 ignored; 0 measured; 0 filtered out; finished in 0.00s

   Doc-tests console_workorder_rest

running 0 tests

test result: ok. 0 passed; 0 failed; 0 ignored; 0 measured; 0 filtered out; finished in 0.00s

    Finished `test` profile [unoptimized + debuginfo] target(s) in 0.11s
     Running tests/attendance_policy.rs (backend/target/debug/deps/attendance_policy-411e57709f47d425)

running 8 tests
test duplicate_assignment_is_only_a_replay_when_the_fingerprint_matches ... ok
test branch_authority_cannot_be_widened_by_requested_branch ... ok
test substitution_assignment_requires_an_employee_worker ... ok
test close_gate_rejects_open_exceptions ... ok
test branch_limited_caller_cannot_omit_branch_or_read_another_branch ... ok
test org_wide_caller_may_query_all_branches ... ok
test substitution_candidate_eligibility_rejects_every_disqualifying_fact ... ok
test substitution_candidate_query_normalizes_search_and_pagination ... ok

test result: ok. 8 passed; 0 failed; 0 ignored; 0 measured; 0 filtered out; finished in 0.00s

    Finished `test` profile [unoptimized + debuginfo] target(s) in 0.11s
     Running tests/location_consent_fsm.rs (backend/target/debug/deps/location_consent_fsm-ed42a25f440d58d8)

running 2 tests
test consent_lifecycle_accepts_legal_edges_and_records_timestamps ... ok
test consent_lifecycle_rejects_illegal_edges ... ok

test result: ok. 2 passed; 0 failed; 0 ignored; 0 measured; 0 filtered out; finished in 0.00s

     Running tests/location_ping_policy.rs (backend/target/debug/deps/location_ping_policy-a2cf8807ee2ebe78)

running 2 tests
test ping_volume_bound_caps_rows_by_on_duty_window_ping_rate_and_users ... ok
test location_ping_validates_coordinate_ranges ... ok

test result: ok. 2 passed; 0 failed; 0 ignored; 0 measured; 0 filtered out; finished in 0.00s

   Compiling console-platform-authz v0.1.0 (/private/tmp/console-client-release-20260919/backend/crates/platform/authz)
    Finished `test` profile [unoptimized + debuginfo] target(s) in 4.14s
     Running tests/cedar_pbac_legacy_only_observe_and_record.rs (backend/target/debug/deps/cedar_pbac_legacy_only_observe_and_record-6c52042e8e2f4fbb)

running 5 tests
test shadow_deny_is_recorded_but_carries_zero_enforcement_weight ... ok
test observation_yields_exactly_one_audit_event_per_guarded_decision ... ok
test legacy_only_boundary_is_byte_identical_to_legacy_for_a_would_be_deny ... ok
test legacy_only_boundary_is_byte_identical_to_legacy_for_a_would_be_allow ... ok
test shadow_allow_on_a_denied_request_is_recorded_but_cannot_grant ... ok

test result: ok. 5 passed; 0 failed; 0 ignored; 0 measured; 0 filtered out; finished in 0.00s

     Running tests/cedar_pbac_readiness_cases.rs (backend/target/debug/deps/cedar_pbac_readiness_cases-f15c7f7529390a0e)

running 2 tests
test ceo_covert_audit_stream_cedar_allows_only_with_clearance ... ok
test every_readiness_case_binds_to_a_fail_closed_boundary_decision ... ok

test result: ok. 2 passed; 0 failed; 0 ignored; 0 measured; 0 filtered out; finished in 0.04s

    Finished `test` profile [unoptimized + debuginfo] target(s) in 0.17s
     Running tests/cedar_diagnostic_fail_closed.rs (backend/target/debug/deps/cedar_diagnostic_fail_closed-a4d9465ba94a751e)

running 5 tests
test clean_compiled_permit_with_nonoverflowing_forbid_allows ... ok
test field_visibility_fails_closed_when_allow_has_diagnostics ... ok
test valid_field_policy_controls_show_clean_allow_and_matching_forbid ... ok
test compiled_allow_with_runtime_overflow_diagnostic_fails_closed ... ok
test row_visibility_fails_closed_when_allow_has_diagnostics ... ok

test result: ok. 5 passed; 0 failed; 0 ignored; 0 measured; 0 filtered out; finished in 0.03s

   Compiling console-platform-authz v0.1.0 (/private/tmp/console-client-release-20260919/backend/crates/platform/authz)
    Finished `test` profile [unoptimized + debuginfo] target(s) in 0.54s
     Running tests/cedar_sdk_identity.rs (backend/target/debug/deps/cedar_sdk_identity-8aafb91acc6fb01c)

running 2 tests
test current_sdk_evaluation_rejects_historical_key_without_relabeling_it ... ok
test compiled_bundle_keys_name_the_actual_linked_cedar_sdk ... ok

test result: ok. 2 passed; 0 failed; 0 ignored; 0 measured; 0 filtered out; finished in 0.01s

   Compiling console-platform-auth v0.1.0 (/private/tmp/console-client-release-20260919/backend/crates/platform/auth)
   Compiling console-platform-request-context v0.1.0 (/private/tmp/console-client-release-20260919/backend/crates/platform/request-context)
    Finished `test` profile [unoptimized + debuginfo] target(s) in 4.91s
     Running tests/native_error_envelope.rs (backend/target/debug/deps/native_error_envelope-8ae9e94152583221)

running 3 tests
test actual_body_limit_keeps_json_413_despite_html_request_hints ... ok
test existing_json_413_preserves_bytes_and_headers_with_native_looking_metadata ... ok
test untrusted_html_and_plain_rejections_keep_existing_json_envelopes ... ok

test result: ok. 3 passed; 0 failed; 0 ignored; 0 measured; 0 filtered out; finished in 0.00s

   Compiling console-platform-auth v0.1.0 (/private/tmp/console-client-release-20260919/backend/crates/platform/auth)
   Compiling console-platform-request-context v0.1.0 (/private/tmp/console-client-release-20260919/backend/crates/platform/request-context)
   Compiling console-platform-audit-chain v0.1.0 (/private/tmp/console-client-release-20260919/backend/crates/platform/audit-chain)
    Finished `test` profile [unoptimized + debuginfo] target(s) in 2.04s
     Running tests/ed25519_compatibility.rs (backend/target/debug/deps/ed25519_compatibility-6c7b5c9f4c1224f2)

running 13 tests
test external_signing_preserves_exact_transport_key_message_and_signature_bytes ... ok
test offline_external_signing_fails_closed_while_fixed_signature_verification_remains_available ... ok
test trusted_key_bytes_do_not_make_an_unpinned_key_reference_trusted ... ok
test pinned_old_anchor_survives_rotation_but_cannot_be_substituted_for_active_key ... ok
test malformed_dev_key_references_retain_typed_error_instead_of_panicking ... ok
test rfc8032_empty_message_vector_verifies_through_both_public_apis ... ok
test rfc8032_one_byte_message_vector_verifies_through_both_public_apis ... ok
test frozen_old_ring_transcript_remains_verifiable_without_ring_test_dependency ... ok
test nonraw_public_key_encodings_are_rejected_including_valid_der_spki_wrapper ... ok
test generated_dev_signer_preserves_raw_key_signature_and_key_reference_shapes ... ok
test truncated_and_extended_signatures_do_not_change_raw_wire_contract ... ok
test wrong_messages_and_swapped_keys_are_bad_signatures_not_transport_errors ... ok
test flipping_each_signature_byte_is_rejected ... ok

test result: ok. 13 passed; 0 failed; 0 ignored; 0 measured; 0 filtered out; finished in 0.02s

   Compiling console-platform-auth v0.1.0 (/private/tmp/console-client-release-20260919/backend/crates/platform/auth)
   Compiling console-platform-provisioning v0.1.0 (/private/tmp/console-client-release-20260919/backend/crates/platform/provisioning)
    Finished `test` profile [unoptimized + debuginfo] target(s) in 3.18s
     Running tests/account_historical_consent.rs (backend/target/debug/deps/account_historical_consent-2fad32a8545d6fc7)

running 1 test
test historical_consent_requires_exact_registered_manifest_and_complete_item_set ... ok

test result: ok. 1 passed; 0 failed; 0 ignored; 0 measured; 0 filtered out; finished in 0.00s

    Finished `test` profile [unoptimized + debuginfo] target(s) in 0.11s
     Running tests/range_and_history.rs (backend/target/debug/deps/range_and_history-f133aefe3350a89d)

running 2 tests
test historical_substitution_requires_a_full_planned_absence_interval ... ok
test selected_month_plus_d7_is_the_only_default_listing_window ... ok

test result: ok. 2 passed; 0 failed; 0 ignored; 0 measured; 0 filtered out; finished in 0.00s

    Finished `test` profile [unoptimized + debuginfo] target(s) in 0.11s
     Running tests/compose.rs (backend/target/debug/deps/compose-aea0255d8ad26da1)

running 48 tests
test a_ref_into_a_real_non_schema_component_section_composes ... ok
test a_ref_from_a_schema_body_is_checked_too ... ok
test a_response_ref_is_dangling_once_responses_are_contributed ... ok
test a_ref_to_a_schema_nobody_defines_is_rejected ... ok
test a_dangling_ref_is_rejected_even_when_a_prefix_of_its_name_resolves ... ok
test a_cross_file_ref_is_rejected_even_when_the_local_set_knows_the_name ... ok
test a_response_ref_resolves_against_a_contributed_response ... ok
test a_ref_whose_name_contains_legal_punctuation_resolves ... ok
test a_ref_truncated_before_its_target_is_rejected_in_every_section ... ok
test a_ref_into_a_component_section_openapi_does_not_define_is_rejected ... ok
test a_ref_is_terminated_by_the_yaml_delimiter_that_follows_it ... ok
test a_ref_a_fragment_declares_external_is_not_dangling ... ok
test a_foreign_host_pointer_is_rejected_outside_a_ref_key ... ok
test a_resolving_pointer_composes_from_every_position ... ok
test a_ref_that_is_not_a_components_pointer_is_rejected ... ok
test a_ref_target_that_is_not_a_component_key_is_rejected ... ok
test a_ref_another_fragment_defines_is_not_dangling ... ok
test an_empty_ref_target_is_rejected ... ok
test components_block_is_omitted_when_no_fragment_contributes_a_schema ... ok
test a_pointer_to_an_undefined_schema_is_rejected_in_every_position ... ok
test compose_document_emits_openapi_info_preamble ... ok
test compose_document_emits_top_level_bearer_security ... ok
test compose_document_refuses_hand_info_version ... ok
test composed_output_nests_operations_under_their_path ... ok
test composition_is_byte_identical_across_two_runs ... ok
test composition_is_byte_identical_regardless_of_author_indentation ... ok
test duplicate_error_message_names_both_contributors ... ok
test composition_is_byte_identical_regardless_of_fragment_order ... ok
test duplicate_operation_key_is_rejected ... ok
test duplicate_parameter_key_is_rejected ... ok
test duplicate_path_key_across_fragments_is_rejected ... ok
test duplicate_schema_key_across_fragments_is_rejected ... ok
test every_duplicate_is_reported_not_just_the_first ... ok
test first_yaml_alias_before_anchor_detects_inverted_order ... ok
test schema_refs_follows_a_discriminator_mapping ... ok
test schema_refs_yields_schema_refs_only ... ok
test security_schemes_parameters_and_responses_compose_under_components ... ok
test yaml_anchor_path_emits_before_aliasing_paths ... ok
test prose_that_mentions_a_ref_key_is_not_a_ref ... ok
test generated_typed_action_codecs_deny_unknown_fields ... ok
test semantic_manifest_generates_typed_action_codecs ... ok
test generated_head_fk_links_bind_published_get_operations ... ok
test generated_pay_run_payable_stays_const_false ... ok
test property_bags_and_roster_come_from_the_dto_inventory_not_the_manifest ... ok
test generated_person_head_stays_a_closed_projection ... ok
test semantic_manifest_generates_twenty_one_schemas ... ok
test owned_schema_duplicate_against_fragment_is_rejected ... ok
test generated_inputs_compose_with_shared_stubs ... ok

test result: ok. 48 passed; 0 failed; 0 ignored; 0 measured; 0 filtered out; finished in 0.00s

   Compiling console-todos-adapter-postgres v0.1.0 (/private/tmp/console-client-release-20260919/backend/crates/todos/adapter-postgres)
   Compiling console-todos-rest v0.1.0 (/private/tmp/console-client-release-20260919/backend/crates/todos/rest)
    Finished `test` profile [unoptimized + debuginfo] target(s) in 1.67s
     Running tests/openapi_fragment.rs (backend/target/debug/deps/openapi_fragment-9fcb7344cf933d8a)

running 8 tests
test todos_face_composes ... ok
test fragment_and_router_declare_the_same_paths ... ok
test composed_todos_fragment_is_byte_stable ... ok
test the_published_contract_publishes_exactly_this_faces_paths ... ok
test composed_todos_paths_match_the_published_contract ... ok
test every_borrowed_schema_exists_in_the_published_contract ... ok
test composed_todos_schemas_match_the_published_contract ... ok
test the_published_contract_needs_exactly_the_schemas_this_face_owns ... ok

test result: ok. 8 passed; 0 failed; 0 ignored; 0 measured; 0 filtered out; finished in 0.10s

    Finished `dev` profile [unoptimized + debuginfo] target(s) in 0.11s
     Running `backend/target/debug/console-openapi-gen`
wrote /private/tmp/console-client-release-20260919/backend/openapi/openapi.yaml (1452120 bytes)
wrote /private/tmp/console-client-release-20260919/backend/crates/ontology/rest/src/typed_action_generated.rs (7076 bytes)
    Finished `test` profile [unoptimized + debuginfo] target(s) in 0.11s
     Running tests/quote_and_residual.rs (backend/target/debug/deps/quote_and_residual-dc4ffb9f60a4d667)

running 4 tests
test residual_recompute_supports_straight_line_and_declining_balance_without_flooring_negative_data ... ok
test rental_quote_floors_negative_residual_for_nonnegative_line_items ... ok
test purchase_fsm_requires_admin_then_thresholded_executive_approval_before_execution ... ok
test rental_quote_persists_floored_residual_even_when_flooring_flag_disabled ... ok

test result: ok. 4 passed; 0 failed; 0 ignored; 0 measured; 0 filtered out; finished in 0.00s

    Finished `test` profile [unoptimized + debuginfo] target(s) in 0.11s
     Running tests/equipment.rs (backend/target/debug/deps/equipment-351a7d09dd29c569)

running 8 tests
test money_won_allows_negative_residual_values ... ok
test equipment_no_rejects_values_that_cannot_produce_prefix_columns ... ok
test equipment_no_derives_the_same_mid_formula_columns_as_the_workbook ... ok
test equipment_status_covers_actual_master_list_values ... ok
test ton_keeps_original_text_and_derives_milli_tons_when_numeric ... ok
test substitute_matching_keeps_unknown_ton_conservative ... ok
test substitute_matching_excludes_wrong_spec_power_and_lower_capacity ... ok
test substitute_matching_keeps_exact_ton_before_nearest_above ... ok

test result: ok. 8 passed; 0 failed; 0 ignored; 0 measured; 0 filtered out; finished in 0.00s

    Finished `test` profile [unoptimized + debuginfo] target(s) in 0.11s
     Running tests/mentions.rs (backend/target/debug/deps/mentions-5e327140288d2c67)

running 3 tests
test ignores_object_links_code_links_and_plain_text ... ok
test ignores_at_that_is_not_boundary_preceded_or_not_a_uuid ... ok
test extracts_boundary_preceded_uuid_mentions_in_order_without_duplicates ... ok

test result: ok. 3 passed; 0 failed; 0 ignored; 0 measured; 0 filtered out; finished in 0.00s

     Running tests/object_code_refs.rs (backend/target/debug/deps/object_code_refs-3eb7d9d0ff74642f)

running 4 tests
test drops_hashtag_noise_and_malformed_candidates ... ok
test extracts_boundary_preceded_codes_in_order_without_duplicates ... ok
test message_body_rejects_over_max_length ... ok
test caps_refs_per_message_at_max_object_code_refs ... ok

test result: ok. 4 passed; 0 failed; 0 ignored; 0 measured; 0 filtered out; finished in 0.00s

     Running tests/parity.rs (backend/target/debug/deps/parity-b6b4d5fbb9d6ff29)

running 3 tests
test presence_derives_from_activity_age ... ok
test default_visibility_only_named_team_is_a_channel ... ok
test visibility_db_roundtrip ... ok

test result: ok. 3 passed; 0 failed; 0 ignored; 0 measured; 0 filtered out; finished in 0.00s

     Running tests/thread_kind.rs (backend/target/debug/deps/thread_kind-075f39a69c11812d)

running 2 tests
test thread_kind_db_wire_uses_plan_values ... ok
test message_body_trims_and_rejects_blank ... ok

test result: ok. 2 passed; 0 failed; 0 ignored; 0 measured; 0 filtered out; finished in 0.00s

   Compiling console-workorder-domain v0.1.0 (/private/tmp/console-client-release-20260919/backend/crates/workorder/domain)
    Finished `test` profile [unoptimized + debuginfo] target(s) in 0.78s
     Running tests/approval_and_assignment.rs (backend/target/debug/deps/approval_and_assignment-b6dd29138ab4321d)

running 5 tests
test completion_evidence_interlock_reports_verified_state ... ok
test approval_rejects_out_of_order_or_wrong_actor_steps ... ok
test approval_line_unlocks_in_order_and_completes_after_executive ... ok
test workorder_completion_requires_completed_approval_line_and_verified_evidence ... ok
test multi_assignment_requires_at_least_one_assignee_exactly_one_primary_and_unique_users ... ok

test result: ok. 5 passed; 0 failed; 0 ignored; 0 measured; 0 filtered out; finished in 0.00s

     Running tests/serde_roundtrips.rs (backend/target/debug/deps/serde_roundtrips-441a5bf5e1d4a8c1)

running 2 tests
test db_string_parsers_accept_prior_project_values_and_reject_unknowns ... ok
test all_wire_enums_roundtrip_as_screaming_snake_case ... ok

test result: ok. 2 passed; 0 failed; 0 ignored; 0 measured; 0 filtered out; finished in 0.00s

     Running tests/settlement_fsm.rs (backend/target/debug/deps/settlement_fsm-9cc95953e8bd04df)

running 5 tests
test every_declared_edge_validates ... ok
test returned_submission_goes_back_to_draft ... ok
test draft_cannot_jump_to_approved ... ok
test settlement_eligibility_covers_report_review_and_final_only ... ok
test approved_and_void_are_terminal ... ok

test result: ok. 5 passed; 0 failed; 0 ignored; 0 measured; 0 filtered out; finished in 0.00s

     Running tests/workorder_fsm.rs (backend/target/debug/deps/workorder_fsm-c042a3ba8d074992)

running 3 tests
test guarded_transitions_reject_missing_authority_or_invariants ... ok
test explicit_transition_table_matches_expected_edges_and_documents_rationale ... ok
test transition_matrix_asserts_all_256_cells ... ok

test result: ok. 3 passed; 0 failed; 0 ignored; 0 measured; 0 filtered out; finished in 0.00s

   Compiling console-platform-auth v0.1.0 (/private/tmp/console-client-release-20260919/backend/crates/platform/auth)
    Finished `test` profile [unoptimized + debuginfo] target(s) in 0.85s
     Running tests/jwt_es256.rs (backend/target/debug/deps/jwt_es256-89a00ac658287ad7)

running 29 tests
test access_scope_claims_must_be_a_complete_pair ... ok
test account_crypto::issuance_rejects_zero_ttl_expired_ceiling_invalid_identity_and_generation ... ok
test es256_access_token_can_carry_group_roles_without_widening_scope ... ok
test es256_access_token_carries_feature_grant_ui_hints ... ok
test account_crypto::lifetime_arithmetic_near_representable_time_limit_does_not_overflow ... ok
test account_crypto::csrf_issuance_respects_five_minute_and_family_ceilings ... ok
test es256_access_token_carries_optional_display_name_claim ... ok
test es256_access_token_round_trips_explicit_access_scope_claims ... ok
test es256_scoped_token_rejects_unknown_group_role_on_issue ... ok
test es256_access_token_round_trips_with_expected_claims ... ok
test es256_view_as_token_refuses_group_roles ... ok
test account_crypto::csrf_round_trip_is_closed_and_has_no_access_or_assurance_projection ... ok
test group_admin_tenant_context_token_rejects_super_admin_role ... ok
test es256_access_token_stamps_subject_authz_freshness ... ok
test account_crypto::access_issuance_respects_configured_fifteen_minute_and_family_ceilings ... ok
test es256_scoped_token_rejects_unknown_group_role_on_verify ... ok
test group_admin_tenant_context_token_is_bounded_and_distinct_from_super_admin ... ok
test es256_rejects_actor_home_org_on_non_delegated_tokens ... ok
test legacy_access_token_without_freshness_claims_defaults_to_zero ... ok
test account_crypto::account_csrf_and_legacy_parsers_are_separate_in_both_directions ... ok
test account_crypto::access_round_trip_is_closed_company_free_and_bound_to_primary_metadata ... ok
test account_crypto::empty_configured_issuer_never_enables_account_or_csrf_tokens ... ok
test account_crypto::wrong_keys_hmac_payload_tampering_and_malformed_tokens_are_refused ... ok
test account_crypto::expired_access_preserves_verified_claims_without_skipping_other_validation ... ok
test account_crypto::signed_token_debug_and_invalid_claim_errors_do_not_echo_secrets ... ok
test account_crypto::both_protocols_require_exact_issuer_audience_and_kind ... ok
test account_crypto::time_validation_has_no_grace_and_enforces_signed_lifetime_and_primary_age ... ok
test account_crypto::identity_generation_and_assurance_claims_have_closed_canonical_values ... ok
test account_crypto::both_protocols_reject_missing_extra_and_raw_duplicate_claims ... ok

test result: ok. 29 passed; 0 failed; 0 ignored; 0 measured; 0 filtered out; finished in 0.26s

     Running tests/jwt_verifier.rs (backend/target/debug/deps/jwt_verifier-2f473b4f3495879e)

running 14 tests
test public_key_verifier_accepts_es256_access_token ... ok
test account_protocol_separation::unmarked_legacy_token_remains_valid_in_both_verifiers ... ok
test legacy_family_binding::absent_binding_keeps_historical_defaults_and_unknown_outer_claims ... ok
test legacy_protocol_compatibility::unrelated_unknown_fields_and_null_protocol_marker_preserve_legacy_compatibility ... ok
test account_protocol_separation::account_csrf_marker_cannot_enter_legacy_parser_with_legacy_shaped_claims ... ok
test account_protocol_separation::account_access_marker_cannot_enter_legacy_parser_with_legacy_shaped_claims ... ok
test legacy_protocol_compatibility::duplicate_known_claims_remain_refused_in_both_verifiers ... ok
test legacy_family_binding::valid_binding_is_retained_for_all_four_closed_kinds ... ok
test legacy_family_binding::repeated_outer_binding_is_rejected_in_both_orders_including_identical_values ... ok
test legacy_family_binding::binding_rejects_contradictory_home_tier_and_derived_flags ... ok
test legacy_protocol_compatibility::duplicate_recognized_protocol_markers_are_refused_in_both_orders ... ok
test legacy_family_binding::present_null_partial_extra_and_wrong_typed_binding_are_rejected ... ok
test legacy_family_binding::unknown_version_kind_and_invalid_or_nil_identifiers_are_rejected ... ok
test legacy_family_binding::repeated_nested_members_are_rejected_in_both_orders_including_identical_values ... ok

test result: ok. 14 passed; 0 failed; 0 ignored; 0 measured; 0 filtered out; finished in 0.11s

     Running tests/well_known.rs (backend/target/debug/deps/well_known-b3db07ad741eafbf)

running 1 test
test app_link_documents_render_static_passkey_metadata ... ok

test result: ok. 1 passed; 0 failed; 0 ignored; 0 measured; 0 filtered out; finished in 0.00s

    Finished `test` profile [unoptimized + debuginfo] target(s) in 0.15s
     Running tests/template_fidelity.rs (backend/target/debug/deps/template_fidelity-b7b323deaf5357f5)

running 5 tests
test precondition_title_cell ... ok
test precondition_section_headers ... ok
test precondition_sheet_name ... ok
test precondition_merged_cell_count ... ok
test roundtrip_fill_and_read_back ... ok

test result: ok. 5 passed; 0 failed; 0 ignored; 0 measured; 0 filtered out; finished in 0.11s

     Running tests/template_fill_engine.rs (backend/target/debug/deps/template_fill_engine-c713cd5f9bd846c2)

running 4 tests
test daily_status_descriptor_matches_real_template_sections ... ok
test pending_backlog_overflow_inserts_rows_before_section_4_and_shifts_merges ... ok
test fills_each_daily_status_section_and_clears_stale_template_rows ... ok
test daily_log_workbook_loads_and_roundtrips_with_three_sheet_structure_intact ... ok

test result: ok. 4 passed; 0 failed; 0 ignored; 0 measured; 0 filtered out; finished in 0.58s

   Compiling console-workorder-domain v0.1.0 (/private/tmp/console-client-release-20260919/backend/crates/workorder/domain)
   Compiling console-platform-request-context v0.1.0 (/private/tmp/console-client-release-20260919/backend/crates/platform/request-context)
   Compiling console-workorder-application v0.1.0 (/private/tmp/console-client-release-20260919/backend/crates/workorder/application)
   Compiling console-messenger-adapter-postgres v0.1.0 (/private/tmp/console-client-release-20260919/backend/crates/messenger/adapter-postgres)
   Compiling console-platform-realtime v0.1.0 (/private/tmp/console-client-release-20260919/backend/crates/platform/realtime)
    Finished `test` profile [unoptimized + debuginfo] target(s) in 2.30s
     Running tests/hub.rs (backend/target/debug/deps/hub-eb89f0fd481e44a0)

running 5 tests
test failed_replay_connect_does_not_leave_an_orphaned_connection ... ok
test same_account_message_fanout_respects_active_company ... ok
test bounded_mpsc_disconnects_lagging_connection_with_resume_cursor_policy ... ok
test same_account_ack_fanout_respects_active_company ... ok
test notification_fans_out_only_to_its_recipient ... ok

test result: ok. 5 passed; 0 failed; 0 ignored; 0 measured; 0 filtered out; finished in 0.00s

     Running tests/notify_payload.rs (backend/target/debug/deps/notify_payload-ceea453535241f7e)

running 2 tests
test notifier_rejects_payloads_at_send_time_when_they_reach_the_postgres_ceiling ... ok
test message_notify_payload_serializes_ids_only_under_postgres_ceiling ... ok

test result: ok. 2 passed; 0 failed; 0 ignored; 0 measured; 0 filtered out; finished in 0.00s

   Compiling console-ontology-rest v0.0.0 (/private/tmp/console-client-release-20260919/backend/crates/ontology/rest)
   Compiling console-app v0.1.0 (/private/tmp/console-client-release-20260919/backend/app)
warning: linker stderr: ld: __eh_frame section too large (max 16MB) to encode dwarf unwind offsets in compact unwind table, performance of exception handling might be affected
  |
  = note: `#[warn(linker_messages)]` on by default

warning: `console-app` (test "intelligence_bind") generated 1 warning
warning: `console-app` (test "well_known") generated 1 warning (1 duplicate)
warning: `console-app` (bin "console-app") generated 1 warning (1 duplicate)
    Finished `test` profile [unoptimized + debuginfo] target(s) in 5.09s
warning: the following packages contain code that will be rejected by a future version of Rust: proc-macro-error2 v2.0.1
note: to see what the problems were, use the option `--future-incompat-report`, or run `cargo report future-incompatibilities --id 2`
     Running tests/config.rs (backend/target/debug/deps/config-76a0773894f8323d)

running 12 tests
test storefront_org_id_drives_public_support_intake_org ... ok
test mox_settings_are_resolved_from_app_config_pairs ... ok
test solapi_credentials_without_approved_template_disable_alimtalk_instead_of_crashing ... ok
test invalid_storefront_org_id_is_rejected ... ok
test invalid_email_stub_mode_is_rejected ... ok
test solapi_credentials_with_approved_template_enable_alimtalk ... ok
test partial_smtp_config_in_production_like_env_is_rejected ... ok
test no_email_config_without_stub_mode_selects_disabled_sender ... ok
test no_email_config_in_explicit_dev_mode_selects_stub_sender ... ok
test partial_smtp_config_in_explicit_e2e_mode_selects_stub_sender ... ok
test complete_smtp_config_initializes_real_sender_config ... ok
test no_email_config_in_explicit_test_mode_selects_stub_sender ... ok

test result: ok. 12 passed; 0 failed; 0 ignored; 0 measured; 0 filtered out; finished in 0.02s

     Running tests/dev_seed_notification_links.rs (backend/target/debug/deps/dev_seed_notification_links-5f8c659466f0b30f)

running 1 test
test every_seeded_notification_link_deserializes ... ok

test result: ok. 1 passed; 0 failed; 0 ignored; 0 measured; 0 filtered out; finished in 0.00s

     Running tests/intelligence_bind.rs (backend/target/debug/deps/intelligence_bind-8834503426b90a1b)

running 3 tests
test get_internal_intelligence_bind_succeeds_on_loopback_listen_addr ... ok
test get_internal_intelligence_bind_is_absent_when_listen_addr_is_unset ... ok
test get_internal_intelligence_bind_is_absent_when_listen_addr_is_non_loopback ... ok

test result: ok. 3 passed; 0 failed; 0 ignored; 0 measured; 0 filtered out; finished in 0.02s

     Running tests/openslo_files.rs (backend/target/debug/deps/openslo_files-f780f370490c6353)

running 1 test
test openslo_v1_files_have_required_slo_shape ... ok

test result: ok. 1 passed; 0 failed; 0 ignored; 0 measured; 0 filtered out; finished in 0.00s

     Running tests/well_known.rs (backend/target/debug/deps/well_known-b6d416aeaea8a57c)

running 3 tests
test assetlinks_serves_configured_android_package ... ok
test aasa_serves_configured_ios_app_ids ... ok
test well_known_endpoints_serve_empty_but_valid_documents_when_unconfigured ... ok

test result: ok. 3 passed; 0 failed; 0 ignored; 0 measured; 0 filtered out; finished in 0.03s

     Running tests/workbench_api.rs (backend/target/debug/deps/workbench_api-cf137faf516c14e5)

running 12 tests
test workbench::tests::explicit_branch_must_intersect_effective_scope ... ok
test workbench::tests::rejects_unknown_one_sided_malformed_and_overlong_queries ... ok
test workbench::tests::defaults_to_the_kst_calendar_day ... ok
test workbench::tests::one_request_instant_drives_both_kst_default_range_and_as_of_at_rollover ... ok
test action_without_due_time_omits_due_at_instead_of_serializing_null ... ok
test sorts_truncates_and_propagates_one_identical_context_to_every_source ... ok
test all_unavailable_fails_closed_instead_of_fabricating_a_partial_payload ... ok
test explicit_branch_requires_every_native_source_scope_not_ordinary_partial_denial ... ok
test workbench::tests::workbench_errors_match_the_standard_error_body_contract ... ok
test partial_denied_or_unavailable_never_returns_stale_items_or_raw_errors ... ok
test excludes_source_rows_from_a_snapshot_newer_than_the_request_ceiling ... ok
test hung_source_times_out_while_other_envelopes_remain_authoritative ... ok

test result: ok. 12 passed; 0 failed; 0 ignored; 0 measured; 0 filtered out; finished in 0.75s

    Finished `test` profile [unoptimized + debuginfo] target(s) in 0.12s
     Running tests/gate_detects_violation.rs (backend/target/debug/deps/gate_detects_violation-e0912fbe9d9b1cb8)

running 55 tests
test an_unparseable_file_is_scanned_rather_than_skipped ... ok
test a_permitted_crate_that_writes_nothing_is_stale ... ok
test a_commented_closing_brace_does_not_swallow_the_file ... ok
test a_test_support_name_alone_buys_no_exemption ... ok
test a_cfg_test_attribute_and_its_item_on_one_line_consume_only_that_item ... ok
test an_unresolved_write_naming_the_shared_store_is_still_charged ... ok
test a_command_line_flag_after_a_verb_word_is_not_a_write ... ok
test cfg_test_modules_inside_src_are_excluded ... ok
test comments_are_not_writers ... ok
test a_gate_name_outside_ci_gates_buys_no_exemption ... ok
test dev_dependency_only_crates_are_excluded ... ok
test escaped_newline_line_comment_still_charges_the_write ... ok
test a_verbatim_item_is_read_rather_than_skipped ... ok
test an_unreadable_target_is_charged_to_a_table_the_file_names_as_an_identifier ... ok
test a_verbatim_foreign_item_is_read_rather_than_skipped ... ok
test a_block_comment_body_may_hold_a_quote_and_a_semicolon ... ok
test gate_detects_creatively_spelled_second_writer ... ok
test gate_detects_an_unpermitted_writer_of_the_shared_receipt_store ... ok
test gate_roster_covers_every_object_key ... ok
test gate_passes_when_only_the_owner_writes ... ok
test gate_detects_second_writer_of_an_owned_table ... ok
test a_hash_in_a_macro_token_stream_does_not_hide_the_next_group ... ok
test known_residual_a_line_comment_that_runs_off_the_end_of_its_literal ... ok
test integration_tests_and_migrations_are_excluded_from_the_static_gate ... ok
test every_permitted_crate_may_write_the_shared_receipt_store ... ok
test orgchange_no_longer_compiles_the_employment_seam ... ok
test production_code_after_a_cfg_test_module_is_still_scanned ... ok
test a_comment_where_the_statement_expects_a_separator_or_a_table_is_charged ... ok
test ratchet_entries_are_well_formed ... ok
test quoted_sql_data_is_not_a_write_target ... ok
test selecting_from_the_shared_receipt_store_is_not_a_write ... ok
test every_verbatim_arm_syn_emits_is_read_rather_than_skipped ... ok
test the_permitted_set_is_derived_from_the_receipt_owner_roster ... ok
test the_shared_roster_is_disjoint_from_the_owned_registry ... ok
test topology_script_names_the_roles_that_lose_dml ... ok
test topology_script_table_roster_matches_the_registry ... ok
test a_write_whose_target_position_holds_a_placeholder_or_a_literal_boundary_is_charged_as_unresolved ... ok
test every_literal_kind_that_can_carry_a_statement_is_read ... ok
test stale_ratchet_entries_fail_the_gate ... ok
test unresolved_fallback_does_not_fire_on_reads ... ok
test cfg_predicates_that_do_not_gate_on_test_are_production ... ok
test ordinary_rust_that_puts_a_block_comment_marker_near_a_verb_is_not_charged ... ok
test workspace_inherited_package_rename_does_not_skip_a_shipped_writer ... ok
test known_residual_a_dash_inside_quoted_sql_data_hides_a_later_statement ... ok
test a_cfg_test_item_is_consumed_by_its_own_shape ... ok
test known_residual_a_write_that_misses_either_charging_condition_is_not_charged ... ok
test a_verb_ending_a_token_stream_does_not_take_the_next_node_as_its_target ... ok
test only_a_doc_attribute_is_dropped_at_item_level ... ok
test an_item_is_skipped_only_when_its_cfg_cannot_hold_without_test ... ok
test the_doc_attribute_rule_is_the_same_in_both_positions ... ok
test gate_detects_every_measured_evasion ... ok
test console_workflow_no_longer_writes_the_pay_run_tables ... ok
test employment_is_owned_by_the_canonical_adapter ... ok
test console_app_no_longer_writes_the_employment_tables ... ok
test measured_tip_has_exactly_the_ratcheted_dual_writers ... ok

test result: ok. 55 passed; 0 failed; 0 ignored; 0 measured; 0 filtered out; finished in 1.92s

domain-unit: 1 invocation(s) failed

── [fast] Platform contract drift gate  (cwd: .)
npm notice run check:platform-contract-drift
npm notice run node --test scripts/check-platform-contract-drift.test.mjs && node scripts/check-platform-contract-drift.mjs
▶ module-scope path constant resolution
  ✔ fails closed when an imported PATH would bind an unrelated same-named declaration (4.436417ms)
  ✔ does not report an unrelated same-named path as served under OpenAPI agreement (0.809125ms)
  ✔ still resolves a path constant declared in the same module (0.633ms)
✔ module-scope path constant resolution (6.296333ms)
▶ fail-closed inputs
  ✔ rejects an unreadable OpenAPI document (0.58475ms)
  ✔ rejects zero /api/ backend operations (0.518875ms)
✔ fail-closed inputs (1.267542ms)
▶ real tree
  ✔ keeps the committed backend inventory sensible (226.019334ms)
✔ real tree (226.120667ms)
ℹ tests 6
ℹ suites 3
ℹ pass 6
ℹ fail 0
ℹ cancelled 0
ℹ skipped 0
ℹ todo 0
ℹ duration_ms 268.065375
OpenAPI route drift gate passed (607 backend /api/ operations across 55 route sources).

── [fast] Employee import replay contract  (cwd: .)
npm notice run test:employee-import-contract
npm notice run node --test scripts/check-employee-import-replay-contract.test.mjs
✔ employee import replay accounting is required in the OpenAPI wire contract (1.536834ms)
✔ hosted CI runs the employee import replay contract (0.3145ms)
ℹ tests 2
ℹ suites 0
ℹ pass 2
ℹ fail 0
ℹ cancelled 0
ℹ skipped 0
ℹ todo 0
ℹ duration_ms 36.263

── [fast] Ontology write precondition contract  (cwd: .)
npm notice run test:ontology-write-precondition
npm notice run node --test scripts/check-ontology-write-precondition.test.mjs
✔ ontology stage declares strong required If-Match and exact precondition statuses (0.485666ms)
✔ ontology lifecycle transition declares the same write precondition contract (0.137375ms)
✔ object type wire contract carries key revision (0.317541ms)
✔ hosted CI runs the ontology write precondition contract (0.616166ms)
ℹ tests 4
ℹ suites 0
ℹ pass 4
ℹ fail 0
ℹ cancelled 0
ℹ skipped 0
ℹ todo 0
ℹ duration_ms 36.391792

Not mirrored locally (21):
  • Install workspace dependencies -- `npm ci` deletes node_modules; `Canonical npm lockfile` below covers lockfile drift
  • Classify path class -- Actions-only PATH_CLASS_* event SHAs; `CI preflight contract` covers classification; local mirror always exercises the heavy path
  • Release metadata semantic gate -- requires the exact hosted event base/head commits after release-only classification; run manually with `node scripts/check-release-metadata.mjs --base <base-sha> --head <release-tip-sha>`
  • Install pinned DotSlash runtime -- runner bootstrap; a local checkout already has the tools/buck2 shim
  • Collect failures -- reads the hosted steps context (toJSON(steps)); no local equivalent
  • Path-class skip proof -- skip proofs run only for thin path classes on hosted CI; local mirror always exercises the heavy path
  • Install pinned DotSlash runtime -- runner bootstrap; a local checkout already has the tools/buck2 shim
  • Collect failures -- reads the hosted steps context (toJSON(steps)); no local equivalent
  • Path-class skip proof -- skip proofs run only for thin path classes on hosted CI; local mirror always exercises the heavy path
  • Install pinned DotSlash runtime -- runner bootstrap; a local checkout already has the tools/buck2 shim
  • Collect failures -- reads the hosted steps context (toJSON(steps)); no local equivalent
  • Install workspace dependencies -- `npm ci` deletes node_modules; `Canonical npm lockfile` below covers lockfile drift
  • Path-class skip proof -- skip proofs run only for thin path classes on hosted CI; local mirror always exercises the heavy path
  • Install kubectl (for kustomize renderer) -- downloads a pinned kubectl; local checkouts use the one already on PATH
  • Install kustomize (NetworkPolicy static render proof) -- downloads a pinned kustomize; local checkouts use the one already on PATH, and the script falls back to `kubectl kustomize`
  • Install production-hardening test dependencies -- hosted dependency bootstrap; `npm ci --ignore-scripts` would replace an already-installed local node_modules tree
  • Path-class skip proof -- skip proofs run only for thin path classes on hosted CI; local mirror always exercises the heavy path
  • Path-class skip proof -- skip proofs run only for thin path classes on hosted CI; local mirror always exercises the heavy path
  • Install Node tooling -- `npm ci` deletes node_modules; `Canonical npm lockfile` covers lockfile drift
  • Path-class skip proof -- skip proofs run only for thin path classes on hosted CI; local mirror always exercises the heavy path
  • Install pinned DotSlash runtime -- runner bootstrap; a local checkout already has the tools/buck2 shim

FAILED (12):
  ✗ Release metadata documentation manifest gate
  ✗ Release metadata documentation local-link gate
  ✗ Cheap Buck2 generated-face admission
  ✗ CI preflight contract tests
  ✗ CI preflight contract
  ✗ Layer-boundary gate
  ✗ Buck2 CI-gate mutation suites — every gate proven to still reject
  ✗ Buck2 platform-authz unit suite
  ✗ Buck2 console-app unit suite
  ✗ Buck2 console-app OpenAPI drift suite
  ✗ ADR governance gate
  ✗ Domain crate unit tests
