npm notice run verify
npm notice run node scripts/verify.mjs fast

── [fast] Release metadata semantic regression  (cwd: .)
✔ accepts canonical monotonic release metadata and numeric component ordering (1.177917ms)
✔ rejects equal or decreasing release versions (0.252917ms)
✔ rejects malformed, ambiguous, or noncanonical manifest bytes (0.175916ms)
✔ rejects noncanonical stable SemVer spellings (0.137042ms)
✔ requires the leading changelog release to agree with the head manifest (0.1455ms)
✔ CLI arguments require one exact base and head SHA (0.159ms)
✔ range verification reads exact commit blobs rather than mutable worktree files (126.133208ms)
✔ range verification rejects non-regular release metadata (101.504875ms)
ℹ tests 8
ℹ suites 0
ℹ pass 8
ℹ fail 0
ℹ cancelled 0
ℹ skipped 0
ℹ todo 0
ℹ duration_ms 275.098625

── [fast] Release metadata documentation link tests  (cwd: .)
✔ accepts local links and ignores external/anchor links (41.574542ms)
✔ fails with file and line for missing local target (39.386375ms)
✔ ignores fenced code (34.974417ms)
✔ ignores link-shaped examples inside inline code (33.268083ms)
✔ still checks links beside inline code (37.381125ms)
✔ ignores Buck output trees, including dangling artifact symlinks (35.809292ms)
✔ rejects missing extensionless and reference-style targets (36.016958ms)
✔ accepts one tracked entry record plus three current authorities (160.646334ms)
✔ rejects unknown root completeness and document-manifest fields (324.060583ms)
✔ rejects unknown entry, authority, and transition record fields (486.936167ms)
✔ rejects a fourth README current authority (167.423459ms)
✔ rejects a prose declaration of a fourth README current authority (170.037916ms)
✔ rejects reordered README current authorities (157.161833ms)
✔ reads index and Markdown from the exact Git index tree, not unstaged worktree bytes (260.302209ms)
✔ rejects a Git worktree with no documentation index (72.443333ms)
✔ rejects an untracked or ignored documentation index (187.780917ms)
✔ cannot be redirected to an attacker-selected Git index (156.163041ms)
✔ rejects a tracked entry or authority symlink to uncustodied bytes (310.659792ms)
✔ rejects an extensionless link whose tracked target is a symlink (169.168209ms)
✔ rejects a missing current authority path (158.248625ms)
✔ rejects duplicate concerns and admitted paths (329.708125ms)
✔ rejects authority outside the allowed three concern/path pairs (165.417ms)
✔ rejects invalid redirect and frozen replacements (320.652125ms)
✔ rejects untracked and ignored path admission (328.262625ms)
✔ rejects every premature complete-coverage claim (172.330916ms)
✔ large Git index: generator preserves complete custody beyond 1 MiB (379.591042ms)
✔ large Git index: checker preserves complete custody beyond 1 MiB (369.203541ms)
✔ accepts a green schema-v2 exact first-party manifest fixture (161.85025ms)
✔ duplicated first-party universe and class constants cannot drift (0.894ms)
✔ all seven authority-slice records require exact document projections (1122.370167ms)
✔ P1 rejects a newly staged unclassified Markdown blob by path (130.2285ms)
✔ P2 rejects staged Markdown blob drift until regeneration (139.420917ms)
✔ P3 rejects a missing full-manifest document record by path (159.85625ms)
✔ P4 keeps complete coverage fail-closed (164.546167ms)
✔ P5 rejects non-null archive tags that are not exact pinned objects (159.687958ms)
✔ P6 root field allowlist drift still rejects documents (165.283333ms)
✔ P7 write preserves a missing semantic class and check remains red (182.657416ms)
✔ custom manifest diagnostics preserve the exact custom scope command (135.192959ms)
✔ A1 archive validation keeps an all-null manifest offline (83.67675ms)
✔ A2 validates an exact freshly fetched signed annotated archive tag (398.071ms)
✔ A3 rejects an archive tag signed by an untrusted SSH key (343.732ms)
✔ A4 rejects an unsigned annotated archive tag (302.545ms)
✔ A5 rejects a lightweight archive tag (294.808583ms)
✔ A6 rejects a remote archive ref moved away from its pinned tag object (343.206958ms)
✔ A7 rejects a pinned archive ref absent from the fresh remote (221.667542ms)
✔ A8 rejects an annotated archive tag that targets a tree instead of a commit (306.624958ms)
✔ A9 rejects an archive commit missing the exact manifest path (350.65175ms)
✔ A10 rejects an archive commit whose document bytes differ (345.592708ms)
✔ A11 rejects an archive commit whose document mode is executable (346.893708ms)
✔ A12 rejects two document records claiming one annotated tag object (247.436333ms)
✔ A13 rejects malformed pins, derived-ref drift, OID drift, and internal tag-name drift (672.254042ms)
✔ A14 rejects a signed tag whose message is not canonical archive metadata (321.121209ms)
✔ A15 treats hostile paths as literals and never executes archived document bytes (389.651167ms)
✔ A16 rejects indexed trust drift, replacement objects, and stale local archive refs (768.988ms)
✔ A17 rejects an archive-tree symlink while the live manifest path remains 100644 (354.981458ms)
✔ A18 rejects an archive-tree gitlink while the live manifest path remains 100644 (369.558917ms)
ℹ tests 56
ℹ suites 0
ℹ pass 56
ℹ fail 0
ℹ cancelled 0
ℹ skipped 0
ℹ todo 0
ℹ duration_ms 14138.606375

── [fast] Release metadata documentation manifest gate  (cwd: .)
npm notice run check:doc-manifest
npm notice run node scripts/console/generate-documentation-manifest.mjs --check
documentation manifest OK (458 markdown files)

── [fast] Release metadata documentation local-link gate  (cwd: .)
npm notice run check:doc-links
npm notice run node scripts/check-doc-links.mjs
doc links OK (458 markdown files)

── [fast] Cheap Buck2 generated-face admission  (cwd: .)
buck-preflight: pinned release 2026-07-15
buck2 2026-07-14-1560aca2002865cd73d7cafb22c705cfb640b2bc
[2026-09-15T14:09:56.140-04:00] Build ID: 6fffd1c6-59ea-4a8f-b75a-7ea1786030e0
[2026-09-15T14:09:56.143-04:00] File changed (since mergebase): root//docs/specs/foundation-gates.md
[2026-09-15T14:09:56.143-04:00] File changed (since mergebase): root//docs/specs/review-fix-merge-governance.md
[2026-09-15T14:09:56.143-04:00] File changed (since mergebase): root//docs/CI-GATES.md
[2026-09-15T14:09:56.143-04:00] 767 additional file change events (since mergebase)
[2026-09-15T14:09:56.143-04:00] File Watcher fresh instance: cleared graph state
prelude: /private/tmp/console-production-tdd-preparation-20260913/prelude
root: /private/tmp/console-production-tdd-preparation-20260913
toolchains: /private/tmp/console-production-tdd-preparation-20260913/toolchains
none: /private/tmp/console-production-tdd-preparation-20260913/none
[2026-09-15T14:09:56.160-04:00] Build ID: c4903a35-a0b6-45a7-939c-ec821ba770a5
buck-preflight: enumerated 384 Rust test target(s)
generated-face-registry: PASS
snapshot-node-deps: linked verified dependencies at /private/tmp/console-production-tdd-preparation-20260913/buck-out/buck-preflight-snapshots/snapshot-5intrxcf/node_modules
generated 174 first-party BUCK files
generated-face-gate: tier=cheap selected=1 deferred=1
generated-face-gate: reindeer-third-party-rust (expensive) DEFERRED (run --tier all before merge)
generated-face-gate: first-party-buck (cheap) PASS
buck-preflight: cheap PASS

── [fast] Foundation gate contract  (cwd: .)
npm notice run check:foundation-gates
npm notice run node scripts/check-foundation-gates.mjs
Foundation gate check passed (147 checks).
- G001 backlog ledger: present
- G001 lane ownership matrix
- G001 generated-client rules
- G001 evidence/signoff columns
- G002 foundation-gates contract: present
- foundation gate readiness marker
- current G002 goal id recorded
- downstream domain-lane block
- workflow/action lifecycle gate recorded
- ontology/import/export gate recorded
- UI no-text-wall gate recorded
- foundation gate has no stale G011 plan reference
- foundation gate has no stale G012 plan reference
- foundation gate has no stale G013 plan reference
- foundation gate has no stale G014 plan reference
- foundation gate has no stale G015 plan reference
- foundation gate has no stale G016 plan reference
- foundation gate has no stale G017 plan reference
- foundation gate has no stale G018 plan reference
- foundation gate has no stale G019 plan reference
- foundation gate has no stale G020 plan reference
- foundation gate has no stale G021 plan reference
- foundation gate has no stale G022 plan reference
- foundation gate has no stale G023 plan reference
- foundation gate has no stale G024 plan reference
- foundation gate has no stale G025 plan reference
- foundation gate has no stale G026 plan reference
- foundation gate has no stale G027 plan reference
- foundation gate has no stale G028 plan reference
- foundation gate has no stale G029 plan reference
- foundation gate has no stale G030 plan reference
- foundation gate has no stale W1A-W1H plan reference
- backend layer-boundary gate: present
- backend audit-coverage gate: present
- backend migration-safety gate: present
- backend tenant-isolation gate: present
- backend pii-no-logs gate: present
- backend rls-arming gate: present
- backend audit-coverage gate (CI-run): present
- backend dev-auth-absence gate (CI-run): present
- backend fabricated-branch gate (CI-run): present
- backend iac-tier gate (CI-run): present
- backend layer-boundary gate (CI-run): present
- backend migration-safety gate (CI-run): present
- backend personal-data-classification gate (CI-run): present
- backend pii-no-logs gate (CI-run): present
- backend rls-arming gate (CI-run): present
- backend tenant-isolation gate (CI-run): present
- backend writer-ownership gate (CI-run): present
- object action passkey step-up contract
- approval feed authz/RLS contract
- initial-login agreement acceptance contract
- account lifecycle passkey step-up contract
- policy audit evidence contract
- package script check:foundation-gates
- package script test:text-gate
- CI runs foundation gate contract
- CI runs shared text-gate tests
- CI required-context triggers: push and pull_request are unfiltered
- package.json: scripts omit retired check:openapi-app
- root CI package scripts: all CI-run package scripts exist in package.json
- live CI gate documentation package scripts: all CI-run package scripts exist in package.json
- docs/CI-GATES.md backend console-gate binaries run by CI inventory matches .github/workflows/ci.yml
- docs/CI-GATES.md root package scripts run by CI inventory matches .github/workflows/ci.yml + package.json
- live CI gate docs exclude retired generated-client round-trip
- live CI gate docs exclude retired app-served OpenAPI gate
- live CI gate docs exclude retired contract database handoff
- CI gate: cargo fmt --all -- --check
- CI gate: cargo clippy --all-targets -- -D warnings
- CI gate: SQLX_OFFLINE=true cargo test
- CI gate: cargo run -p console-gate-audit-coverage
- CI gate: cargo run -p console-gate-pii-no-logs
- CI gate: cargo run -p console-gate-rls-arming
- CI gate: npm run check:platform-contract-drift
- security workflow: trivy fs --scanners vuln,secret
- security workflow: node --test scripts/generate-trivy-dev-codegen-exceptions.test.mjs
- security workflow: node scripts/generate-trivy-dev-codegen-exceptions.mjs --check
- security workflow: --ignorefile security/trivy-dev-codegen-exceptions.yaml
- security workflow: trivy config --severity HIGH,CRITICAL --exit-code 1
- security workflow: cargo-security-tools/bin/cargo-audit
- security workflow: cargo-security-tools/bin/cargo-deny
- security workflow: node --test scripts/check-workflow-hardening.test.mjs
- security workflow: node --test scripts/check-node-audit-exceptions.test.mjs
- security workflow: npm audit --omit=dev --audit-level=high --json
- security workflow: check-node-audit-exceptions.mjs --mode production
- security workflow: npm audit --audit-level=high --json
- security workflow: check-node-audit-exceptions.mjs --mode dev-codegen
- security workflow hardening: 5 required contexts have exact ordered proofs
- Node audit exception registry: present
- Trivy dev/codegen exception registry: present
- Node audit exception gate: present
- Node audit exception gate regressions: present
- Trivy exception projection gate: present
- Trivy exception projection regressions: present
- Node audit exception regression script
- Trivy exception projection script
- Trivy exception projection regression script
- image release gate: workflow_run:
- image release gate: Classify exact immutable source release
- image release gate: eligible: ${{ steps.admit.outputs.eligible }}
- image release gate: needs.ci-admission.outputs.eligible == 'true'
- image release gate: type=semver,pattern={{version}},value=${{ needs.ci-admission.outputs.release_tag }}
- image release gate: type=raw,value=sha-${{ needs.ci-admission.outputs.release_sha }}
- image release gate: org.opencontainers.image.version=${{ needs.ci-admission.outputs.release_version }}
- image release gate: org.opencontainers.image.revision=${{ needs.ci-admission.outputs.release_sha }}
- image release gate: .immutable == true
- image release gate: readonly SECURITY_WORKFLOW_ID="296023731"
- image release gate: Required / Security
- image release gate: Install checksum-pinned Trivy without candidate checkout
- image release gate: Trivy scan both arches (fail on HIGH/CRITICAL)
- image release gate: target: linux/amd64
- image release gate: target: linux/arm64
- image release gate: docker buildx imagetools create
- image release gate: cosign sign --yes
- image release gate: attest-build-provenance
- image release gate: Promote signed digests to production overlay
- image release admission regressions: present
- image release regressions execute in production-hardening suite
- release-please branch transport token documented
- Rust toolchain pinned to 1.98.1
- enterprise UX benchmark matrix
- ontology/operations benchmark matrix
- fan-out epoch contract recorded
- Buck2 scale playbook recorded
- Buck2-only fan-out authority
- exact-SHA fan-out evidence
- bounded fan-out evidence
- multi-cell ownership evidence
- candidate CI evidence
- release matrix evidence
- docs/specs/foundation-gates.md excludes retired NousResearch Hermes authority
- docs/specs/foundation-gates.md excludes retired Hermes Kanban/profile authority
- docs/specs/foundation-gates.md excludes retired OMX authority
- docs/specs/foundation-gates.md excludes retired OMC authority
- docs/specs/foundation-gates.md excludes retired GJC authority
- docs/specs/foundation-gates.md excludes retired developer-home role authority
- docs/specs/foundation-gates.md excludes retired developer-home role authority
- docs/specs/foundation-gates.md permits only exact React Native Hermes JS engine technical lines
- docs/specs/review-fix-merge-governance.md excludes retired NousResearch Hermes authority
- docs/specs/review-fix-merge-governance.md excludes retired Hermes Kanban/profile authority
- docs/specs/review-fix-merge-governance.md excludes retired OMX authority
- docs/specs/review-fix-merge-governance.md excludes retired OMC authority
- docs/specs/review-fix-merge-governance.md excludes retired GJC authority
- docs/specs/review-fix-merge-governance.md excludes retired developer-home role authority
- docs/specs/review-fix-merge-governance.md excludes retired developer-home role authority
- docs/specs/review-fix-merge-governance.md permits only exact React Native Hermes JS engine technical lines
- repository-owned concurrent execution authority recorded in foundation contract

── [fast] Reasoning lens manifest regression  (cwd: .)
✔ the checked-in repository satisfies the invariant (0.958958ms)
✔ a rename in the source alone is caught (0.179875ms)
✔ an appended lens in a projection is caught (0.115917ms)
✔ a duplicated marked block is caught (0.099083ms)
✔ an unparseable canonical entry fails closed rather than being skipped (0.0715ms)
✔ a blank canonical identifier fails closed (0.235916ms)
✔ a duplicated canonical identifier fails closed (0.082958ms)
✔ a parenthesized ordered-list entry fails closed (0.087417ms)
✔ renumbering the canonical list fails closed (0.821583ms)
✔ a projection missing its markers is caught, not skipped (0.120209ms)
✔ both projections are checked, so drift in either is caught (0.098292ms)
✔ markedBlock and expectedProjection agree on the live files (0.049375ms)
ℹ tests 12
ℹ suites 0
ℹ pass 12
ℹ fail 0
ℹ cancelled 0
ℹ skipped 0
ℹ todo 0
ℹ duration_ms 45.952042

── [fast] Reasoning lens manifest drift  (cwd: .)
reasoning lens manifest OK (16 lenses, 2 projections)

── [fast] CI preflight contract tests  (cwd: .)
▶ CI preflight contract
  ✔ ignores an inherited alternate Git index (139.000083ms)
  ✔ isolates fixture Git from hostile external repository controls (108.882042ms)
  ✔ classifies docs-only narrowly and keeps unmapped or product paths heavy (0.456625ms)
  ✔ path-gates live Postgres like oyatie pg-gate (5.97325ms)
  ✔ resolves a merge group's diff range, and fails closed without its SHAs (0.230667ms)
  ✔ classifies only the complete release metadata shape as thin (0.161334ms)
  ✔ empty successful changed-path list keeps runHeavy / non-docs-only (0.043417ms)
  ✔ lists rename sources so product→docs rename is not docs-only (90.944542ms)
  ✔ lists deletions so docs edit + product delete is mixed / runHeavy (93.215875ms)
  ✔ preserves exact Git pathname bytes so whitespace cannot alias a release path (84.750542ms)
  ✔ fails closed on malformed or non-UTF-8 NUL-delimited Git path output (0.17375ms)
  ✔ invokes Git with an exact NUL-delimited no-helper path inventory (0.08725ms)
  ✔ accepts the workflow's cheap preflight and protected expensive jobs (78.263375ms)
  ✔ locks Required / CI to the oyatie-style presubmit proofs (264.473625ms)
  ✔ keeps PostgreSQL reachability non-evaluated when preflight fails (60.250125ms)
  ✔ rejects every run-step condition, soft-failure, and retained-text early-exit bypass (8636.638959ms)
  ✔ rejects every setup-action condition and soft-failure bypass (1550.771792ms)
  ✔ locks every setup action's identity, inputs, totality, and interleaving (5162.336125ms)
  ✔ locks the candidate-controlled local free-runner-disk action body (48.27775ms)
  ✔ locks every required job's complete execution envelope (459.935875ms)
  ✔ locks the top-level trigger, permission, concurrency, and job-id envelope (85.950584ms)
  ✔ forbids push and pull-request path filters so every required context is created (81.33275ms)
  ✔ locks both reasoning-lens steps to one occurrence each, gated on npm ci (80.002875ms)
  ✔ rejects Buck2 jobs that do not bootstrap pinned DotSlash before invocation (19.887292ms)
  ✔ resolves the backend DotSlash bootstrap from its effective working directory (19.988791ms)
  ✔ requires backend test runners to run from the repository root (81.049667ms)
  ✔ rejects CONSOLE_APP_BIN anywhere in the text-only API contract job (80.797292ms)
  ✔ rejects every GITHUB_ENV handoff surface in the API contract job (59.446458ms)
  ✔ rejects any build or executable surface added to the text-only API contract job (160.588ms)
  ✔ rejects a duplicated platform contract drift gate (20.585833ms)
  ✔ accepts the text-only API contract surface (20.020084ms)
  ✔ rejects services and job-level environment on the text-only API contract (39.927916ms)
  ✔ requires backend DotSlash bootstrap before any Buck or DotSlash invocation (40.20075ms)
  ✔ rejects a generated-face authority job without the complete closure (20.025583ms)
  ✔ requires the lock-sourced Reindeer toolchain before the full generated-face closure (117.446542ms)
  ✔ requires the pinned Rust toolchain before Cargo-dependent preflight tests (19.428417ms)
  ✔ requires a full-history checkout for fail-closed path classification (20.568833ms)
  ✔ keeps authority regressions without live C/T/M admission in general CI (121.063ms)
  ✔ runs release metadata semantics, custody, and links on the exact thin boundary (141.652791ms)
  ✔ rejects omission and comment-only reachability regressions (119.994458ms)
  ✔ rejects conditional and continue-on-error reachability regressions (120.013625ms)
  ✔ rejects a preflight that does not run npm and Cargo lock consistency gates (40.972542ms)
  ✔ rejects a dependency missing from Cargo.lock while the clean lock passes (148.065125ms)
  ✔ rejects a preflight command that appears only in a comment (20.179208ms)
  ✔ rejects a required preflight step guarded by a condition (19.18925ms)
  ✔ rejects a required preflight step allowed to continue on error (20.146458ms)
  ✔ rejects any expensive job without the preflight dependency (97.174125ms)
  ✔ rejects failure-insensitive job-level conditions on protected jobs (211.517625ms)
  ✔ rejects job-level preflight failure bypasses (77.098209ms)
  ✔ rejects workflow-level environment and shell overrides (40.150667ms)
  ✔ locks exact job-level environment and defaults metadata (97.322625ms)
  ✔ rejects step environment injection across every protected proof class (173.044875ms)
  ✔ locks post-preflight test reachability targets and disallows added run surfaces (3524.521334ms)
  ✔ keeps both payroll release-gate halves reachable from domain-unit (153.0745ms)
  ✔ rejects non-executing or non-gating domain-unit command surfaces (190.115084ms)
  ✔ derives the ordered domain-unit integration inventory and checks its baseline (204.54075ms)
  ✔ preserves fail-fast backend ordering (39.810625ms)
  ✔ locks the company-conformance proof and its execution semantics (101.014667ms)
  ✔ locks the Kubernetes production-hardening proof (80.35225ms)
  ✔ fails closed when optimized gates or targets are commented, weakened, or duplicated (101.168666ms)
  ✔ keeps protected backend steps fail-slow and runs PR 473 contract tests before topology (61.418792ms)
  ✔ locks the documentation manifest gate and its doc-test to doc-link position (216.398ms)
  ✔ locks the undeclared-imports gate step in repo-gates (21.527166ms)
  ✔ locks the request-body-contract gate step in repo-gates (40.245708ms)
  ✔ locks the console-app OpenAPI drift suite step in backend (58.949459ms)
  ✔ locks app PostgreSQL source features and bootstrap identity in independent steps (158.845167ms)
✔ CI preflight contract (24154.121792ms)
ℹ tests 66
ℹ suites 1
ℹ pass 66
ℹ fail 0
ℹ cancelled 0
ℹ skipped 0
ℹ todo 0
ℹ duration_ms 24216.365375

── [fast] Buck impact planner regression  (cwd: .)
test_archive_rejects_symbolic_and_hard_link_entries (tools.buck.impact.test_plan.ImpactPlannerTests.test_archive_rejects_symbolic_and_hard_link_entries) ... ok
test_changed_cell_mapping_is_incompatible (tools.buck.impact.test_plan.ImpactPlannerTests.test_changed_cell_mapping_is_incompatible) ... ok
test_configuration_change_is_never_a_selective_plan (tools.buck.impact.test_plan.ImpactPlannerTests.test_configuration_change_is_never_a_selective_plan) ... ok
test_declared_cell_buck_file_change_is_configuration_incompatible (tools.buck.impact.test_plan.ImpactPlannerTests.test_declared_cell_buck_file_change_is_configuration_incompatible) ... ok
test_distinct_worktree_paths_with_identical_cell_maps_are_compatible (tools.buck.impact.test_plan.ImpactPlannerTests.test_distinct_worktree_paths_with_identical_cell_maps_are_compatible) ... ok
test_failed_probe_emits_typed_failure_manifest_with_cleanup_receipt (tools.buck.impact.test_plan.ImpactPlannerTests.test_failed_probe_emits_typed_failure_manifest_with_cleanup_receipt) ... ok
test_identical_revisions_need_no_targets (tools.buck.impact.test_plan.ImpactPlannerTests.test_identical_revisions_need_no_targets) ... ok
test_incompatible_configuration_falls_back_without_a_base_buck_probe (tools.buck.impact.test_plan.ImpactPlannerTests.test_incompatible_configuration_falls_back_without_a_base_buck_probe) ... ok
test_manifest_json_is_bounded_and_stably_serialized (tools.buck.impact.test_plan.ImpactPlannerTests.test_manifest_json_is_bounded_and_stably_serialized) ... ok
test_non_sha_revision_is_rejected_before_git_or_buck_access (tools.buck.impact.test_plan.ImpactPlannerTests.test_non_sha_revision_is_rejected_before_git_or_buck_access) ... ok
test_nonempty_diff_uses_only_a_candidate_archive_probe_without_registered_worktrees (tools.buck.impact.test_plan.ImpactPlannerTests.test_nonempty_diff_uses_only_a_candidate_archive_probe_without_registered_worktrees) ... ok
test_two_identical_sha_plans_are_byte_identical (tools.buck.impact.test_plan.ImpactPlannerTests.test_two_identical_sha_plans_are_byte_identical) ... ok
test_unknown_path_falls_back_to_sorted_full_universe (tools.buck.impact.test_plan.ImpactPlannerTests.test_unknown_path_falls_back_to_sorted_full_universe) ... ok

----------------------------------------------------------------------
Ran 13 tests in 2.402s

OK

── [fast] Console route inventory regression  (cwd: .)
✔ the tree under test holds no console route source (15.568542ms)
✔ with no route source the registry may not claim any route presentation (0.115458ms)
✔ route fact extraction fails closed on anything other than a wholly absent source (2.931917ms)
✔ extracted facts classify mounted, exposed, nav-declared and registry-bodied keys apart (0.119875ms)
✔ HEAD allows ui members and lockfile leptos; non-ui leptos is forbidden (17.152916ms)
✔ workspace member manifests surface renamed leptos without cargo metadata (0.19625ms)
✔ workspace = true reads package rename from workspace.dependencies (0.15425ms)
✔ dotted [dependencies.leptos] is classified and does not hide a later table (0.116ms)
✔ unresolved workspace = true fails closed instead of treating the key as the package (0.069166ms)
✔ HEAD workspace.dependencies remains readable without cargo (0.267833ms)
✔ HEAD cargo-free inventory flags workspace-renamed and dotted-table Leptos (58.990083ms)
✔ the workspace scan flags non-ui leptos and allows ui members plus lockfile leptos (0.312ms)
✔ the workspace scan fails closed on anything it cannot read (100.529375ms)
ℹ tests 13
ℹ suites 0
ℹ pass 13
ℹ fail 0
ℹ cancelled 0
ℹ skipped 0
ℹ todo 0
ℹ duration_ms 246.357667

── [fast] Console authority-train regression  (cwd: .)
hint: Using 'master' as the name for the initial branch. This default branch name
hint: will change to "main" in Git 3.0. To configure the initial branch name
hint: to use in all of your new repositories, which will suppress this warning,
hint: call:
hint:
hint: 	git config --global init.defaultBranch <name>
hint:
hint: Names commonly chosen instead of 'master' are 'main', 'trunk' and
hint: 'development'. The just-created branch can be renamed via this command:
hint:
hint: 	git branch -m <name>
hint:
hint: Disable this message with "git config set advice.defaultBranchName false"
hint: Using 'master' as the name for the initial branch. This default branch name
hint: will change to "main" in Git 3.0. To configure the initial branch name
hint: to use in all of your new repositories, which will suppress this warning,
hint: call:
hint:
hint: 	git config --global init.defaultBranch <name>
hint:
hint: Names commonly chosen instead of 'master' are 'main', 'trunk' and
hint: 'development'. The just-created branch can be renamed via this command:
hint:
hint: 	git branch -m <name>
hint:
hint: Disable this message with "git config set advice.defaultBranchName false"
hint: Using 'master' as the name for the initial branch. This default branch name
hint: will change to "main" in Git 3.0. To configure the initial branch name
hint: to use in all of your new repositories, which will suppress this warning,
hint: call:
hint:
hint: 	git config --global init.defaultBranch <name>
hint:
hint: Names commonly chosen instead of 'master' are 'main', 'trunk' and
hint: 'development'. The just-created branch can be renamed via this command:
hint:
hint: 	git branch -m <name>
hint:
hint: Disable this message with "git config set advice.defaultBranchName false"
✔ authority train accepts only an exact structural synthetic merge M (946.84975ms)
✔ C..T may touch one authority document, and may ADD files only under the ledger directory (3888.006333ms)
✔ all three gates read the same C..T diff, including a ledger entry that is a near-copy (523.540083ms)
ℹ tests 3
ℹ suites 0
ℹ pass 3
ℹ fail 0
ℹ cancelled 0
ℹ skipped 0
ℹ todo 0
ℹ duration_ms 5408.183375

── [fast] Console lane-receipt validator regression  (cwd: .)
npm notice run test:lane-receipt
npm notice run node --test scripts/console/validate-lane-receipt.test.mjs
✔ valid lane receipt passes (32.558084ms)
✔ valid critic receipt passes (30.087833ms)
✔ missing enforcementPlacement FAILS (30.476583ms)
✔ missing redBaseline FAILS (BUILD_SCHEMA union field) (33.234125ms)
✔ empty-string command in commandsRun FAILS (34.07675ms)
✔ whitespace-only command in commandsRun FAILS (false-green guard) (32.461208ms)
✔ status=done without commands FAILS (incumbent parity) (32.004625ms)
✔ bad headSha FAILS (32.912042ms)
✔ n/a enforcement escape accepts case-insensitive prefix (incumbent parity) (35.348959ms)
✔ enforcementPlacement without WHERE/sequence/subject and without n/a escape FAILS (32.475209ms)
✔ peripheralsUpdated empty array FAILS (32.839333ms)
✔ critic finding missing provenByExecution FAILS (32.4115ms)
✔ verdict BLOCK with empty findings FAILS (31.907125ms)
✔ APPROVE over a blocker finding FAILS (convergence tie-break) (31.487958ms)
✔ APPROVE over a proven major FAILS; unproven major passes; leased blocker passes (87.013541ms)
✔ zero-input invocation FAILS (29.261333ms)
✔ --dir scan of a directory with zero kind-bearing receipts FAILS (32.810916ms)
✔ --dir scan validates kind-bearing receipts and fails on a bad one (61.143875ms)
✔ --dir scan FAILS a present-but-unrecognised kind instead of skipping it (planted red) (31.698917ms)
✔ --dir scan of the real tracked receipts directory examines at least this lane receipt and passes (29.782292ms)
✔ cross-authority parity: BUILD_SCHEMA required fields are a subset of laneReceipt required (1.88025ms)
✔ this lane receipt validates under both the tracked and incumbent cursor validators (60.0685ms)
ℹ tests 22
ℹ suites 0
ℹ pass 22
ℹ fail 0
ℹ cancelled 0
ℹ skipped 0
ℹ todo 0
ℹ duration_ms 835.087541

── [fast] Console PR authority bootstrap regression  (cwd: .)
✔ post-push proof polling accepts only the exact new tip with bounded old-tip retries (0.98275ms)
✔ pre-push validation rejects stable metadata drift before transport work (0.5215ms)
✔ post-push proof polling times out on a persistently stale old tip (0.128ms)
✔ post-push proof polling defaults to twenty reads and 500 millisecond delays (0.529667ms)
✔ post-push proof polling fails immediately on any non-old, non-new head (0.232167ms)
✔ post-push proof polling never retries API, response, or sleep failures (0.567458ms)
✔ post-push proof polling validates all stable metadata before old/new SHA handling (1.020542ms)
✔ post-push proof polling validates all inputs before its first read (0.445166ms)
✔ binds an exact release action output to the generated core tip (0.75575ms)
✔ binds recurring native updates to the exact pinned transport-created PR (0.6775ms)
✔ rejects a raced live PR or a tip detached from the triggering main SHA (0.159167ms)
✔ rejects PR metadata, repository, action body, or bot identity drift (0.163416ms)
✔ rejects release core bytes not deterministically represented by the action output (0.316ms)
✔ rejects missing, malformed, or ambiguous release action output (0.086833ms)
✔ strips scheduling-capable push tokens from every non-transport child environment (0.059375ms)
✔ a fixed-clock custody transport commit is guaranteed to differ from the action tip (142.616708ms)
✔ keeps the push token out of argv, process errors, and non-password askpass responses (179.742416ms)
✔ protected producer validates before transport and accepts the exact post-push head before proof (0.228083ms)
✔ protected release workflow keeps the PAT transport-only and emits one native proof job (4.117292ms)
✔ protected release authority issuer executable closure is review-pinned (0.998333ms)
✔ accepts exactly one successful native proof job from the pinned protected run (0.846209ms)
✔ rejects run provenance, state, attempt, or ambiguity drift (0.397334ms)
✔ rejects forged, failed, stale-attempt, wrong-head, or duplicate proof jobs (0.13525ms)
✔ polls boundedly for delayed native proof visibility and rechecks the live PR head (0.454083ms)
✔ accepts the exact pinned transport creator and rejects mixed creator identities (0.31425ms)
✔ fails closed when the current run attempt advances after the proof jobs are read (0.143ms)
✔ filters by exact parent SHA and paginates before selecting the globally newest run (0.9565ms)
✔ a page-two newer pending or failed run overrides a page-one success (0.354458ms)
✔ fails closed when exact-parent pagination metadata is missing or changes between pages (0.286833ms)
✔ newest protected run wins so recovery supersedes an older failure (0.179084ms)
✔ a newer pending or failed protected run overrides an older success (0.171292ms)
✔ fails closed when the PR moves during polling or proof never appears (0.153625ms)
✔ GitHub proof adapter pins the API origin, authentication, and JSON success contract (0.307708ms)
✔ classifies only exact bot or pinned transport PR creator pairs (0.746042ms)
✔ accepts exact bot identity, subject, and two-file path allow-list (0.666208ms)
✔ accepts core release paths plus regenerated documentation custody pair (0.107583ms)
✔ rejects forged author, wrong committer, bad subject, and path sprawl (0.292916ms)
✔ bootstrap requirePrMeta rejects human creator/updater, fork heads, and non-release refs (0.087ms)
✔ structural M checks remain fail-closed for bot tips (0.09125ms)
✔ admits main squash that tree-binds a classifiable release-please tip; forged off-main C stays null (0.166875ms)
✔ poisoned committer is never healable even when release paths are valid (0.122625ms)
✔ derives the exact native Release Please title, body, labels, and path envelope (1.299375ms)
✔ rejects malformed UTF-8, CRLF, truncation, and ambiguous changelog insertion (0.391708ms)
✔ rejects manifest, leading changelog version, subject version, and ref drift (0.133917ms)
✔ rejects PR body overflow and any action-output metadata drift (0.732542ms)
✔ snapshots exact protected coordinates, old ref, active run, and empty PR state (1.825ms)
✔ snapshots a deleted release ref as null and admits one newly created exact ref (2.567ms)
✔ snapshot rejects prefix or ambiguous matches for the exact release ref (0.864958ms)
✔ rejects wrong repository, workflow, run, attempt, event, main, or competing active run at snapshot (0.487708ms)
✔ creates one exact PR with the pinned PAT, labels/readbacks with GITHUB_TOKEN, and never duplicates POST (0.811667ms)
✔ fallback requires exact action failure, no action output, no prior/competing PR, and an advanced ref (0.949208ms)
✔ rejects main/ref/run races before or after the sole PAT mutation (0.409916ms)
✔ rejects wrong parent, signature, bot/GitHub identity, path, mode, or type before PAT use (1.636958ms)
✔ rejects semantic version, changelog body, blob encoding, and tree truncation drift (1.194167ms)
✔ wrong PAT principal and ambiguous POST failure stop without a retry (0.570167ms)
✔ HTTP adapter pins origin, redirect policy, token header, and never retries or leaks response bodies (0.627875ms)
✔ selector accepts native PR, recurring PR, release, no-op, or exact fallback and rejects unhandled failure (0.188792ms)
✔ final adjudicator requires convergence for every PR and exact parent-bound proof outputs (0.131791ms)
✔ finalize CLI emits the exact snake_case workflow proof-output protocol for PR and no-op results (70.351375ms)
✔ recognises a single-entry merge-group ref (0.715ms)
✔ refuses any ref it cannot resolve to exactly one pull request (0.111375ms)
✔ accepts only a check that concluded success (0.583541ms)
✔ a missing or unreadable check is refused, not treated as absent-therefore-fine (0.076834ms)
✔ a re-run that produced one success and one failure is refused (0.063208ms)
▶ check-run pagination
  ✔ an incomplete read is not reported as a missing run (0.099583ms)
  ✔ a complete read that truly lacks the run still says so (0.05ms)
  ✔ a complete read containing the run passes (0.056458ms)
  ✔ an unknown total does not manufacture a short-read failure (0.110459ms)
  ✔ more runs than the reported total is not a short read (0.087792ms)
  ✔ parses the NDJSON gh --paginate emits across pages (0.63075ms)
  ✔ blank lines between pages are tolerated (0.068417ms)
  ✔ a truncated page yields null, not a partial list (0.05925ms)
✔ check-run pagination (1.666042ms)
✔ ordinary unsigned single-commit code PR passes without signature, policy, ledger, merge, or API reads (1.1875ms)
✔ ordinary multi-commit, fork, Dependabot, and unsigned authority-doc PRs have no C/T requirement (0.204667ms)
✔ ordinary admission binds the exact protected base ancestry and needs no synthetic merge (0.218333ms)
✔ real Git one- and multi-commit ordinary graphs pass without a merge or signing key (329.3325ms)
✔ malformed release claims cannot fall through to ordinary admission (0.434208ms)
✔ the pinned transport principal can author an ordinary non-release PR (0.071959ms)
✔ exact Release Please tip requires native protected-workflow proof and exact structural merge (0.317583ms)
✔ exact pinned transport-created release PR requires the same protected proof and structural merge (0.08825ms)
✔ live PR snapshot pins repository identity, state, base, head, and release routing metadata (0.199292ms)
✔ workflow emits one unconditional protected-code-only required context (3.460584ms)
✔ protected-target executable closure is bound to reviewed capabilities (0.657125ms)
✔ fetches an exact non-reachable PR head without requiring a synthetic merge ref (401.519708ms)
✔ candidate compatibility fixture executes the actual planner CLI flag contract (3715.858625ms)
ℹ tests 86
ℹ suites 0
ℹ pass 86
ℹ fail 0
ℹ cancelled 0
ℹ skipped 0
ℹ todo 0
ℹ duration_ms 4514.412875

── [fast] Executed-tests baseline set regression  (cwd: .)
npm notice run test:executed-tests-baseline
npm notice run node --test scripts/lib/executed-tests-baseline.test.mjs scripts/dev/mjs-test-reachability.test.mjs
✔ repository root follows the utility location instead of a workstation path or cwd (0.995292ms)
▶ evaluateBaseline
  ✔ passes when the measured dark set equals the named set (0.536125ms)
  ✔ is order-independent across buckets (0.078917ms)
  ✔ fails a newly dark file that is not named (0.107625ms)
  ✔ fails substitution even when the count is unchanged (0.065375ms)
  ✔ fails closed when a named binary starts executing until the baseline is updated (0.085875ms)
  ✔ rejects a count that disagrees with the named set (0.058166ms)
  ✔ rejects a baseline that names nothing, rather than falling back to a count (0.052916ms)
  ✔ ignores unrelated arrays of non-strings (0.051292ms)
  ✔ does not treat defined feature variants as accepted-dark binaries (0.082292ms)
  ✔ rejects a malformed deferred bucket rather than ignoring it (0.087667ms)
  ▶ the derived count is mandatory
    ✔ rejects a missing dark_baseline (0.778709ms)
    ✔ rejects a non-numeric dark_baseline (0.101416ms)
  ✔ the derived count is mandatory (0.98725ms)
✔ evaluateBaseline (2.808291ms)
▶ countDeclaredTestAttributes
  ✔ is explicitly cfg- and ignore-unaware static source evidence (0.286583ms)
✔ countDeclaredTestAttributes (0.357334ms)
▶ evaluateTestAttributeBaseline
  ✔ passes only an exact static-attribute baseline (0.575542ms)
  ✔ fails closed on a gain until --update locks it (0.072917ms)
  ✔ fails closed on a newly reachable source until --update locks it (0.051791ms)
✔ evaluateTestAttributeBaseline (0.755291ms)
▶ workflow executable command extraction
  ✔ admits a direct assignment-prefixed cargo test (0.800292ms)
  ✔ does not truncate a run block at an empty line (0.180125ms)
  ✔ scans every block-scalar indicator, not only run: | (0.162ms)
  ✔ extracts steps when the steps key carries a YAML comment (0.06075ms)
  ✔ preserves commands after a here-document redirection (0.071333ms)
  ✔ does not mistake echo text for an executable cargo test (0.047584ms)
  ✔ drops literal-false and continue-on-error steps (0.077583ms)
  ✔ stops at an unconditional exit before command-shaped text (0.038875ms)
  ✔ marks shell masks and disabled errexit as non-gating control flow (0.11975ms)
✔ workflow executable command extraction (1.646125ms)
ℹ tests 26
ℹ suites 5
ℹ pass 26
ℹ fail 0
ℹ cancelled 0
ℹ skipped 0
ℹ todo 0
ℹ duration_ms 55.764292

── [fast] Local CI mirror contract  (cwd: .)
✔ every mirrored CI run-step is classified (6.775667ms)
✔ hosted hardening dependency bootstrap is explicit and lifecycle-script free (0.318959ms)
✔ local verification mirrors release content proofs without deriving an authority train (0.39475ms)
✔ a new CI step that nobody classified fails the guard (2.822458ms)
✔ every CI job is declared mirrored or explicitly not mirrored (1.779625ms)
✔ Required / CI is orchestration-only while every leaf proof remains classified (1.512916ms)
✔ a whole new CI job that nobody declared fails the guard (1.60475ms)
✔ a declared job that CI no longer runs fails the guard (1.23575ms)
✔ a plan entry whose CI step disappeared fails the guard (1.286333ms)
✔ domain-unit is part of the local mirror (1.589792ms)
✔ the reasoning-lens manifest check is a fast-tier local gate (0.06825ms)
✔ PostgreSQL provisioning keeps generated credentials out of Docker argv (0.401667ms)
✔ secret-bearing temporary files are private at creation (0.924208ms)
✔ topology env assembly requires pairwise-distinct role credentials (0.158416ms)
✔ the topology script rejects duplicate role passwords before DB access (53.125667ms)
✔ app Cargo runner preserves all four test selections (1.692667ms)
ℹ tests 16
ℹ suites 0
ℹ pass 16
ℹ fail 0
ℹ cancelled 0
ℹ skipped 0
ℹ todo 0
ℹ duration_ms 127.915583

── [fast] Console truth-ledger validator exact-M regression  (cwd: .)
hint: Using 'master' as the name for the initial branch. This default branch name
hint: will change to "main" in Git 3.0. To configure the initial branch name
hint: to use in all of your new repositories, which will suppress this warning,
hint: call:
hint:
hint: 	git config --global init.defaultBranch <name>
hint:
hint: Names commonly chosen instead of 'master' are 'main', 'trunk' and
hint: 'development'. The just-created branch can be renamed via this command:
hint:
hint: 	git branch -m <name>
hint:
hint: Disable this message with "git config set advice.defaultBranchName false"
Switched to a new branch 'marker-<<<'
Switched to a new branch 'marker-|||'
Switched to a new branch 'marker->>>'
Switched to a new branch 'setext-authority'
Note: switching to '6385b0cc4d962f5fa23c26e1863575204605a7ef'.

You are in 'detached HEAD' state. You can look around, make experimental
changes and commit them, and you can discard any commits you make in this
state without impacting any branches by switching back to a branch.

If you want to create a new branch to retain commits you create, you may
do so (now or later) by using -c with the switch command. Example:

  git switch -c <new-branch-name>

Or undo this operation with:

  git switch -

Turn off this advice by setting config variable advice.detachedHead to false

HEAD is now at 6385b0c authority control
Switched to a new branch 'renamed-authority'
Switched to a new branch 'symlink-authority'
Switched to a new branch 'product-drift'
hint: Using 'master' as the name for the initial branch. This default branch name
hint: will change to "main" in Git 3.0. To configure the initial branch name
hint: to use in all of your new repositories, which will suppress this warning,
hint: call:
hint:
hint: 	git config --global init.defaultBranch <name>
hint:
hint: Names commonly chosen instead of 'master' are 'main', 'trunk' and
hint: 'development'. The just-created branch can be renamed via this command:
hint:
hint: 	git branch -m <name>
hint:
hint: Disable this message with "git config set advice.defaultBranchName false"
Switched to a new branch 'indirect'
hint: Using 'master' as the name for the initial branch. This default branch name
hint: will change to "main" in Git 3.0. To configure the initial branch name
hint: to use in all of your new repositories, which will suppress this warning,
hint: call:
hint:
hint: 	git config --global init.defaultBranch <name>
hint:
hint: Names commonly chosen instead of 'master' are 'main', 'trunk' and
hint: 'development'. The just-created branch can be renamed via this command:
hint:
hint: 	git branch -m <name>
hint:
hint: Disable this message with "git config set advice.defaultBranchName false"
✔ current candidate truth ledger is structurally complete but remains candidate-bound HOLD where evidence is absent (17.641791ms)
✔ an unavailable governing lifecycle cannot become an absolute workstation dependency (0.705542ms)
✔ pre-wipe paths, branches, lanes, and progress labels cannot become current continuation authority (6.70375ms)
✔ provenance is reproducible from advertised tags in a candidate-only clone (478.391375ms)
✔ validator fails closed for duplicate IDs, missing evidence, missing module benchmark, and unsafe exposure (4.716042ms)
✔ validator rejects generic outcomes, duplicate controls, legal promotion, and control evidence that is absent (3.415208ms)
✔ raw ledger JSON rejects duplicate keys before JSON.parse can hide them (0.480541ms)
✔ source route facts reject a ledger claim that disagrees with mounted/exposed source (6.296542ms)
✔ an absent route source refutes every positive route claim instead of iterating zero keys (7.017875ms)
✔ forged comparator source/date and attacker review cannot pass (4.535208ms)
✔ required Buck target fails closed when resolver rejects it (0.891708ms)
✔ Buck target existence is read from the candidate BUCK blob, never evaluated by Buck2 (0.684416ms)
✔ the real registry resolves against the real tree, and a nonexistent Buck target goes RED (5.639375ms)
✔ delivery-unit Buck authority cannot diverge from declared verification targets (0.891ms)
✔ attestation rejects TOCTOU mutation after candidate-bound validation (5.781959ms)
✔ moving candidate branch names are irrelevant and jurisdiction target bypasses reject (4.034ms)
✔ non-HOLD promotion requires canonical trusted immutable receipt fields (5.857917ms)
✔ a passing verdict cannot be self-asserted by declaring no independent review (4.942125ms)
✔ Korea trace bijection rejects missing trace (1.911125ms)
✔ Korea exactness rejects duplicate bindings and duplicate targets (2.081708ms)
✔ a real SSH-signed canonical Git receipt is the only non-HOLD admission path (2040.172417ms)
✔ candidate resolver requires the signed authority tip to be the direct three-document child of C (606.037666ms)
✔ the candidate SHA comes only from the caller, and a re-added stored copy buys nothing (11.021208ms)
✔ the authority-only diff accepts one document and added ledger entries, and refuses added files elsewhere (3272.763791ms)
✔ Korea jurisdiction rows require exactly one canonical JUR-KR-001 row (1.682083ms)
ℹ tests 25
ℹ suites 0
ℹ pass 25
ℹ fail 0
ℹ cancelled 0
ℹ skipped 0
ℹ todo 0
ℹ duration_ms 6549.996334

── [fast] Console fanout planner exact-M regression  (cwd: .)
✔ only literal paths plus terminal subtree suffix are canonical ownership syntax (1.089959ms)
✔ unsupported authority intersections fail closed (0.766959ms)
✔ migration roots are excluded from leaves and serialised (8.179666ms)
✔ per-lane resource declarations are mandatory while source admission creates no verification jobs (1.578417ms)
✔ cold Rust capacity does not create expensive jobs from selected source writers (1.18875ms)
✔ same writer, worktree, or branch cannot be co-selected (0.324333ms)
✔ completed source cannot bypass invalid roots or exact review receipts (0.548583ms)
✔ completed source checks unowned private roots before its review shortcut (0.29775ms)
✔ consolidation is blocked until exact independent review and valid consolidation identity (0.261166ms)
✔ quality-weighted maximal independent set is deterministic (0.532958ms)
✔ Buck isolation directories include a stable full-lane hash and reject caller-controlled traversal (0.219792ms)
✔ review receipts fail closed unless an independent reviewer custody-binds the exact leaf result (1.486666ms)
✔ review authority rejects duplicate IDs or fingerprints and incomplete exact identities (0.148042ms)
✔ format-discriminated SSH authority requires the exact verified principal and SHA256 fingerprint (0.223125ms)
✔ SSH verification fails closed for absent or non-Git status output (0.042875ms)
✔ hermetic signed-candidate smoke ignores an unsigned synthetic HEAD and global config (180.791917ms)
✔ real SSH-signed admission train excludes reviewed leaves and caps cold Buck jobs (524.843667ms)
✔ immutable JSON rejects duplicate object keys before canonicalization (0.5165ms)
✔ admission manifests are single-parent manifest-only commits with unique connected references (0.27ms)
✔ epoch admission closure rejects unreviewed, unrelated, and divergent-train commits (0.200959ms)
✔ private lane roots that intersect protected authority are held instead of partially admitted (0.220458ms)
✔ lane assignment roots must be covered by exactly one private capability root (0.127291ms)
✔ completed and legacy lanes remain held before completion shortcuts (0.20425ms)
✔ runtime-ineligible lanes are held before ranking so lower safe lanes fill capacity (0.199667ms)
✔ source revision syntax requires a full immutable baseline SHA (0.151042ms)
✔ source provenance admits only an existing immutable ancestor and non-conflicting ref (0.152917ms)
✔ exact-SHA verification scheduling groups only compatible validated work and uses deterministic density (0.273167ms)
✔ receipt-controlled grouping ignores caller-provided consolidated-tip hints (0.313291ms)
✔ v2 truth ledger cannot bypass validated admission (0.200958ms)
ℹ tests 29
ℹ suites 0
ℹ pass 29
ℹ fail 0
ℹ cancelled 0
ℹ skipped 0
ℹ todo 0
ℹ duration_ms 780.211208

── [fast] Buck PostgreSQL environment wrapper regression  (cwd: .)
buck-postgres: environment file must be mode 0600
buck-postgres: exact Rust test name contains unsupported characters
run_test_with_postgres_env: PASS

── [fast] Buck disposable PostgreSQL harness regression  (cwd: .)
buck-postgres: raw backend test targets bypass the credential loader; use a //tools/buck PostgreSQL wrapper
buck-postgres: disposable PostgreSQL did not become healthy
buck-postgres: disposable PostgreSQL did not become healthy
buck-postgres: isolation name must contain only letters, digits, dot, underscore, or dash
buck-postgres: exact Rust test name contains unsupported characters
buck-postgres: pulling the pinned PostgreSQL image failed; retrying
buck-postgres: pulling the pinned PostgreSQL image failed; retrying
test_needs_postgres: PASS

── [fast] Preparation wiring and recovery fixture regressions  (cwd: .)
test_all_new_roots_have_reviewed_resource_requirements (__main__.PreparationWiringTests.test_all_new_roots_have_reviewed_resource_requirements) ... ok
test_app_exact_supervision_rejects_command_drift (__main__.PreparationWiringTests.test_app_exact_supervision_rejects_command_drift) ... ok
test_app_module_guard_ignores_prose_and_rejects_additional_guards (__main__.PreparationWiringTests.test_app_module_guard_ignores_prose_and_rejects_additional_guards) ... ok
test_app_recovery_isolation_rejects_dark_cases_and_ordinary_enrollment (__main__.PreparationWiringTests.test_app_recovery_isolation_rejects_dark_cases_and_ordinary_enrollment) ... ok
test_app_recovery_source_and_ordinary_feature_isolation (__main__.PreparationWiringTests.test_app_recovery_source_and_ordinary_feature_isolation) ... ok
test_app_source_rejects_extra_disabled_ignored_and_spoofed_cases (__main__.PreparationWiringTests.test_app_source_rejects_extra_disabled_ignored_and_spoofed_cases) ... ok
test_both_recovery_cases_have_separate_supervised_exact_workflow_paths (__main__.PreparationWiringTests.test_both_recovery_cases_have_separate_supervised_exact_workflow_paths) ... ok
test_cedar_execution_oracle_rejects_nonexecuting_mutations (__main__.PreparationWiringTests.test_cedar_execution_oracle_rejects_nonexecuting_mutations) ... ok
test_generated_new_targets_preserve_exact_resource_taxonomy (__main__.PreparationWiringTests.test_generated_new_targets_preserve_exact_resource_taxonomy) ... ok
test_generic_queue_refuses_recovery_resource_instead_of_running_without_topology (__main__.PreparationWiringTests.test_generic_queue_refuses_recovery_resource_instead_of_running_without_topology) ... ok
test_hermetic_cedar_binary_has_executable_cargo_workflow_path (__main__.PreparationWiringTests.test_hermetic_cedar_binary_has_executable_cargo_workflow_path) ... ok
test_ordinary_postgres_map_executes_migration_once_and_excludes_recovery (__main__.PreparationWiringTests.test_ordinary_postgres_map_executes_migration_once_and_excludes_recovery) ... ok
test_owner_and_observer_sources_share_all_enrollment_controls (__main__.PreparationWiringTests.test_owner_and_observer_sources_share_all_enrollment_controls) ... ok
test_publication_nested_module_is_materialized_without_duplicate_root (__main__.PreparationWiringTests.test_publication_nested_module_is_materialized_without_duplicate_root) ... ok
test_recovery_execution_oracle_rejects_unbound_or_success_only_mutations (__main__.PreparationWiringTests.test_recovery_execution_oracle_rejects_unbound_or_success_only_mutations) ... ok

----------------------------------------------------------------------
Ran 15 tests in 11.557s

OK
test_connection_budget_refuses_without_upstream_access (test_commit_relay.RelayTests.test_connection_budget_refuses_without_upstream_access) ... ok
test_connection_deadline_is_fixture_error (test_commit_relay.RelayTests.test_connection_deadline_is_fixture_error) ... ok
test_extended_execute_commit_is_witnessed (test_commit_relay.RelayTests.test_extended_execute_commit_is_witnessed) ... ok
test_invalid_frame_size_fails (test_commit_relay.RelayTests.test_invalid_frame_size_fails) ... ok
test_simple_after_response_forwards_once_and_suppresses_success (test_commit_relay.RelayTests.test_simple_after_response_forwards_once_and_suppresses_success) ... ok
test_simple_before_send_does_not_forward_commit (test_commit_relay.RelayTests.test_simple_before_send_does_not_forward_commit) ... ok
test_failed_container_inventory_is_not_successful_absence (test_supervise_recovery.RecoveryCleanupTests.test_failed_container_inventory_is_not_successful_absence) ... ok
test_failed_container_inventory_partial_output_is_still_unavailable (test_supervise_recovery.RecoveryCleanupTests.test_failed_container_inventory_partial_output_is_still_unavailable) ... ok
test_failed_network_inventory_is_not_successful_absence (test_supervise_recovery.RecoveryCleanupTests.test_failed_network_inventory_is_not_successful_absence) ... ok
test_failed_network_inventory_partial_output_is_still_unavailable (test_supervise_recovery.RecoveryCleanupTests.test_failed_network_inventory_partial_output_is_still_unavailable) ... ok
test_failed_volume_inventory_is_not_successful_absence (test_supervise_recovery.RecoveryCleanupTests.test_failed_volume_inventory_is_not_successful_absence) ... ok
test_failed_volume_inventory_partial_output_is_still_unavailable (test_supervise_recovery.RecoveryCleanupTests.test_failed_volume_inventory_partial_output_is_still_unavailable) ... ok
test_remaining_container_refuses_success (test_supervise_recovery.RecoveryCleanupTests.test_remaining_container_refuses_success) ... ok
test_remaining_network_refuses_success (test_supervise_recovery.RecoveryCleanupTests.test_remaining_network_refuses_success) ... ok
test_remaining_volume_refuses_success (test_supervise_recovery.RecoveryCleanupTests.test_remaining_volume_refuses_success) ... ok
test_removal_error_can_reconcile_to_verified_absence (test_supervise_recovery.RecoveryCleanupTests.test_removal_error_can_reconcile_to_verified_absence) ... ok
test_successful_absence_preserves_original_failure (test_supervise_recovery.RecoveryCleanupTests.test_successful_absence_preserves_original_failure) ... ok
test_successful_absence_preserves_timeout_classification (test_supervise_recovery.RecoveryCleanupTests.test_successful_absence_preserves_timeout_classification) ... ok
test_successful_empty_inventory_preserves_success (test_supervise_recovery.RecoveryCleanupTests.test_successful_empty_inventory_preserves_success) ... ok
test_returns_child_nonzero_status (test_supervise_recovery.SupervisorTests.test_returns_child_nonzero_status) ... ok
test_timeout_kills_term_ignoring_process_group (test_supervise_recovery.SupervisorTests.test_timeout_kills_term_ignoring_process_group) ... {"recovery_supervisor": "wall_clock_timeout", "classification": "FIXTURE_INCOMPLETE"}
ok

----------------------------------------------------------------------
Ran 21 tests in 5.370s

OK
✔ actual required recovery commands resolve nine owners, the isolated installer and eight app cases (31.421917ms)
✔ recovery executor refuses wrong checkout (24.01325ms)
✔ recovery executor refuses no run (16.067333ms)
✔ recovery executor refuses list only (13.853917ms)
✔ recovery executor refuses skip selected test (11.51125ms)
✔ recovery executor refuses success-only second case (12.97825ms)
✔ recovery executor refuses continued failure (15.5215ms)
✔ recovery executor refuses echo shell (15.991ms)
✔ recovery executor refuses echo command (15.465791ms)
✔ recovery executor refuses missing scenario (11.756834ms)
✔ recovery executor refuses duplicate scenario (11.525541ms)
✔ recovery executor refuses wrong cut (11.769083ms)
✔ recovery executor refuses late image setup (3.3315ms)
✔ recovery executor refuses fake setup id (3.556709ms)
✔ recovery executor refuses unbound checkout ref (2.961791ms)
✔ recovery executor refuses wrong setup guard (10.102625ms)
✔ an additional real owner test cannot silently fall outside selected filters (2.928458ms)
✔ new recovery case replay_cannot_acknowledge_a_locally_visible_receipt_before_remote_apply must have a real required executor (12.306167ms)
✔ new recovery case lost_commit_transport_reply_replays_one_real_payroll_effect must have a real required executor (12.058583ms)
✔ new recovery case fresh_commit_wait_release_requires_explicit_remote_confirmation must have a real required executor (11.799458ms)
✔ new recovery case staging_success_and_idempotent_restage_wait_for_remote_confirmation must have a real required executor (10.20025ms)
✔ new recovery case required_remote_unknown_is_bounded_and_never_local_fallback must have a real required executor (12.299958ms)
✔ new recovery case finite_remote_bound_and_repeated_replay_preserve_exact_rows must have a real required executor (13.0275ms)
✔ new recovery case fresh_commit_deadline_retains_capacity_until_replay_resumes must have a real required executor (10.0495ms)
✔ new recovery case aborted_fresh_stage_retains_capacity_until_native_wait_ends must have a real required executor (11.214ms)
✔ new recovery case fresh_stage_transport_error_closes_pool_before_reconciliation must have a real required executor (13.181667ms)
✔ new recovery case real_observer_installer_is_atomic_replay_exact_and_drift_refusing must have a real required executor (10.71475ms)
✔ new recovery case durability_composition_tests::required_app_startup_admits_only_the_installed_observer must have a real required executor (10.910958ms)
✔ new recovery case durability_composition_tests::required_api_projected_payroll_dispatch_waits_for_remote_apply must have a real required executor (11.048834ms)
✔ new recovery case durability_composition_tests::required_workflow_spawn_keeps_unknown_staging_pending_until_retry must have a real required executor (11.013042ms)
✔ new recovery case durability_composition_tests::required_api_completion_unknown_reconciles_same_command_after_replay must have a real required executor (11.268292ms)
✔ new recovery case durability_composition_tests::required_api_receipt_absent_unknown_renews_approval_with_same_command must have a real required executor (12.764167ms)
✔ new recovery case durability_composition_tests::required_api_confirmed_owner_audit_failure_replays_and_repairs must have a real required executor (11.191917ms)
✔ new recovery case durability_composition_tests::required_workflow_typed_unknown_preserves_pending_and_failed_events must have a real required executor (11.90225ms)
✔ new recovery case durability_composition_tests::required_workflow_provenance_refusal_is_operation_not_unknown must have a real required executor (12.320834ms)
✔ observer execution refuses  --no-run (15.886083ms)
✔ observer execution refuses  --list (17.009416ms)
✔ observer execution refuses  --skip real_observer (13.55225ms)
✔ observer execution refuses  --ignored (10.704709ms)
✔ an additional real app case cannot silently fall outside selected filters (3.693542ms)
✔ app durability_composition_tests::required_app_startup_admits_only_the_installed_observer refuses ordinary feature (10.699791ms)
✔ app durability_composition_tests::required_app_startup_admits_only_the_installed_observer refuses missing feature (12.316375ms)
✔ app durability_composition_tests::required_app_startup_admits_only_the_installed_observer refuses substring filter (12.662459ms)
✔ app durability_composition_tests::required_app_startup_admits_only_the_installed_observer refuses list only (12.944ms)
✔ app durability_composition_tests::required_app_startup_admits_only_the_installed_observer refuses all lib tests (10.454958ms)
✔ app durability_composition_tests::required_api_projected_payroll_dispatch_waits_for_remote_apply refuses ordinary feature (11.658ms)
✔ app durability_composition_tests::required_api_projected_payroll_dispatch_waits_for_remote_apply refuses missing feature (14.059583ms)
✔ app durability_composition_tests::required_api_projected_payroll_dispatch_waits_for_remote_apply refuses substring filter (10.526958ms)
✔ app durability_composition_tests::required_api_projected_payroll_dispatch_waits_for_remote_apply refuses list only (10.339625ms)
✔ app durability_composition_tests::required_api_projected_payroll_dispatch_waits_for_remote_apply refuses all lib tests (11.051542ms)
✔ app durability_composition_tests::required_workflow_spawn_keeps_unknown_staging_pending_until_retry refuses ordinary feature (13.532917ms)
✔ app durability_composition_tests::required_workflow_spawn_keeps_unknown_staging_pending_until_retry refuses missing feature (11.26625ms)
✔ app durability_composition_tests::required_workflow_spawn_keeps_unknown_staging_pending_until_retry refuses substring filter (10.001458ms)
✔ app durability_composition_tests::required_workflow_spawn_keeps_unknown_staging_pending_until_retry refuses list only (10.792625ms)
✔ app durability_composition_tests::required_workflow_spawn_keeps_unknown_staging_pending_until_retry refuses all lib tests (13.159541ms)
✔ app durability_composition_tests::required_api_completion_unknown_reconciles_same_command_after_replay refuses ordinary feature (11.207583ms)
✔ app durability_composition_tests::required_api_completion_unknown_reconciles_same_command_after_replay refuses missing feature (9.993083ms)
✔ app durability_composition_tests::required_api_completion_unknown_reconciles_same_command_after_replay refuses substring filter (12.529667ms)
✔ app durability_composition_tests::required_api_completion_unknown_reconciles_same_command_after_replay refuses list only (13.326125ms)
✔ app durability_composition_tests::required_api_completion_unknown_reconciles_same_command_after_replay refuses all lib tests (11.216583ms)
✔ app durability_composition_tests::required_api_receipt_absent_unknown_renews_approval_with_same_command refuses ordinary feature (9.886792ms)
✔ app durability_composition_tests::required_api_receipt_absent_unknown_renews_approval_with_same_command refuses missing feature (12.280416ms)
✔ app durability_composition_tests::required_api_receipt_absent_unknown_renews_approval_with_same_command refuses substring filter (14.359875ms)
✔ app durability_composition_tests::required_api_receipt_absent_unknown_renews_approval_with_same_command refuses list only (12.540334ms)
✔ app durability_composition_tests::required_api_receipt_absent_unknown_renews_approval_with_same_command refuses all lib tests (10.626292ms)
✔ app durability_composition_tests::required_api_confirmed_owner_audit_failure_replays_and_repairs refuses ordinary feature (11.612084ms)
✔ app durability_composition_tests::required_api_confirmed_owner_audit_failure_replays_and_repairs refuses missing feature (13.866583ms)
✔ app durability_composition_tests::required_api_confirmed_owner_audit_failure_replays_and_repairs refuses substring filter (12.184417ms)
✔ app durability_composition_tests::required_api_confirmed_owner_audit_failure_replays_and_repairs refuses list only (10.448667ms)
✔ app durability_composition_tests::required_api_confirmed_owner_audit_failure_replays_and_repairs refuses all lib tests (11.61075ms)
✔ app durability_composition_tests::required_workflow_typed_unknown_preserves_pending_and_failed_events refuses ordinary feature (13.286208ms)
✔ app durability_composition_tests::required_workflow_typed_unknown_preserves_pending_and_failed_events refuses missing feature (10.791833ms)
✔ app durability_composition_tests::required_workflow_typed_unknown_preserves_pending_and_failed_events refuses substring filter (10.092459ms)
✔ app durability_composition_tests::required_workflow_typed_unknown_preserves_pending_and_failed_events refuses list only (10.655875ms)
✔ app durability_composition_tests::required_workflow_typed_unknown_preserves_pending_and_failed_events refuses all lib tests (12.740208ms)
✔ app durability_composition_tests::required_workflow_provenance_refusal_is_operation_not_unknown refuses ordinary feature (10.955125ms)
✔ app durability_composition_tests::required_workflow_provenance_refusal_is_operation_not_unknown refuses missing feature (10.742208ms)
✔ app durability_composition_tests::required_workflow_provenance_refusal_is_operation_not_unknown refuses substring filter (11.10125ms)
✔ app durability_composition_tests::required_workflow_provenance_refusal_is_operation_not_unknown refuses list only (13.13925ms)
✔ app durability_composition_tests::required_workflow_provenance_refusal_is_operation_not_unknown refuses all lib tests (10.553583ms)
✔ app cases cannot share one supervisor or one failure-sensitive step (10.18075ms)
✔ app order must follow the isolated observer in the reviewed order (11.384584ms)
✔ app source refuses extra tokio test (3.171583ms)
✔ app source refuses extra ordinary test (3.4565ms)
✔ app source refuses module cfg (3.421083ms)
✔ app source refuses module cfg_attr (3.001292ms)
✔ app source refuses selected ignore (2.909958ms)
✔ app source refuses selected cfg (2.5285ms)
✔ app source refuses selected cfg_attr (2.943292ms)
✔ app source refuses nested cases (2.883542ms)
✔ app source ignores fake attributes and names in comments and literals (3.466917ms)
✔ app module refuses commented correct guard (12.038583ms)
✔ app module refuses literal correct guard (14.240292ms)
✔ app module refuses additional disabling guard (15.493292ms)
✔ app module refuses ordinary feature guard (15.9785ms)
✔ comment/literal module examples cannot create a second live declaration (8.26225ms)
✔ owner source refuses extra tokio test (2.234458ms)
✔ owner source refuses extra ordinary test (2.062ms)
✔ owner source refuses module cfg (2.108167ms)
✔ owner source refuses module cfg_attr (2.094458ms)
✔ owner source refuses selected ignore (2.041541ms)
✔ owner source refuses selected cfg (2.028417ms)
✔ owner source refuses selected cfg_attr (2.10725ms)
✔ owner source refuses nested cases (1.901333ms)
✔ owner census ignores spoofed comments/literals without accepting a missing real case (3.232916ms)
✔ observer source refuses extra tokio test (2.596167ms)
✔ observer source refuses extra ordinary test (2.587542ms)
✔ observer source refuses module cfg (2.427875ms)
✔ observer source refuses module cfg_attr (3.101209ms)
✔ observer source refuses selected ignore (2.316792ms)
✔ observer source refuses selected cfg (2.513167ms)
✔ observer source refuses selected cfg_attr (2.433ms)
✔ observer source refuses nested cases (2.707541ms)
✔ observer census ignores spoofed comments/literals without accepting a missing real case (0.714209ms)
ℹ tests 114
ℹ suites 0
ℹ pass 114
ℹ fail 0
ℹ cancelled 0
ℹ skipped 0
ℹ todo 0
ℹ duration_ms 1187.766208

── [fast] CI preflight contract  (cwd: .)
npm notice run check:ci-preflight
npm notice run node tools/ci/gate-sweep.mjs
PASS  check-ci-preflight  (0.2s)
PASS  ci-tools-suites  (1.6s)
PASS  check-product-buck-residual  (0s)
PASS  check-nextest-config  (0s)
PASS  check-postgres-cargo-map  (0s)
PASS  check-mjs-dark-suites  (0.1s)
PASS  check-nightly-workflow  (0s)
PASS  check-hold-release-conditions  (0.1s)
PASS  check-foundation-gates-tests  (1.3s)
PASS  check-non-oci-mail-imessage-relay-tests  (0.2s)
PASS  run-verification-queue-tests  (0.2s)
PASS  fanout-tests  (0.1s)
PASS  gate-sweep-tests  (0.1s)

gate-sweep: 13 passed, 0 failed

── [fast] Canonical npm lockfile  (cwd: .)
npm notice run check:package-lock
npm notice run npm install --package-lock-only --ignore-scripts --no-audit --no-fund && git diff --exit-code -- package-lock.json

up to date in 299ms

── [fast] Cargo.lock consistency  (cwd: .)

── [fast] Executed-tests ratchet — a test binary must have a path from a workflow step  (cwd: .)
npm notice run check:executed-tests
npm notice run node --test scripts/check-executed-tests.test.mjs && node scripts/check-executed-tests.mjs
▶ hasLiveCfgTestAttribute — false-dark controls
  ✔ documents the RED substring defect the durable fix replaces (0.348084ms)
  ✔ does not treat doc-comment-only #[cfg(test)] as live (0.165542ms)
  ✔ does not treat line- or block-comment-only #[cfg(test)] as live (0.577458ms)
  ✔ does not treat string-literal-only #[cfg(test)] as live (0.054375ms)
  ✔ still detects a real #[cfg(test)] attribute (fails closed on live tests) (0.050583ms)
  ✔ still detects live attribute when a doc comment also mentions it (0.065416ms)
✔ hasLiveCfgTestAttribute — false-dark controls (1.779334ms)
▶ unitTestedCrateSrcRoots — inventory + examined-zero
  ✔ excludes crates whose only hit is a doc comment (0.317792ms)
  ✔ includes crates with a live #[cfg(test)] under src/ (0.402791ms)
  ✔ fails closed when examined src inventory is empty (0.240417ms)
✔ unitTestedCrateSrcRoots — inventory + examined-zero (1.08875ms)
▶ cargoTestKind — cargo metadata lib aliases
  ✔ maps default lib and explicit rlib/cdylib to cargo test --lib (0.110041ms)
  ✔ keeps integration tests and drops bins (0.04775ms)
✔ cargoTestKind — cargo metadata lib aliases (0.211667ms)
▶ gate wiring
  ✔ routes definedBinaries through the comment-aware helper, not raw includes (0.32425ms)
✔ gate wiring (0.350292ms)
▶ reachable Rust source inventory
  ✔ follows path and ordinary modules recursively without counting orphan sources (895.009375ms)
  ✔ rejects loss of a referenced child test even when an orphan gains a replacement (511.245792ms)
  ✔ ignores test attributes and module declarations in comments and strings (422.087583ms)
✔ reachable Rust source inventory (1828.494875ms)
ℹ tests 15
ℹ suites 5
ℹ pass 15
ℹ fail 0
ℹ cancelled 0
ℹ skipped 0
ℹ todo 0
ℹ duration_ms 1886.971541
test binaries defined         : 387
reachable from a CI step      : 387
declared test attrs in reachable sources: 3193  (static; cfg/ignore-unaware)
executed nowhere              : 1
reachable only through buck2  : 13  (--gap to list; the Buck2 exit has to wire these)
  dark  backend/crates/platform/storage/tests/seaweedfs_worm.rs

── [fast] JavaScript test reachability ratchet  (cwd: .)
npm notice run check:js-test-reachability
npm notice run node scripts/check-js-test-reachability.mjs
js-test-reachability: 66 suites; exact-wired 66; dark 0; basename-only diagnostic 0
js-test-reachability check passed

── [fast] JavaScript test reachability unit tests  (cwd: .)
npm notice run test:js-test-reachability
npm notice run node --test scripts/check-js-test-reachability.test.mjs
✔ live candidate passes js-test-reachability (119.643541ms)
✔ baseline growth fails (unregistered dark suite) (121.405541ms)
ℹ tests 2
ℹ suites 0
ℹ pass 2
ℹ fail 0
ℹ cancelled 0
ℹ skipped 0
ℹ todo 0
ℹ duration_ms 288.125125

── [fast] Lane fan-out harness preflight  (cwd: .)
PASS compile — body parses as the harness evaluates it
PASS unknown top-level arg aborts
PASS unknown per-lane key aborts
PASS a typo in `lenses` aborts rather than silently using defaults
PASS every documented arg is accepted
PASS custom lenses ADD to standing lenses, never replace them
PASS a PROVEN major blocks convergence
PASS an ARGUED major does not block convergence
PASS an owner lease releases at ANY severity
PASS a real blocker blocks
PASS oracleWeakened blocks convergence with zero findings
PASS a wordy but non-contradicting verifier still converges
PASS contradictsClaim=true blocks convergence
PASS reproduced=false blocks convergence
PASS a non-done build skips the verifier
PASS a done build runs the verifier
PASS a dead implementer is retried once and the round proceeds
PASS two deaths abandon the lane without throwing
PASS round 2 receives round 1 blockers as feedback
PASS reviewers are told to diff the tip, and HEAD~1 appears only as a warning
PASS a converged lane LANDS by default
PASS the landing prompt names the real lane key and its worktree
PASS the landing prompt carries the lane's changed files
PASS the landing prompt interpolates no undefined field
PASS the landing prompt carries the head SHA captured at review time
PASS and orders a refusal when the worktree no longer matches it
PASS nothing converged => nothing lands
PASS land:false is honoured (and warns)
PASS a dead STANDING lens blocks convergence
PASS and says which one died
PASS a dead CUSTOM lens is tolerated (a rebuild round costs more than it saves)
PASS but the death is still logged
PASS a dead VERIFIER blocks convergence
PASS and never claims the lane was independently re-verified
PASS and says the verification never happened
PASS a build claiming nothing is skipped, not accused of a dead verifier
PASS telemetry reports dispatched > returned when a checker dies
PASS telemetry names the dead checker
PASS telemetry reports equality when none die
PASS two lanes sharing a worktree abort
PASS duplicate lane keys abort
PASS a documented per-lane key is accepted
PASS scopeCreep alone blocks convergence
PASS and does not block when unset
PASS enforcementPlacement is a REQUIRED build field
PASS peripheralsUpdated is a REQUIRED build field
PASS redBaseline is a REQUIRED build field
PASS provenByExecution and ownerLease are REQUIRED per finding
PASS BASE_LOCK contains no nested backtick
PASS lock clause survives: NEVER WEAKEN THE ORACLE
PASS lock clause survives: CONTRACT TESTS ARE PART OF THE CHANGE
PASS lock clause survives: AN ENFORCEMENT MUST BE ABLE TO SEE ITS SUBJECT
PASS lock clause survives: PERIPHERALS ARE PART OF THE CHANGE
PASS lock clause survives: THE THIRD SPELLING MEANS THE MECHANISM IS WRONG
PASS lock clause survives: NEVER pass --workflow-only
PASS program-tick compiles as the harness evaluates it
PASS program-tick hard-codes no machine-specific worktree path
PASS every harness in the directory is swept, not a hardcoded subset
PASS backlog-audit refuses an option it does not read
PASS lane-fanout refuses an option it does not read
PASS program-tick refuses an option it does not read
PASS review-gate refuses an option it does not read
PASS scout refuses an option it does not read
PASS slice refuses an option it does not read
PASS stale-take-audit refuses an option it does not read
PASS backlog-audit refuses issueBatch=-1
PASS backlog-audit refuses issueBatch=0
PASS backlog-audit refuses issueBatch=1.5
PASS backlog-audit refuses issueBatch="eight"
PASS backlog-audit no longer truncates the findings payload blindly
PASS backlog-audit exposes renderFindings to the preflight
PASS an over-budget findings set says how many it dropped
PASS the proven finding survives truncation regardless of its position
PASS a set that fits carries no truncation notice
PASS a detail-less failure reports instead of crashing the preflight
PASS the lock names a TOTAL generated-face check, not a list: REGENERATE, THEN ASK GIT
PASS the lock names a TOTAL generated-face check, not a list: git status --porcelain
PASS the lock names a TOTAL generated-face check, not a list: POSTFLIGHT
PASS the lock names a TOTAL generated-face check, not a list: tools/buck/preflight.sh
PASS the lock names a TOTAL generated-face check, not a list: tools/lanes/pgtest.sh
PASS a lane owning a subtree of another lane aborts
PASS two lanes owning the SAME root abort
PASS one colliding path inside a multi-path owned root is enough
PASS an owned root with no path in it aborts rather than being silently unguarded
PASS ./ and bare owned roots collide at dispatch
PASS owned roots containing .. are refused
PASS a shared string prefix that is not a PATH prefix is not an overlap
PASS disjoint owned roots dispatch normally
PASS falseGreenRisk is a REQUIRED verifier field
PASS commandsRun is a REQUIRED verifier field
PASS oracleIntact is a REQUIRED verifier field
PASS a verifier that lists no command it RAN cannot certify a green
PASS a verifier that leaves the false-green risk blank cannot certify a green
PASS a verifier that never answers oracle integrity cannot certify a green
PASS a verifier that OBSERVED a weakened oracle blocks convergence
PASS and the next round is told the verification was unanswered, not merely "disagreed"
PASS the verifier is ASKED for the commands it ran and for an oracle verdict
PASS a fully answered verification still converges
PASS two PR-fix lanes are both dispatched
PASS ...and never run concurrently in the one candidate worktree they both edit
PASS more selected lanes than maxLanes refuses the fanout instead of ignoring the cap
PASS and says the cap is why
PASS a lane set within the cap still fans out
PASS the ACTIVE candidate worktree is never offered as safe to remove
PASS an unreadable worktree is not "unused"
PASS a worktree whose file list was capped is not "empty"
PASS a genuinely empty worktree is still removable
PASS a CLOSE-FIXED whose evidence is not on the default branch is WITHHELD
PASS a CLOSE-FIXED that never answered reachability is WITHHELD too — absence is a NO
PASS a CLOSE-FIXED reachable from the default branch is still closable
PASS a KEEP verdict is not withheld — the rule is about CLOSING
PASS triage is told to PROVE reachability by running merge-base --is-ancestor
PASS a discovered crate that no named domain claims is still audited
PASS and no lane is invented when every discovered crate is claimed
PASS a census with no crate inventory cannot claim coverage and must abort
PASS a census that omits a crate-disk-census crate aborts
PASS coverage uses a dedicated crate-disk-census agent, not Collect alone
PASS an empty crate-disk-census list cannot cross-check coverage and must abort
PASS a Collect list that omits an on-disk crate aborts even when well-formed
PASS the lock separates mechanism evidence from wiring evidence: BUILDS ITS OWN SUBJECT
PASS the lock separates mechanism evidence from wiring evidence: MECHANISM:
PASS the lock separates mechanism evidence from wiring evidence: WIRING:
PASS the lock separates mechanism evidence from wiring evidence: composition root
PASS the lock charges for cost of carry: MAINTAINABILITY / COST OF CARRY
PASS the lock charges for cost of carry: COMMENT BLOBBING
PASS the lock charges for cost of carry: RUN WHAT CI RUNS
PASS the maintainability lens is a STANDING lens, not an opt-in
PASS scout exposes normaliseRoot to the preflight
PASS scout root: absolute path made repo-relative
PASS scout root: prose fragment rejected
PASS scout root: shell fragment rejected
PASS scout root: the repository is not an owned root
PASS scout root: nor is a top-level directory
PASS scout root: a file becomes its directory
PASS scout root: a real root survives unchanged
PASS scout root: ./ prefix collapses to the same root
PASS scout root: bare form matches the ./ form
PASS scout root: root rejected
PASS scout root: empty rejected
PASS scout root: glob rejected
PASS scout root: .. segments rejected
PASS scout root: sibling worktree absolute rejected
PASS scout root: absolute outside REPO rejected
PASS scout root: extensionless file preserved as exact path
PASS scout root: BUCK file preserved as exact path
PASS scout root: Makefile preserved as exact path
PASS scout root: ./ and bare forms are identical after normalise
PASS scout exposes overlaps to the preflight
PASS scout overlap: a prefix counts as shared territory
PASS scout overlap: siblings do not
PASS scout packing: transitively-linked territory collapses to ONE group
PASS scout still refuses to emit a plan whose lanes overlap
PASS scout defers a bead whose paths are all unusable rather than inventing a root
PASS a failed trial holds the fleet back
PASS a failed trial dispatches NO other lane
PASS the held-back lanes are named, not silently dropped
PASS a converged trial dispatches the remaining lanes
PASS trial naming an unknown lane aborts
PASS trial with a single lane aborts rather than serialising for nothing
PASS the lock states when a cheaper tier is allowed
PASS the independent verifier does NOT run on a cheaper tier
PASS backlog-audit: KNOWN_ARGS lists nothing the harness never reads
PASS backlog-audit: every option the harness reads is declared
PASS lane-fanout: KNOWN_ARGS lists nothing the harness never reads
PASS lane-fanout: every option the harness reads is declared
PASS program-tick: KNOWN_ARGS lists nothing the harness never reads
PASS program-tick: every option the harness reads is declared
PASS review-gate: KNOWN_ARGS lists nothing the harness never reads
PASS review-gate: every option the harness reads is declared
PASS scout: KNOWN_ARGS lists nothing the harness never reads
PASS scout: every option the harness reads is declared
PASS slice: KNOWN_ARGS lists nothing the harness never reads
PASS slice: every option the harness reads is declared
PASS stale-take-audit: KNOWN_ARGS lists nothing the harness never reads
PASS stale-take-audit: every option the harness reads is declared
PASS a dead confirmation does not erase the suspicion
PASS a dead confirmation stops the report claiming full coverage
PASS a confirmation without a verdict is unresolved, not clean
PASS a live confirmation that fails to refute still reports STALE
PASS an upheld STALE without an attested graft payload is unresolved
PASS an upheld STALE without attestation does not publish first-pass text as missingFromHead
PASS an upheld STALE with a blank graft payload is unresolved
PASS a blank confirmer payload does not expose a graft-shaped missingFromHead either
PASS confirmed stale publishes the confirmer payload, never the first-pass quote
PASS confirm prompt does not offer the first-pass graft payload for rubber-stamping
PASS mutate→red: old confirmed-stale publish path leaks the first-pass graft
PASS a live refutation still drops the suspicion
PASS a fully-answered run still claims full coverage
PASS a live audit that omits a requested file does not claim full coverage
PASS stale-take RULES pin diffs to args.repo via git -C
PASS a verifier that re-ran only some claimed commands does not converge
PASS a verifier that re-ran every claimed command still converges
PASS command matching is not defeated by whitespace
PASS re-running one command three times is not three commands
PASS commandsRun of a single empty string does not converge
PASS a blank entry among commandsRun fails closed even if a real command is present
PASS a done build that omits commands does not converge
PASS a done build whose commands are only blanks does not converge
PASS a done build that omits the commands field does not converge
PASS scout defers a bead when only SOME of its paths are unusable
PASS the partial-rejection branch stops the bead being placed
PASS scout drops edges with no verification verdict (fail closed)
PASS scout no longer advertises fanoutArgs as feed-straight-into lane-fanout
PASS scout fanoutPlan is explicitly incomplete for lane-fanout
PASS scout measures depth by downstream dependents (reverse edges)
PASS scout counts rejected paths before deduplicating roots
PASS scout rejects absolute paths outside REPO with a segment boundary
PASS backlog-audit does not import Node fs for the crate census
PASS backlog-audit measures crates via a dedicated crate-disk-census agent
PASS backlog-audit does not treat Collect.cargoTomlPaths as the disk oracle
PASS backlog-audit exposes cratesOmittedFromCensus to the preflight
PASS a census that omits an on-disk crate is incomplete
PASS a census parent prefix still covers nested crates
PASS backlog-audit exposes crateNamesFromCargoTomlPaths to the preflight
PASS cargoTomlPaths strip to crate names under backend/crates
PASS contract-drift masks string literals before method discovery
PASS contract-drift OpenAPI path keys allow colons inside the path
PASS contract-drift refuses repo-wide same-name fallback for undeclared PATH consts
PASS contract-drift discovers route sources after stripping comments/literals
PASS doc-comment .route( does not survive strip discovery
PASS real .route( survives strip discovery
PASS prose get() inside a string is a raw false-positive before masking
PASS masking string literals drops the prose get() false-positive
PASS openApiApiOperations is extractable
PASS OpenAPI path keys with a colon are accepted

ALL PASS — safe to dispatch

── [fast] Workflow test-runner credential literals  (cwd: .)
npm notice run check:test-credentials
npm notice run node --test scripts/check-test-credentials.test.mjs && node scripts/check-test-credentials.mjs
✔ rejects optional whitespace around a literal libpq password assignment (10.187166ms)
✔ allows a shell environment assignment sourced from a variable (3.415833ms)
✔ recognizes Cargo toolchain, global-flag, and nextest runner forms (3.449542ms)
✔ recognizes Buck2 universal flags before the test subcommand (3.518292ms)
✔ rejects a libpq URI with an empty user and nonempty password (0.721042ms)
✔ rejects a credential separated from its runner inside a folded YAML scalar (1.135291ms)
ℹ tests 6
ℹ suites 0
ℹ pass 6
ℹ fail 0
ℹ cancelled 0
ℹ skipped 0
ℹ todo 0
ℹ duration_ms 72.208667
Test-credential contract passed: no workflow line spelling a test runner carries a literal password, and tools/lanes/no-credential-in-argv.sh refuses all seven exercised libpq password spellings while accepting a clean command line.

── [fast] rustfmt check  (cwd: backend)

── [fast] clippy -D warnings  (cwd: backend)
    Checking console-platform-db v0.1.0 (/private/tmp/console-production-tdd-preparation-20260913/backend/crates/platform/db)
    Checking console-platform-test-support v0.1.0 (/private/tmp/console-production-tdd-preparation-20260913/backend/crates/platform/test-support)
    Checking console-workflow-runtime v0.1.0 (/private/tmp/console-production-tdd-preparation-20260913/backend/crates/workflow/runtime)
    Checking console-gate-writer-ownership v0.1.0 (/private/tmp/console-production-tdd-preparation-20260913/backend/ci/gates/writer-ownership)
    Checking console-dispatch-application v0.1.0 (/private/tmp/console-production-tdd-preparation-20260913/backend/crates/dispatch/application)
    Checking console-contracts v0.1.0 (/private/tmp/console-production-tdd-preparation-20260913/backend/crates/contracts)
    Checking console-workorder-domain v0.1.0 (/private/tmp/console-production-tdd-preparation-20260913/backend/crates/workorder/domain)
    Checking console-intelligence-application v0.1.0 (/private/tmp/console-production-tdd-preparation-20260913/backend/crates/intelligence/application)
    Checking console-workorder-application v0.1.0 (/private/tmp/console-production-tdd-preparation-20260913/backend/crates/workorder/application)
    Checking console-platform-auth v0.1.0 (/private/tmp/console-production-tdd-preparation-20260913/backend/crates/platform/auth)
    Checking console-platform-group v0.1.0 (/private/tmp/console-production-tdd-preparation-20260913/backend/crates/platform/group)
    Checking console-workflow-runtime-adapter-postgres v0.1.0 (/private/tmp/console-production-tdd-preparation-20260913/backend/crates/workflow/adapter-postgres)
    Checking console-attendance-adapter-postgres v0.1.0 (/private/tmp/console-production-tdd-preparation-20260913/backend/crates/attendance/adapter-postgres)
    Checking console-platform-audit-chain v0.1.0 (/private/tmp/console-production-tdd-preparation-20260913/backend/crates/platform/audit-chain)
    Checking console-platform-erasure-ledger v0.1.0 (/private/tmp/console-production-tdd-preparation-20260913/backend/crates/platform/erasure-ledger)
    Checking console-platform-request-context v0.1.0 (/private/tmp/console-production-tdd-preparation-20260913/backend/crates/platform/request-context)
    Checking console-platform-provisioning v0.1.0 (/private/tmp/console-production-tdd-preparation-20260913/backend/crates/platform/provisioning)
    Checking console-ontology-canonical-adapter-postgres v0.1.0 (/private/tmp/console-production-tdd-preparation-20260913/backend/crates/ontology/canonical-adapter-postgres)
    Checking console-ontology-adapter-postgres v0.0.0 (/private/tmp/console-production-tdd-preparation-20260913/backend/crates/ontology/adapter-postgres)
    Checking console-payroll-adapter-postgres v0.1.0 (/private/tmp/console-production-tdd-preparation-20260913/backend/crates/payroll/adapter-postgres)
    Checking console-registry-adapter-postgres v0.1.0 (/private/tmp/console-production-tdd-preparation-20260913/backend/crates/registry/adapter-postgres)
    Checking console-governance-adapter-postgres v0.0.0 (/private/tmp/console-production-tdd-preparation-20260913/backend/crates/governance/adapter-postgres)
    Checking console-platform-storage v0.1.0 (/private/tmp/console-production-tdd-preparation-20260913/backend/crates/platform/storage)
    Checking console-notifications-adapter-postgres v0.1.0 (/private/tmp/console-production-tdd-preparation-20260913/backend/crates/notifications/adapter-postgres)
    Checking console-platform-authz-rest v0.0.0 (/private/tmp/console-production-tdd-preparation-20260913/backend/crates/platform/authz-rest)
    Checking console-inbox-adapter-postgres v0.1.0 (/private/tmp/console-production-tdd-preparation-20260913/backend/crates/inbox/adapter-postgres)
    Checking console-messenger-adapter-postgres v0.1.0 (/private/tmp/console-production-tdd-preparation-20260913/backend/crates/messenger/adapter-postgres)
    Checking console-identity-adapter-postgres v0.1.0 (/private/tmp/console-production-tdd-preparation-20260913/backend/crates/identity/adapter-postgres)
    Checking console-workorder-adapter-postgres v0.1.0 (/private/tmp/console-production-tdd-preparation-20260913/backend/crates/workorder/adapter-postgres)
    Checking console-comms-adapter-postgres v0.1.0 (/private/tmp/console-production-tdd-preparation-20260913/backend/crates/comms/adapter-postgres)
    Checking console-support-adapter-postgres v0.1.0 (/private/tmp/console-production-tdd-preparation-20260913/backend/crates/support/adapter-postgres)
    Checking console-reporting-adapter-postgres v0.1.0 (/private/tmp/console-production-tdd-preparation-20260913/backend/crates/reporting/adapter-postgres)
    Checking console-dispatch-adapter-postgres v0.1.0 (/private/tmp/console-production-tdd-preparation-20260913/backend/crates/dispatch/adapter-postgres)
    Checking console-financial-adapter-postgres v0.0.0 (/private/tmp/console-production-tdd-preparation-20260913/backend/crates/financial/adapter-postgres)
    Checking console-platform-rest v0.1.0 (/private/tmp/console-production-tdd-preparation-20260913/backend/crates/platform/platform-rest)
    Checking console-governance-rest v0.0.0 (/private/tmp/console-production-tdd-preparation-20260913/backend/crates/governance/rest)
    Checking console-leave-adapter-postgres v0.1.0 (/private/tmp/console-production-tdd-preparation-20260913/backend/crates/leave/adapter-postgres)
    Checking console-orgchange-adapter-postgres v0.1.0 (/private/tmp/console-production-tdd-preparation-20260913/backend/crates/orgchange/adapter-postgres)
    Checking console-sales-adapter-postgres v0.1.0 (/private/tmp/console-production-tdd-preparation-20260913/backend/crates/sales/adapter-postgres)
    Checking console-todos-adapter-postgres v0.1.0 (/private/tmp/console-production-tdd-preparation-20260913/backend/crates/todos/adapter-postgres)
    Checking console-notices-adapter-postgres v0.1.0 (/private/tmp/console-production-tdd-preparation-20260913/backend/crates/notices/adapter-postgres)
    Checking console-compliance-adapter-postgres v0.1.0 (/private/tmp/console-production-tdd-preparation-20260913/backend/crates/compliance/adapter-postgres)
    Checking console-inspection-adapter-postgres v0.0.0 (/private/tmp/console-production-tdd-preparation-20260913/backend/crates/inspection/adapter-postgres)
    Checking console-ontology-rest v0.0.0 (/private/tmp/console-production-tdd-preparation-20260913/backend/crates/ontology/rest)
    Checking console-platform-auth-rest v0.1.0 (/private/tmp/console-production-tdd-preparation-20260913/backend/crates/platform/auth-rest)
    Checking console-workorder-rest v0.1.0 (/private/tmp/console-production-tdd-preparation-20260913/backend/crates/workorder/rest)
    Checking console-finance-gl-adapter-postgres v0.0.0 (/private/tmp/console-production-tdd-preparation-20260913/backend/crates/finance-gl/adapter-postgres)
    Checking console-docs-adapter-postgres v0.1.0 (/private/tmp/console-production-tdd-preparation-20260913/backend/crates/docs/adapter-postgres)
    Checking console-inventory-adapter-postgres v0.1.0 (/private/tmp/console-production-tdd-preparation-20260913/backend/crates/inventory/adapter-postgres)
    Checking console-benefit-adapter-postgres v0.1.0 (/private/tmp/console-production-tdd-preparation-20260913/backend/crates/benefit/adapter-postgres)
    Checking console-platform-realtime v0.1.0 (/private/tmp/console-production-tdd-preparation-20260913/backend/crates/platform/realtime)
    Checking console-support-rest v0.1.0 (/private/tmp/console-production-tdd-preparation-20260913/backend/crates/support/rest)
    Checking console-payroll-rest v0.1.0 (/private/tmp/console-production-tdd-preparation-20260913/backend/crates/payroll/rest)
    Checking console-comms-rest v0.1.0 (/private/tmp/console-production-tdd-preparation-20260913/backend/crates/comms/rest)
    Checking console-evaluation-adapter-postgres v0.1.0 (/private/tmp/console-production-tdd-preparation-20260913/backend/crates/evaluation/adapter-postgres)
    Checking console-logistics-adapter-postgres v0.1.0 (/private/tmp/console-production-tdd-preparation-20260913/backend/crates/logistics/adapter-postgres)
    Checking console-recruiting-adapter-postgres v0.1.0 (/private/tmp/console-production-tdd-preparation-20260913/backend/crates/recruiting/adapter-postgres)
    Checking console-equipment-adapter-postgres v0.1.0 (/private/tmp/console-production-tdd-preparation-20260913/backend/crates/equipment/adapter-postgres)
    Checking console-notices-rest v0.1.0 (/private/tmp/console-production-tdd-preparation-20260913/backend/crates/notices/rest)
    Checking console-todos-rest v0.1.0 (/private/tmp/console-production-tdd-preparation-20260913/backend/crates/todos/rest)
    Checking console-leave-rest v0.1.0 (/private/tmp/console-production-tdd-preparation-20260913/backend/crates/leave/rest)
    Checking console-identity-rest v0.1.0 (/private/tmp/console-production-tdd-preparation-20260913/backend/crates/identity/rest)
    Checking console-docs-rest v0.0.0 (/private/tmp/console-production-tdd-preparation-20260913/backend/crates/docs/rest)
    Checking console-financial-rest v0.0.0 (/private/tmp/console-production-tdd-preparation-20260913/backend/crates/financial/rest)
    Checking console-dispatch-worker v0.1.0 (/private/tmp/console-production-tdd-preparation-20260913/backend/crates/dispatch/worker)
    Checking console-messenger-rest v0.1.0 (/private/tmp/console-production-tdd-preparation-20260913/backend/crates/messenger/rest)
    Checking console-registry-rest v0.1.0 (/private/tmp/console-production-tdd-preparation-20260913/backend/crates/registry/rest)
    Checking console-notifications-rest v0.1.0 (/private/tmp/console-production-tdd-preparation-20260913/backend/crates/notifications/rest)
    Checking console-inbox-rest v0.1.0 (/private/tmp/console-production-tdd-preparation-20260913/backend/crates/inbox/rest)
    Checking console-production-rest v0.0.0 (/private/tmp/console-production-tdd-preparation-20260913/backend/crates/production/rest)
    Checking console-consulting-rest v0.1.0 (/private/tmp/console-production-tdd-preparation-20260913/backend/crates/consulting/rest)
    Checking console-logistics-rest v0.1.0 (/private/tmp/console-production-tdd-preparation-20260913/backend/crates/logistics/rest)
    Checking console-evaluation-rest v0.1.0 (/private/tmp/console-production-tdd-preparation-20260913/backend/crates/evaluation/rest)
    Checking console-equipment-rest v0.1.0 (/private/tmp/console-production-tdd-preparation-20260913/backend/crates/equipment/rest)
    Checking console-benefit-rest v0.1.0 (/private/tmp/console-production-tdd-preparation-20260913/backend/crates/benefit/rest)
    Checking console-recruiting-rest v0.1.0 (/private/tmp/console-production-tdd-preparation-20260913/backend/crates/recruiting/rest)
    Checking console-inventory-rest v0.1.0 (/private/tmp/console-production-tdd-preparation-20260913/backend/crates/inventory/rest)
    Checking console-finance-gl-rest v0.0.0 (/private/tmp/console-production-tdd-preparation-20260913/backend/crates/finance-gl/rest)
    Checking console-compliance-rest v0.1.0 (/private/tmp/console-production-tdd-preparation-20260913/backend/crates/compliance/rest)
    Checking console-inspection-rest v0.0.0 (/private/tmp/console-production-tdd-preparation-20260913/backend/crates/inspection/rest)
    Checking console-sales-rest v0.1.0 (/private/tmp/console-production-tdd-preparation-20260913/backend/crates/sales/rest)
    Checking console-orgchange-rest v0.1.0 (/private/tmp/console-production-tdd-preparation-20260913/backend/crates/orgchange/rest)
    Checking console-reporting-rest v0.1.0 (/private/tmp/console-production-tdd-preparation-20260913/backend/crates/reporting/rest)
    Checking console-dispatch-rest v0.1.0 (/private/tmp/console-production-tdd-preparation-20260913/backend/crates/dispatch/rest)
    Checking console-integrity v0.1.0 (/private/tmp/console-production-tdd-preparation-20260913/backend/crates/compliance/integrity)
    Checking console-analytics-quant-rest v0.1.0 (/private/tmp/console-production-tdd-preparation-20260913/backend/crates/analytics-quant/rest)
    Checking console-facilities-rest v0.1.0 (/private/tmp/console-production-tdd-preparation-20260913/backend/crates/facilities/rest)
    Checking console-attendance-rest v0.1.0 (/private/tmp/console-production-tdd-preparation-20260913/backend/crates/attendance/rest)
    Checking console-policy-adapter-postgres v0.1.0 (/private/tmp/console-production-tdd-preparation-20260913/backend/crates/policy/adapter-postgres)
    Checking console-app v0.1.0 (/private/tmp/console-production-tdd-preparation-20260913/backend/app)
    Finished `dev` profile [unoptimized + debuginfo] target(s) in 1m 56s
warning: the following packages contain code that will be rejected by a future version of Rust: proc-macro-error2 v2.0.1
note: to see what the problems were, use the option `--future-incompat-report`, or run `cargo report future-incompatibilities --id 1`

── [fast] Layer-boundary gate  (cwd: backend)
[2026-09-15T14:13:25.882-04:00] Build ID: 6042675e-5fff-4a8a-9201-4dfda1695ea4
[2026-09-15T14:13:25.999-04:00] File changed: root//docs/specs/backlog-clearance-ledger.md
[2026-09-15T14:13:25.999-04:00] File changed: root//docs/benchmarks/g005-workflow-lifecycle-matrix.json
[2026-09-15T14:13:25.999-04:00] File changed: root//docs/benchmarks/g006-asset-dispatch-lifecycle-matrix.json
[2026-09-15T14:13:25.999-04:00] 763 additional file change events
[2026-09-15T14:13:26.072-04:00] Network: Up: 0B  Down: 0B
BUILD SUCCEEDED - starting your binary
console-gate-layer-boundary: checking workspace at /private/tmp/console-production-tdd-preparation-20260913/backend
console-gate-layer-boundary: PASSED — 175 workspace crates checked, 0 violations

── [fast] Audit-coverage gate  (cwd: backend)
    Finished `dev` profile [unoptimized + debuginfo] target(s) in 0.27s
     Running `/private/tmp/console-account30-cargo/debug/console-gate-audit-coverage`
console-gate-audit-coverage: checking workspace at /private/tmp/console-production-tdd-preparation-20260913/backend
console-gate-audit-coverage: FAILED - 3 violation(s):
  [MissingAuditEvent] /private/tmp/console-production-tdd-preparation-20260913/backend/app/src/durability_composition_tests.rs::seed_completion: state-changing handler must construct AuditEvent and call with_audit
  [MissingAuditEvent] /private/tmp/console-production-tdd-preparation-20260913/backend/app/src/durability_composition_tests.rs::required_api_confirmed_owner_audit_failure_replays_and_repairs: state-changing handler must construct AuditEvent and call with_audit
  [MissingAuditEvent] /private/tmp/console-production-tdd-preparation-20260913/backend/app/src/durability_composition_tests.rs::required_workflow_typed_unknown_preserves_pending_and_failed_events: state-changing handler must construct AuditEvent and call with_audit

── [fast] Migration-safety gate  (cwd: backend)
    Finished `dev` profile [unoptimized + debuginfo] target(s) in 0.19s
     Running `/private/tmp/console-account30-cargo/debug/console-gate-migration-safety`
console-gate-migration-safety: checking workspace at /private/tmp/console-production-tdd-preparation-20260913/backend
console-gate-migration-safety: PASSED

── [fast] Tenant-isolation gate  (cwd: backend)
    Finished `dev` profile [unoptimized + debuginfo] target(s) in 0.19s
     Running `/private/tmp/console-account30-cargo/debug/console-gate-tenant-isolation`
console-gate-tenant-isolation: checking workspace at /private/tmp/console-production-tdd-preparation-20260913/backend
console-gate-tenant-isolation: PASSED

── [fast] PII-no-logs gate  (cwd: backend)
    Finished `dev` profile [unoptimized + debuginfo] target(s) in 0.18s
     Running `/private/tmp/console-account30-cargo/debug/console-gate-pii-no-logs`
console-gate-pii-no-logs: checking workspace at /private/tmp/console-production-tdd-preparation-20260913/backend
console-gate-pii-no-logs: PASSED

── [fast] RLS-arming gate  (cwd: backend)
    Finished `dev` profile [unoptimized + debuginfo] target(s) in 0.18s
     Running `/private/tmp/console-account30-cargo/debug/console-gate-rls-arming`
console-gate-rls-arming: checking workspace at /private/tmp/console-production-tdd-preparation-20260913/backend
console-gate-rls-arming: FAILED - 3 violation(s):
  [BarePoolQuery] /private/tmp/console-production-tdd-preparation-20260913/backend/app/src/durability_composition_tests.rs:252: .fetch_one(&pool) executes on a bare pool with no armed app.current_org GUC — wrap the read in with_org_conn(self.pool(), current_org()?, ..) / with_audit(s), or add `// rls-arming: ok <reason>` if the table is global/non-RLS
  [BarePoolQuery] /private/tmp/console-production-tdd-preparation-20260913/backend/app/src/durability_composition_tests.rs:630: .fetch_one(pool) executes on a bare pool with no armed app.current_org GUC — wrap the read in with_org_conn(self.pool(), current_org()?, ..) / with_audit(s), or add `// rls-arming: ok <reason>` if the table is global/non-RLS
  [BarePoolQuery] /private/tmp/console-production-tdd-preparation-20260913/backend/app/src/durability_composition_tests.rs:861: .fetch_one(pool) executes on a bare pool with no armed app.current_org GUC — wrap the read in with_org_conn(self.pool(), current_org()?, ..) / with_audit(s), or add `// rls-arming: ok <reason>` if the table is global/non-RLS

── [fast] Dev-auth-absence gate  (cwd: backend)
    Finished `dev` profile [unoptimized + debuginfo] target(s) in 0.19s
     Running `/private/tmp/console-account30-cargo/debug/console-gate-dev-auth-absence`
console-gate-dev-auth-absence: checking workspace at /private/tmp/console-production-tdd-preparation-20260913/backend
console-gate-dev-auth-absence: PASSED — dev-auth is not in console-app's default features

── [fast] IaC tier-discipline gate  (cwd: backend)
    Finished `dev` profile [unoptimized + debuginfo] target(s) in 0.17s
     Running `/private/tmp/console-account30-cargo/debug/console-gate-iac-tier`
console-gate-iac-tier: checking deploy/ under /private/tmp/console-production-tdd-preparation-20260913
console-gate-iac-tier: PASSED — 126 IaC artifact(s) checked, 0 violations

── [fast] Fabricated-branch gate  (cwd: backend)
    Finished `dev` profile [unoptimized + debuginfo] target(s) in 0.18s
     Running `/private/tmp/console-account30-cargo/debug/console-gate-fabricated-branch`
console-gate-fabricated-branch: checking workspace at /private/tmp/console-production-tdd-preparation-20260913/backend
console-gate-fabricated-branch: PASSED (596 Rust files scanned) - text scan, defence in depth: three known blind spots are listed in the module doc (backend/ci/gates/fabricated-branch/src/lib.rs) and docs/CI-GATES.md

── [fast] Personal-data-classification gate  (cwd: backend)
    Finished `dev` profile [unoptimized + debuginfo] target(s) in 0.18s
     Running `/private/tmp/console-account30-cargo/debug/console-gate-personal-data-classification`
console-gate-personal-data-classification: checking workspace at /private/tmp/console-production-tdd-preparation-20260913
console-gate-personal-data-classification: 302 table(s), 3426 column(s); 832 column(s) classified; 242 table(s) still baselined; 1 statement(s) unreadable and waived
console-gate-personal-data-classification: PASSED

── [fast] Writer-ownership gate  (cwd: backend)
   Compiling console-ontology-canonical-domain v0.1.0 (/private/tmp/console-production-tdd-preparation-20260913/backend/crates/ontology/canonical-domain)
   Compiling console-gate-writer-ownership v0.1.0 (/private/tmp/console-production-tdd-preparation-20260913/backend/ci/gates/writer-ownership)
    Finished `dev` profile [unoptimized + debuginfo] target(s) in 3.15s
     Running `/private/tmp/console-account30-cargo/debug/console-gate-writer-ownership`
writer-ownership: scanned 316 production source files
writer-ownership: OK — no new second writer, no stale ratchet entry, no unpermitted shared-table writer

── [fast] Buck2 CI-gate mutation suites — every gate proven to still reject  (cwd: .)
[2026-09-15T14:13:40.392-04:00] Build ID: 235e619b-6b33-4353-bfa0-f429f89f3056
[2026-09-15T14:13:40.554-04:00] ✓ Pass: root//backend/ci/gates/migration-safety:console-gate-migration-safety-itest-gate_detects_violation (0.1s)
[2026-09-15T14:13:40.554-04:00] ---- STDOUT ----
[2026-09-15T14:13:40.554-04:00]
[2026-09-15T14:13:40.554-04:00] running 17 tests
[2026-09-15T14:13:40.554-04:00] test examining_no_migration_is_refused_not_passed ... ok
[2026-09-15T14:13:40.554-04:00] test gate_passes_safe_migration ... ok
[2026-09-15T14:13:40.554-04:00] test gate_rejects_disable_trigger_on_audit_events ... ok
[2026-09-15T14:13:40.554-04:00] test gate_rejects_drop_table_on_audited_table ... ok
[2026-09-15T14:13:40.554-04:00] test gate_rejects_update_or_delete_grants_on_audit_events ... ok
[2026-09-15T14:13:40.554-04:00] test a_workspace_with_a_safe_migration_still_passes ... ok
[2026-09-15T14:13:40.554-04:00] test gate_allows_drop_column_on_schema_qualified_non_audited_table ... ok
[2026-09-15T14:13:40.554-04:00] test gate_rejects_multi_statement_no_transaction_migration ... ok
[2026-09-15T14:13:40.554-04:00] test gate_rejects_drop_column_on_audited_table ... ok
[2026-09-15T14:13:40.554-04:00] test gate_rejects_non_contiguous_migration_versions ... ok
[2026-09-15T14:13:40.554-04:00] test gate_rejects_drop_column_after_another_alter_action ... ok
[2026-09-15T14:13:40.554-04:00] test gate_rejects_duplicate_migration_versions ... ok
[2026-09-15T14:13:40.554-04:00] test gate_rejects_drop_column_with_only_and_quoted_keyword_schema ... ok
[2026-09-15T14:13:40.554-04:00] test gate_rejects_drop_column_on_schema_qualified_audited_table ... ok
[2026-09-15T14:13:40.554-04:00] test gate_rejects_drop_table_on_built_in_audited_table_without_marker ... ok
[2026-09-15T14:13:40.554-04:00] test gate_rejects_drop_column_on_only_audited_table ... ok
[2026-09-15T14:13:40.554-04:00] test gate_rejects_concurrent_index_if_not_exists ... ok
[2026-09-15T14:13:40.554-04:00]
[2026-09-15T14:13:40.554-04:00] test result: ok. 17 passed; 0 failed; 0 ignored; 0 measured; 0 filtered out; finished in 0.02s
[2026-09-15T14:13:40.554-04:00]
[2026-09-15T14:13:40.554-04:00]
[2026-09-15T14:13:40.554-04:00] ---- STDERR ----
[2026-09-15T14:13:40.554-04:00]
[2026-09-15T14:13:40.581-04:00] ✓ Pass: root//backend/ci/gates/fabricated-branch:console-gate-fabricated-branch-itest-gate_detects_violation (0.1s)
[2026-09-15T14:13:40.581-04:00] ---- STDOUT ----
[2026-09-15T14:13:40.581-04:00]
[2026-09-15T14:13:40.581-04:00] running 7 tests
[2026-09-15T14:13:40.581-04:00] test gate_passes_the_migrated_capability_shape ... ok
[2026-09-15T14:13:40.581-04:00] test gate_scans_every_formerly_excluded_production_path ... ok
[2026-09-15T14:13:40.581-04:00] test gate_errors_when_it_walked_zero_rust_files ... ok
[2026-09-15T14:13:40.581-04:00] test gate_flags_the_any_over_own_branches_variant ... ok
[2026-09-15T14:13:40.581-04:00] test gate_flags_the_rustfmt_wrapped_chain ... ok
[2026-09-15T14:13:40.581-04:00] test gate_flags_a_reintroduced_representative_branch_helper ... ok
[2026-09-15T14:13:40.581-04:00] test gate_requires_a_marker_on_an_option_yielding_pick ... ok
[2026-09-15T14:13:40.581-04:00]
[2026-09-15T14:13:40.581-04:00] test result: ok. 7 passed; 0 failed; 0 ignored; 0 measured; 0 filtered out; finished in 0.03s
[2026-09-15T14:13:40.581-04:00]
[2026-09-15T14:13:40.581-04:00]
[2026-09-15T14:13:40.581-04:00] ---- STDERR ----
[2026-09-15T14:13:40.581-04:00]
[2026-09-15T14:13:40.598-04:00] ✓ Pass: root//backend/ci/gates/pii-no-logs:console-gate-pii-no-logs-itest-gate_detects_violation (0.1s)
[2026-09-15T14:13:40.598-04:00] ---- STDOUT ----
[2026-09-15T14:13:40.598-04:00]
[2026-09-15T14:13:40.598-04:00] running 7 tests
[2026-09-15T14:13:40.598-04:00] test gate_flags_korean_phone_number_in_tracing_macro ... ok
[2026-09-15T14:13:40.598-04:00] test gate_flags_longitude_first_gps_coordinate_pair_in_log_macro ... ok
[2026-09-15T14:13:40.598-04:00] test gate_ignores_pii_outside_log_macro_calls ... ok
[2026-09-15T14:13:40.598-04:00] test gate_flags_gps_coordinate_pair_in_log_macro ... ok
[2026-09-15T14:13:40.598-04:00] test examining_no_source_file_is_refused_not_passed ... ok
[2026-09-15T14:13:40.598-04:00] test gate_flags_resident_registration_number_in_bare_log_macro ... ok
[2026-09-15T14:13:40.598-04:00] test a_workspace_with_a_clean_source_file_still_passes ... ok
[2026-09-15T14:13:40.598-04:00]
[2026-09-15T14:13:40.598-04:00] test result: ok. 7 passed; 0 failed; 0 ignored; 0 measured; 0 filtered out; finished in 0.03s
[2026-09-15T14:13:40.598-04:00]
[2026-09-15T14:13:40.598-04:00]
[2026-09-15T14:13:40.598-04:00] ---- STDERR ----
[2026-09-15T14:13:40.598-04:00]
[2026-09-15T14:13:40.606-04:00] ✓ Pass: root//backend/ci/gates/fabricated-branch:console-gate-fabricated-branch-unit (0.1s)
[2026-09-15T14:13:40.606-04:00] ---- STDOUT ----
[2026-09-15T14:13:40.606-04:00]
[2026-09-15T14:13:40.606-04:00] running 15 tests
[2026-09-15T14:13:40.606-04:00] test tests::a_marked_option_yielding_pick_is_clean ... ok
[2026-09-15T14:13:40.606-04:00] test tests::accepts_authorize_capability ... ok
[2026-09-15T14:13:40.606-04:00] test tests::a_denying_all_arm_does_not_excuse_the_branches_arm ... ok
[2026-09-15T14:13:40.606-04:00] test tests::an_option_yielding_pick_still_needs_a_marker ... ok
[2026-09-15T14:13:40.606-04:00] test tests::accepts_a_resource_branch_read_off_the_row ... ok
[2026-09-15T14:13:40.606-04:00] test tests::an_arm_that_authorizes_is_flagged_beside_an_all_none_sibling ... ok
[2026-09-15T14:13:40.606-04:00] test tests::accepts_a_marked_exception ... ok
[2026-09-15T14:13:40.606-04:00] test tests::does_not_read_one_arm_into_the_next ... ok
[2026-09-15T14:13:40.606-04:00] test tests::flags_the_any_over_own_branches_form ... ok
[2026-09-15T14:13:40.606-04:00] test tests::flags_the_multi_line_all_arm ... ok
[2026-09-15T14:13:40.606-04:00] test tests::ignores_branch_picking_in_a_file_with_no_authorization ... ok
[2026-09-15T14:13:40.606-04:00] test tests::flags_the_rustfmt_wrapped_any_arm ... ok
[2026-09-15T14:13:40.606-04:00] test tests::ignores_the_pattern_inside_comments ... ok
[2026-09-15T14:13:40.606-04:00] test tests::flags_the_rustfmt_wrapped_branches_arm ... ok
[2026-09-15T14:13:40.606-04:00] test tests::flags_the_all_arm_that_mints_a_branch ... ok
[2026-09-15T14:13:40.606-04:00]
[2026-09-15T14:13:40.606-04:00] test result: ok. 15 passed; 0 failed; 0 ignored; 0 measured; 0 filtered out; finished in 0.03s
[2026-09-15T14:13:40.606-04:00]
[2026-09-15T14:13:40.606-04:00]
[2026-09-15T14:13:40.606-04:00] ---- STDERR ----
[2026-09-15T14:13:40.606-04:00]
[2026-09-15T14:13:40.901-04:00] ✓ Pass: root//backend/ci/gates/audit-coverage:console-gate-audit-coverage-itest-gate_detects_violation (0.1s)
[2026-09-15T14:13:40.901-04:00] ---- STDOUT ----
[2026-09-15T14:13:40.901-04:00]
[2026-09-15T14:13:40.901-04:00] running 15 tests
[2026-09-15T14:13:40.901-04:00] test allowed_exclusion_set_is_the_bound_carveouts ... ok
[2026-09-15T14:13:40.901-04:00] test gate_allows_exactly_one_location_ping_exemption ... ok
[2026-09-15T14:13:40.901-04:00] test gate_fails_unmarked_mutating_app_handler ... ok
[2026-09-15T14:13:40.901-04:00] test gate_fails_state_changing_handler_without_audit ... ok
[2026-09-15T14:13:40.901-04:00] test gate_fails_unmarked_mutating_rest_handler ... ok
[2026-09-15T14:13:40.901-04:00] test gate_ignores_transaction_scoped_mutation_helper_but_not_its_unaudited_handler ... ok
[2026-09-15T14:13:40.901-04:00] test gate_passes_audited_app_workflow_studio_handler ... ok
[2026-09-15T14:13:40.901-04:00] test gate_rejects_unknown_audit_exemption ... ok
[2026-09-15T14:13:40.901-04:00] test gate_allows_bound_console_telemetry_exemption ... ok
[2026-09-15T14:13:40.901-04:00] test gate_does_not_accept_audit_words_in_comments ... ok
[2026-09-15T14:13:40.901-04:00] test gate_does_not_treat_header_insert_as_sql_mutation ... ok
[2026-09-15T14:13:40.901-04:00] test gate_does_not_treat_select_for_update_as_mutation ... ok
[2026-09-15T14:13:40.901-04:00] test gate_passes_state_changing_handler_with_audit ... ok
[2026-09-15T14:13:40.901-04:00] test gate_rejects_location_exemption_on_wrong_function_in_bound_file ... ok
[2026-09-15T14:13:40.901-04:00] test gate_rejects_location_exemption_on_a_different_handler ... ok
[2026-09-15T14:13:40.901-04:00]
[2026-09-15T14:13:40.901-04:00] test result: ok. 15 passed; 0 failed; 0 ignored; 0 measured; 0 filtered out; finished in 0.03s
[2026-09-15T14:13:40.901-04:00]
[2026-09-15T14:13:40.901-04:00]
[2026-09-15T14:13:40.901-04:00] ---- STDERR ----
[2026-09-15T14:13:40.901-04:00]
[2026-09-15T14:13:40.932-04:00] ✓ Pass: root//backend/ci/gates/layer-boundary:console-gate-layer-boundary-itest-gate_detects_violation (0.5s)
[2026-09-15T14:13:40.932-04:00] ---- STDOUT ----
[2026-09-15T14:13:40.932-04:00]
[2026-09-15T14:13:40.932-04:00] running 16 tests
[2026-09-15T14:13:40.932-04:00] test contracts_crate_is_classified_as_its_own_layer ... ok
[2026-09-15T14:13:40.932-04:00] test gate_detects_domain_depending_on_sqlx ... ok
[2026-09-15T14:13:40.932-04:00] test gate_detects_domain_depends_on_contracts ... ok
[2026-09-15T14:13:40.932-04:00] test gate_detects_ui_depending_on_sqlx ... ok
[2026-09-15T14:13:40.932-04:00] test gate_passes_clean_rest_crate_without_ui_markers ... ok
[2026-09-15T14:13:40.932-04:00] test gate_allows_ui_crate_and_skips_ui_needles ... ok
[2026-09-15T14:13:40.932-04:00] test gate_passes_legal_edges ... ok
[2026-09-15T14:13:40.932-04:00] test gate_detects_html_smuggled_inside_existing_rest_crate ... ok
[2026-09-15T14:13:40.932-04:00] test gate_detects_domain_depends_on_adapter ... ok
[2026-09-15T14:13:40.932-04:00] test gate_detects_missing_lints_workspace ... ok
[2026-09-15T14:13:40.932-04:00] test gate_allows_rest_depends_on_contracts ... ok
[2026-09-15T14:13:40.932-04:00] test gate_detects_missing_publish_false_convention ... ok
[2026-09-15T14:13:40.932-04:00] test gate_detects_missing_console_prefix ... ok
[2026-09-15T14:13:40.932-04:00] test gate_allows_ui_to_contracts_and_app_to_ui ... ok
[2026-09-15T14:13:40.932-04:00] test gate_detects_illegal_ui_to_domain_edge ... ok
[2026-09-15T14:13:40.932-04:00] test gate_forbids_contracts_depending_on_domain ... ok
[2026-09-15T14:13:40.932-04:00]
[2026-09-15T14:13:40.932-04:00] test result: ok. 16 passed; 0 failed; 0 ignored; 0 measured; 0 filtered out; finished in 0.42s
[2026-09-15T14:13:40.932-04:00]
[2026-09-15T14:13:40.932-04:00]
[2026-09-15T14:13:40.932-04:00] ---- STDERR ----
[2026-09-15T14:13:40.932-04:00]
[2026-09-15T14:13:40.959-04:00] ✓ Pass: root//backend/ci/gates/vendor-lockin:console-gate-vendor-lockin-itest-gate_detects_violation (0.5s)
[2026-09-15T14:13:40.959-04:00] ---- STDOUT ----
[2026-09-15T14:13:40.959-04:00]
[2026-09-15T14:13:40.959-04:00] running 7 tests
[2026-09-15T14:13:40.959-04:00] test missing_registry_entry_identifies_offending_dependency ... ok
[2026-09-15T14:13:40.959-04:00] test missing_kernel_trait_identifies_requirement ... ok
[2026-09-15T14:13:40.959-04:00] test valid_registered_managed_cloud_seam_passes ... ok
[2026-09-15T14:13:40.959-04:00] test missing_replacement_path_identifies_requirement ... ok
[2026-09-15T14:13:40.959-04:00] test load_registry_reads_phaseout_index_json ... ok
[2026-09-15T14:13:40.959-04:00] test fewer_than_two_adapters_identifies_requirement ... ok
[2026-09-15T14:13:40.959-04:00] test binary_exits_non_zero_on_registry_violation ... ok
[2026-09-15T14:13:40.959-04:00]
[2026-09-15T14:13:40.959-04:00] test result: ok. 7 passed; 0 failed; 0 ignored; 0 measured; 0 filtered out; finished in 0.45s
[2026-09-15T14:13:40.959-04:00]
[2026-09-15T14:13:40.959-04:00]
[2026-09-15T14:13:40.959-04:00] ---- STDERR ----
[2026-09-15T14:13:40.959-04:00]
[2026-09-15T14:13:41.558-04:00] ✓ Pass: root//backend/ci/gates/personal-data-classification:console-gate-personal-data-classification-itest-gate_detects_violation (1.1s)
[2026-09-15T14:13:41.558-04:00] ---- STDOUT ----
[2026-09-15T14:13:41.558-04:00]
[2026-09-15T14:13:41.558-04:00] running 29 tests
[2026-09-15T14:13:41.558-04:00] test gate_rejects_a_baseline_entry_that_is_now_fully_classified ... ok
[2026-09-15T14:13:41.558-04:00] test gate_accepts_a_body_that_only_arms_row_level_security ... ok
[2026-09-15T14:13:41.558-04:00] test gate_rejects_a_baseline_entry_for_a_table_that_no_longer_exists ... ok
[2026-09-15T14:13:41.558-04:00] test gate_rejects_a_marker_for_a_column_that_does_not_exist ... ok
[2026-09-15T14:13:41.558-04:00] test drop_index_does_not_short_circuit_opaque_ddl_inspection ... ok
[2026-09-15T14:13:41.558-04:00] test gate_rejects_a_body_that_adds_a_column ... ok
[2026-09-15T14:13:41.558-04:00] test gate_ignores_a_dropped_column ... ok
[2026-09-15T14:13:41.558-04:00] test drop_index_does_not_hide_an_adjacent_unclassified_column ... ok
[2026-09-15T14:13:41.558-04:00] test gate_rejects_a_column_added_by_a_later_migration ... ok
[2026-09-15T14:13:41.558-04:00] test gate_accepts_the_column_neutral_statements_the_repo_writes ... ok
[2026-09-15T14:13:41.558-04:00] test gate_accepts_a_fully_classified_table ... ok
[2026-09-15T14:13:41.558-04:00] test gate_rejects_a_new_column_on_an_already_baselined_table ... ok
[2026-09-15T14:13:41.558-04:00] test gate_ignores_migrations_vendored_under_buck_out ... ok
[2026-09-15T14:13:41.558-04:00] test drop_index_does_not_admit_unknown_drop_statements ... ok
[2026-09-15T14:13:41.558-04:00] test gate_accepts_string_literals_that_are_not_bodies ... ok
[2026-09-15T14:13:41.558-04:00] test gate_rejects_an_unclassified_column ... ok
[2026-09-15T14:13:41.558-04:00] test gate_tolerates_unclassified_columns_in_a_baselined_table ... ok
[2026-09-15T14:13:41.558-04:00] test gate_rejects_a_token_outside_the_closed_vocabulary ... ok
[2026-09-15T14:13:41.558-04:00] test gate_rejects_an_unknown_subtoken ... ok
[2026-09-15T14:13:41.558-04:00] test gate_rejects_a_table_appended_to_the_baseline_after_the_freeze ... ok
[2026-09-15T14:13:41.558-04:00] test gate_rejects_a_table_created_inside_a_dollar_quoted_body ... ok
[2026-09-15T14:13:41.558-04:00] test gate_rejects_unique_id_without_its_subtoken ... ok
[2026-09-15T14:13:41.558-04:00] test gate_rejects_a_function_whose_single_quoted_body_builds_table_ddl ... ok
[2026-09-15T14:13:41.558-04:00] test drop_index_preserves_the_classified_column_inventory ... ok
[2026-09-15T14:13:41.558-04:00] test gate_rejects_a_reused_or_vacant_pre_freeze_migration_number ... ok
[2026-09-15T14:13:41.558-04:00] test gate_rejects_a_do_with_a_single_quoted_body ... ok
[2026-09-15T14:13:41.558-04:00] test gate_rejects_ddl_it_cannot_parse_instead_of_passing_it ... ok
[2026-09-15T14:13:41.558-04:00] test gate_rejects_every_table_spelling_the_dispatch_does_not_recognise ... ok
[2026-09-15T14:13:41.558-04:00] test gate_rejects_any_non_neutral_action_in_an_opaque_multi_action_alter ... ok
[2026-09-15T14:13:41.558-04:00]
[2026-09-15T14:13:41.558-04:00] test result: ok. 29 passed; 0 failed; 0 ignored; 0 measured; 0 filtered out; finished in 1.04s
[2026-09-15T14:13:41.558-04:00]
[2026-09-15T14:13:41.558-04:00]
[2026-09-15T14:13:41.558-04:00] ---- STDERR ----
[2026-09-15T14:13:41.558-04:00]
[2026-09-15T14:13:41.566-04:00] Network: Up: 0B  Down: 0B
Tests finished: [mPass 8[m. Fail 0. Timeout 0. Fatal 0. Skip 0. Omit 0. Infra Failure 0. Build failure 0

── [fast] PR 473 migration operational contract tests  (cwd: .)
test_backend_directory_resolves_to_repository_root (__main__.CommandLineTests.test_backend_directory_resolves_to_repository_root) ... ok
test_accepts_receipts_replayed_by_the_buck_console_on_stderr (__main__.ExecutionTests.test_accepts_receipts_replayed_by_the_buck_console_on_stderr)
CI's real delivery path: stdout empty, receipts on Buck2's stderr. ... ok
test_accepts_reordered_resolved_metadata (__main__.ExecutionTests.test_accepts_reordered_resolved_metadata) ... ok
test_accepts_timestamp_prefixed_buck_receipts_on_stderr (__main__.ExecutionTests.test_accepts_timestamp_prefixed_buck_receipts_on_stderr)
Keep accepting the compact stderr replay emitted by the CI console. ... ok
test_fails_when_buck_harness_fails (__main__.ExecutionTests.test_fails_when_buck_harness_fails) ... ok
test_rejects_a_bare_spoofed_test_line (__main__.ExecutionTests.test_rejects_a_bare_spoofed_test_line) ... ok
test_rejects_a_non_timestamp_line_prefix (__main__.ExecutionTests.test_rejects_a_non_timestamp_line_prefix)
The tolerated prefix is a timestamp, not arbitrary leading text. ... ok
test_rejects_comment_only_source_spoof_in_resolved_metadata (__main__.ExecutionTests.test_rejects_comment_only_source_spoof_in_resolved_metadata) ... ok
test_rejects_drifted_generated_rust_declaration (__main__.ExecutionTests.test_rejects_drifted_generated_rust_declaration) ... ok
test_rejects_drifted_postgres_wrapper_declaration (__main__.ExecutionTests.test_rejects_drifted_postgres_wrapper_declaration) ... ok
test_rejects_reusable_ci_database_urls_before_harness_invocation (__main__.ExecutionTests.test_rejects_reusable_ci_database_urls_before_harness_invocation) ... ok
test_rejects_wrong_or_duplicate_metadata_names (__main__.ExecutionTests.test_rejects_wrong_or_duplicate_metadata_names) ... ok
test_rejects_zero_or_multiple_selected_tests (__main__.ExecutionTests.test_rejects_zero_or_multiple_selected_tests) ... ok
test_requires_the_buck_owned_disposable_postgres_harness (__main__.ExecutionTests.test_requires_the_buck_owned_disposable_postgres_harness) ... ok
test_accepts_canonical_manifest (__main__.ManifestTests.test_accepts_canonical_manifest) ... ok
test_rejects_an_unapproved_but_unique_test_tuple (__main__.ManifestTests.test_rejects_an_unapproved_but_unique_test_tuple) ... ok
test_rejects_duplicate_or_missing_guarded_tests (__main__.ManifestTests.test_rejects_duplicate_or_missing_guarded_tests) ... ok
test_rejects_noncanonical_json (__main__.ManifestTests.test_rejects_noncanonical_json) ... ok
test_rejects_wrong_typed_release_authority (__main__.ManifestTests.test_rejects_wrong_typed_release_authority) ... ok

----------------------------------------------------------------------
Ran 19 tests in 0.008s

OK

── [fast] Buck2 platform-authz unit suite  (cwd: .)
[2026-09-15T14:13:41.722-04:00] Build ID: a5a09f16-f4e5-437f-b98b-60c5e8aca888
[2026-09-15T14:13:41.915-04:00] ✓ Pass: root//backend/crates/platform/authz:console-platform-authz-unit (0.1s)
[2026-09-15T14:13:41.915-04:00] ---- STDOUT ----
[2026-09-15T14:13:41.915-04:00]
[2026-09-15T14:13:41.915-04:00] running 96 tests
[2026-09-15T14:13:41.915-04:00] test cedar_pbac::authoring::tests::submit_requires_valid_and_review_blocks_self ... ok
[2026-09-15T14:13:41.915-04:00] test cedar_pbac::authoring::tests::schema_splice_anchor_is_exact ... ok
[2026-09-15T14:13:41.915-04:00] test cedar_pbac::engine::tests::matrix_generated_role_manage_policy_is_single_super_admin_rule ... ok
[2026-09-15T14:13:41.915-04:00] test cedar_pbac::authoring::tests::non_whitelisted_attr_is_invalid ... ok
[2026-09-15T14:13:41.915-04:00] test cedar_pbac::authoring::tests::unknown_action_is_invalid ... ok
[2026-09-15T14:13:41.915-04:00] test cedar_pbac::authoring::tests::undeclared_object_property_is_still_rejected ... ok
[2026-09-15T14:13:41.915-04:00] test cedar_pbac::map::tests::canonical_map_json_uses_snake_case_canonical_action_ids ... ok
[2026-09-15T14:13:41.915-04:00] test cedar_pbac::map::tests::canonical_map_expands_only_feature_backed_actions_and_scopes_out_the_rest ... ok
[2026-09-15T14:13:41.915-04:00] test cedar_pbac::map::tests::canonical_map_entries_are_legacy_only_with_no_bundle_and_derived_ids ... ok
[2026-09-15T14:13:41.915-04:00] test cedar_pbac::map::tests::unknown_action_id_fails_closed ... ok
[2026-09-15T14:13:41.915-04:00] test cedar_pbac::map::tests::unknown_mode_and_empty_resource_type_fail_closed ... ok
[2026-09-15T14:13:41.915-04:00] test cedar_pbac::map::tests::cedar_requiring_mode_fails_closed_without_per_org_bundle ... ok
[2026-09-15T14:13:41.915-04:00] test cedar_pbac::mode_contract::compare_lets_cedar_decide ... ok
[2026-09-15T14:13:41.915-04:00] test cedar_pbac::mode_contract::cedar_only_lets_cedar_decide_and_a_cedar_error_denies ... ok
[2026-09-15T14:13:41.915-04:00] test cedar_pbac::mode_contract::every_cedar_mode_denies_a_stale_identity ... ok
[2026-09-15T14:13:41.915-04:00] test cedar_pbac::mode_contract::every_cedar_mode_denies_an_invalid_enrollment_map ... ok
[2026-09-15T14:13:41.915-04:00] test cedar_pbac::mode_contract::every_cedar_mode_denies_an_rls_mismatch ... ok
[2026-09-15T14:13:41.915-04:00] test cedar_pbac::mode_contract::every_cedar_mode_denies_an_unavailable_bundle ... ok
[2026-09-15T14:13:41.915-04:00] test cedar_pbac::mode_contract::legacy_only_lets_legacy_decide_and_cedar_can_neither_grant_nor_veto ... ok
[2026-09-15T14:13:41.915-04:00] test cedar_pbac::mode_contract::legacy_only_is_the_only_mode_exempt_from_the_fail_closed_guards ... ok
[2026-09-15T14:13:41.915-04:00] test cedar_pbac::mode_contract::shadow_lets_legacy_enforce_and_the_cedar_policy_outcome_cannot_grant ... ok
[2026-09-15T14:13:41.915-04:00] test cedar_pbac::mode_contract::shadow_lets_no_cedar_shape_grant_and_credits_every_allow_to_legacy ... ok
[2026-09-15T14:13:41.915-04:00] test cedar_pbac::residual::tests::forbid_is_and_not_and_can_never_be_out_permitted ... ok
[2026-09-15T14:13:41.915-04:00] test cedar_pbac::residual::tests::ge_requires_numeric_and_casts_on_instance ... ok
[2026-09-15T14:13:41.915-04:00] test cedar_pbac::residual::tests::membership_lowers_to_any_over_a_bound_array ... ok
[2026-09-15T14:13:41.915-04:00] test cedar_pbac::residual::tests::owner_scoping_lowers_subject_attr_to_a_bound_literal ... ok
[2026-09-15T14:13:41.915-04:00] test cedar_pbac::residual::tests::projected_target_maps_field_to_a_gate_checked_column ... ok
[2026-09-15T14:13:41.915-04:00] test cedar_pbac::residual::tests::no_permit_denies_by_omission ... ok
[2026-09-15T14:13:41.915-04:00] test cedar_pbac::residual::tests::unconditional_forbid_collapses_whole_filter_to_false ... ok
[2026-09-15T14:13:41.915-04:00] test cedar_pbac::residual::tests::unsafe_attributes_column_denies_all ... ok
[2026-09-15T14:13:41.915-04:00] test cedar_pbac::residual::tests::untranslatable_term_collapses_whole_filter_never_drops ... ok
[2026-09-15T14:13:41.915-04:00] test resource_branch::tests::a_resource_branch_carries_the_branch_and_tenant_it_was_read_from ... ok
[2026-09-15T14:13:41.915-04:00] test resource_branch::tests::every_resource_kind_reads_exactly_one_resource_side_table_by_org_and_id ... ok
[2026-09-15T14:13:41.915-04:00] test temporal::tests::a_grant_with_no_recorded_interval_is_always_effective ... ok
[2026-09-15T14:13:41.915-04:00] test temporal::tests::an_empty_assignment_set_is_not_an_overlap ... ok
[2026-09-15T14:13:41.915-04:00] test temporal::tests::an_empty_interval_is_rejected_on_the_wire_too ... ok
[2026-09-15T14:13:41.915-04:00] test temporal::tests::an_empty_or_inverted_interval_is_rejected ... ok
[2026-09-15T14:13:41.915-04:00] test temporal::tests::an_inverted_interval_is_rejected_on_the_wire_too ... ok
[2026-09-15T14:13:41.915-04:00] test temporal::tests::an_open_ended_interval_closes_only_its_lower_end ... ok
[2026-09-15T14:13:41.915-04:00] test temporal::tests::every_constructible_validity_round_trips_through_serde ... ok
[2026-09-15T14:13:41.915-04:00] test temporal::tests::a_half_null_interval_does_not_deserialize_into_an_always_effective_grant ... ok
[2026-09-15T14:13:41.915-04:00] test temporal::tests::an_absent_bound_is_a_refusal_not_a_default ... ok
[2026-09-15T14:13:41.915-04:00] test temporal::tests::intervals_sharing_a_single_instant_for_one_role_are_rejected ... ok
[2026-09-15T14:13:41.915-04:00] test temporal::tests::overlap_detection_does_not_depend_on_input_order ... ok
[2026-09-15T14:13:41.915-04:00] test temporal::tests::the_same_interval_on_two_roles_is_not_an_overlap ... ok
[2026-09-15T14:13:41.915-04:00] test temporal::tests::touching_half_open_intervals_for_one_role_do_not_overlap ... ok
[2026-09-15T14:13:41.915-04:00] test temporal::tests::two_open_ended_intervals_for_one_role_are_rejected ... ok
[2026-09-15T14:13:41.915-04:00] test temporal::tests::two_interval_less_rows_for_one_role_are_rejected ... ok
[2026-09-15T14:13:41.915-04:00] test temporal::tests::valid_from_is_inside_the_interval_and_valid_to_is_outside ... ok
[2026-09-15T14:13:41.915-04:00] test tests::a_resource_branch_read_under_another_tenant_is_denied_however_wide_the_scope ... ok
[2026-09-15T14:13:41.915-04:00] test tests::a_dated_grant_is_effective_from_valid_from_inclusive_to_valid_to_exclusive ... ok
[2026-09-15T14:13:41.915-04:00] test tests::an_ambiguous_assignment_set_refuses_to_produce_grants ... ok
[2026-09-15T14:13:41.915-04:00] test tests::an_effective_dated_grant_is_invisible_to_authorize_org_wide ... ok
[2026-09-15T14:13:41.915-04:00] test tests::an_effective_dated_grant_is_invisible_to_the_time_blind_entry_points ... ok
[2026-09-15T14:13:41.915-04:00] test tests::an_expired_grant_is_unreachable_from_the_time_blind_grant_list ... ok
[2026-09-15T14:13:41.915-04:00] test tests::authorize_still_denies_a_resource_branch_outside_scope ... ok
[2026-09-15T14:13:41.915-04:00] test tests::attendance_management_features_are_admin_and_super_admin_only ... ok
[2026-09-15T14:13:41.915-04:00] test tests::capability_allows_grant_covering_principal_scope ... ok
[2026-09-15T14:13:41.915-04:00] test tests::capability_denies_empty_branch_scope_regardless_of_role ... ok
[2026-09-15T14:13:41.915-04:00] test tests::capability_denies_grant_narrower_than_principal_scope ... ok
[2026-09-15T14:13:41.915-04:00] test tests::capability_denies_partial_grant_for_all_scoped_principal ... ok
[2026-09-15T14:13:41.915-04:00] test tests::capability_honors_request_only_permission_level ... ok
[2026-09-15T14:13:41.915-04:00] test tests::an_interval_less_grant_decides_identically_on_every_entry_point ... ok
[2026-09-15T14:13:41.915-04:00] test tests::capability_agrees_with_authorize_on_every_in_scope_branch ... ok
[2026-09-15T14:13:41.915-04:00] test tests::capability_preserves_builtin_admin_on_completion_review ... ok
[2026-09-15T14:13:41.915-04:00] test tests::capability_replaces_an_order_dependent_grant_verdict_with_a_deny ... ok
[2026-09-15T14:13:41.915-04:00] test tests::custom_role_runtime_feature_allowed_blocks_only_the_safety_set ... ok
[2026-09-15T14:13:41.915-04:00] test tests::effective_scope_branch_claim_intersects_live_memberships ... ok
[2026-09-15T14:13:41.915-04:00] test tests::effective_scope_branch_claim_narrows_live_all ... ok
[2026-09-15T14:13:41.915-04:00] test tests::effective_scope_fails_closed_on_org_mismatch ... ok
[2026-09-15T14:13:41.915-04:00] test tests::effective_scope_rejects_group_on_ordinary_tenant_routes ... ok
[2026-09-15T14:13:41.915-04:00] test tests::effective_scope_preserves_legacy_org_live_scope ... ok
[2026-09-15T14:13:41.915-04:00] test tests::effective_scope_sub_org_levels_without_projection_fail_closed ... ok
[2026-09-15T14:13:41.915-04:00] test tests::migrated_sites_keep_todays_admin_verdict ... ok
[2026-09-15T14:13:41.915-04:00] test tests::one_assignment_is_one_entry_however_many_permissions_it_carries ... ok
[2026-09-15T14:13:41.915-04:00] test tests::service_authorization_requires_exact_feature_and_branch ... ok
[2026-09-15T14:13:41.915-04:00] test tests::capability_is_stricter_or_equal_for_every_principal_shape ... ok
[2026-09-15T14:13:41.915-04:00] test tests::the_branch_arm_honors_both_interval_ends_too ... ok
[2026-09-15T14:13:41.915-04:00] test tests::the_grant_set_resolves_at_decision_time_not_once_per_principal ... ok
[2026-09-15T14:13:41.915-04:00] test tests::some_is_branch_authorization_for_every_principal_shape ... ok
[2026-09-15T14:13:41.915-04:00] test tests::none_is_branchless_capability_authorization_for_every_principal_shape ... ok
[2026-09-15T14:13:41.915-04:00] test cedar_pbac::engine::tests::invalid_schema_is_not_activated ... ok
[2026-09-15T14:13:41.915-04:00] test cedar_pbac::authoring::tests::owner_permit_generates_and_validates ... ok
[2026-09-15T14:13:41.915-04:00] test cedar_pbac::engine::tests::matrix_generated_bundle_compiles_and_passes_strict_validation ... ok
[2026-09-15T14:13:41.915-04:00] test cedar_pbac::authoring::tests::declared_property_type_mismatch_fails_cedar_validation ... ok
[2026-09-15T14:13:41.915-04:00] test cedar_pbac::authoring::tests::declared_object_property_authors_and_strict_validates ... ok
[2026-09-15T14:13:41.915-04:00] test cedar_pbac::engine::tests::invalid_policy_fails_strict_validation_and_is_not_activated ... ok
[2026-09-15T14:13:41.915-04:00] test cedar_pbac::engine::tests::evaluate_allows_super_admin_and_denies_others ... ok
[2026-09-15T14:13:41.915-04:00] test cedar_pbac::authoring::tests::simulate_reports_determining_policy_and_no_errors ... ok
[2026-09-15T14:13:41.915-04:00] test cedar_pbac::authoring::tests::authorize_denies_by_omission_with_no_policies ... ok
[2026-09-15T14:13:41.915-04:00] test cedar_pbac::engine::tests::per_feature_bundle_keys_differ_across_features ... ok
[2026-09-15T14:13:41.915-04:00] test cedar_pbac::authoring::tests::forbid_always_wins_over_permit ... ok
[2026-09-15T14:13:41.915-04:00] test cedar_pbac::authoring::tests::object_policy_hides_cross_principal_row ... ok
[2026-09-15T14:13:41.915-04:00] test cedar_pbac::engine::tests::bundle_digest_is_deterministic_across_compiles ... ok
[2026-09-15T14:13:41.915-04:00] test cedar_pbac::engine::tests::per_feature_bundle_matches_the_legacy_matrix ... ok
[2026-09-15T14:13:41.915-04:00] test cedar_pbac::authoring::tests::resource_type_accepts_dotted_stable_keys_and_still_refuses_everything_else ... ok
[2026-09-15T14:13:41.915-04:00]
[2026-09-15T14:13:41.915-04:00] test result: ok. 96 passed; 0 failed; 0 ignored; 0 measured; 0 filtered out; finished in 0.10s
[2026-09-15T14:13:41.915-04:00]
[2026-09-15T14:13:41.915-04:00]
[2026-09-15T14:13:41.915-04:00] ---- STDERR ----
[2026-09-15T14:13:41.915-04:00]
[2026-09-15T14:13:41.920-04:00] Network: Up: 0B  Down: 0B
Tests finished: [mPass 1[m. Fail 0. Timeout 0. Fatal 0. Skip 0. Omit 0. Infra Failure 0. Build failure 0

── [fast] Cargo console-app unit suite  (cwd: .)
   Compiling console-app v0.1.0 (/private/tmp/console-production-tdd-preparation-20260913/backend/app)
    Finished `test` profile [unoptimized + debuginfo] target(s) in 34.52s
warning: the following packages contain code that will be rejected by a future version of Rust: proc-macro-error2 v2.0.1
note: to see what the problems were, use the option `--future-incompat-report`, or run `cargo report future-incompatibilities --id 1`
     Running unittests src/lib.rs (/private/tmp/console-account30-cargo/debug/deps/console_app-2d0cd91743b0c5c7)

running 166 tests
test action_inbox::tests::normalizes_the_legacy_workflow_run_alias ... ok
test action_inbox::tests::preserves_cursor_validation_and_source_failure_error_codes ... ok
test audit_chain_signer::tests::seal_worker_fails_closed_without_custody_or_allow_dev ... ok
test audit_chain_signer::tests::external_config_absent_when_unset ... ok
test collaboration::tests::personal_scope_is_pinned_to_actor ... ok
test collaboration::tests::poll_options_are_unique_and_object_link_is_paired ... ok
test audit_attestation_auth_tests::audit_attestation_builtin_gate_allows_only_super_admin_for_audit_read ... ok
test command_database_config_tests::api_with_database_requires_distinct_leave_command_database_url ... ok
test command_database_config_tests::blank_leave_command_database_url_fails_closed_for_database_backed_api ... ok
test cedar_parity::tests::report_surfaces_a_seeded_divergence_per_site ... ok
test audit_chain_signer::tests::external_config_rejects_partial ... ok
test command_database_config_tests::api_with_database_requires_platform_force_command_database_url ... ok
test command_database_config_tests::api_with_database_requires_distinct_ontology_command_database_url ... ok
test cedar_parity::tests::identical_divergences_dedupe_with_count ... ok
test cedar_parity::tests::divergences_from_different_domains_remain_distinct ... ok
test command_database_config_tests::api_rejects_command_urls_equal_to_runtime_or_each_other ... ok
test command_database_config_tests::serving_identity_rejects_outgoing_or_incoming_membership_edges ... ok
test command_database_config_tests::migration_identity_rejects_incoming_console_app_membership_edge ... ok
test command_database_config_tests::connected_role_guards_require_exact_direct_identity_without_membership ... ok
test command_database_config_tests::serving_role_guards_reject_each_escalating_attribute ... ok
test command_database_config_tests::migration_identity_accepts_only_the_exact_owner_topology ... ok
test command_database_config_tests::migration_identity_rejects_membership_and_definer_drift ... ok
test command_database_config_tests::database_free_api_does_not_require_leave_command_database_url ... ok
test command_database_config_tests::serving_timeout_guards_accept_only_exact_effective_defaults ... ok
test command_database_config_tests::api_rejects_pairwise_equal_decoded_database_passwords ... ok
test command_database_config_tests::database_urls_require_nonempty_decoded_passwords ... ok
test command_database_config_tests::serving_identity_query_checks_all_memberships_and_role_attributes ... ok
test command_database_config_tests::worker_requires_exact_runtime_login_but_migrate_keeps_owner_url ... ok
test command_database_config_tests::database_urls_reject_login_role_aliases_and_role_options ... ok
test audit_chain_signer::tests::external_config_requires_active_key_in_anchors ... ok
test email_config_tests::credentials_only_without_relay_fields_errors ... ok
test email_config_tests::creds_present_but_missing_port_still_errors ... ok
test email_config_tests::creds_present_but_missing_host_still_errors ... ok
test email_config_tests::creds_present_but_missing_from_still_errors ... ok
test email_config_tests::partial_config_missing_password_without_stub_mode_errors ... ok
test email_config_tests::empty_credentials_without_stub_mode_error ... ok
test email_config_tests::email_stub_mode_env_accepts_only_explicit_non_production_modes ... ok
test email_config_tests::fully_set_group_yields_live_config ... ok
test email_config_tests::partial_config_missing_username_without_stub_mode_errors ... ok
test email_config_tests::creds_present_but_invalid_port_still_errors ... ok
test email_config_tests::unset_group_yields_no_config ... ok
test email_config_tests::partial_config_missing_username_with_stub_mode_falls_back_to_stub ... ok
test hr::tests::attendance_import_rejects_unclosed_csv_quote ... ok
test command_database_config_tests::api_accepts_distinct_leave_command_database_url ... ok
test email_config_tests::every_partial_config_without_credentials_errors_without_stub_mode ... ok
test console_telemetry::security_diagnostic_sink_tests::database_error_conversion_keeps_private_protocol_diagnostics_out_of_public_trace ... ok
test hr::tests::attendance_input_normalization_bounds_mobile_retry_fields ... ok
test console_telemetry::security_diagnostic_sink_tests::request_context_error_conversion_keeps_private_policy_diagnostics_out_of_public_trace ... ok
test command_database_config_tests::worker_and_migrate_do_not_require_leave_command_database_url ... ok
test hr::tests::canonical_employee_fields_extract_hr_safe_columns ... ok
test audit_chain_signer::tests::http_custody_transport_maps_connect_failure_to_unavailable ... ok
test hr::tests::employee_attendance_state_machine_accepts_mobile_pc_workday_flow ... ok
test hr::tests::employee_attendance_state_machine_rejects_invalid_duplicate_punches ... ok
test hr::tests::canonical_employee_fields_marks_exited_people_without_deleting_raw_data ... ok
test hr::tests::employee_identity_resolution_accepts_high_confidence_trusted_strategies ... ok
test hr::tests::employee_identity_resolution_keeps_weak_strategies_review_required ... ok
test hr::tests::employee_identity_resolution_rejects_name_only_and_untrusted_confidence ... ok
test hr::tests::attendance_import_rejects_invalid_work_date ... ok
test hr::tests::attendance_import_keeps_invalid_minutes_as_row_error ... ok
test hr::tests::attendance_import_rejects_invalid_attendance_time ... ok
test hr::tests::frozen_internal_gate_failure_is_redacted_in_the_rest_response ... ok
test hr::tests::employee_response_serializes_canonical_fields_without_import_provenance ... ok
test hr::tests::certified_digest_binds_ordinary_wage_even_when_severance_unchanged ... ok
test hr::tests::home_branch_assignment_requires_org_wide_authority_when_unassigned ... ok
test hr::tests::exit_confirmation_hq_tier_enforces_state_and_distinct_actor ... ok
test hr::tests::org_wide_hr_authorization_rejects_branch_scoped_principals ... ok
test hr::tests::certified_package_digest_is_deterministic_and_canonical ... ok
test hr::tests::lifecycle_transition_refuses_onboard_and_transfer_when_already_exited ... ok
test hr::tests::home_branch_reassignment_requires_authority_over_old_and_new_branch ... ok
test hr::tests::ordinary_daily_wage_multiplies_before_dividing ... ok
test hr::tests::attendance_import_marks_missing_employee_and_duplicate_rows ... ok
test hr::tests::missing_name_header_is_a_workbook_error ... ok
test hr::tests::governed_import_detects_schema_header_below_title_rows ... ok
test hr::tests::attendance_import_csv_parses_valid_rows_and_masks_preview_values ... ok
test hr::tests::org_wide_hr_authorization_uses_core_org_wide_gate ... ok
test migration_database_budget_tests::migration_database_budgets_accept_exact_readback ... ok
test migration_database_budget_tests::migration_database_budgets_reject_any_readback_mismatch ... ok
test hr::tests::standardized_csv_neutralizes_spreadsheet_formulas ... ok
test objects::tests::count_kind_and_resolvable_kinds_stay_in_sync ... ok
test hr::tests::scoped_hr_authorization_checks_the_complete_scope_without_picking_a_branch ... ok
test hr::tests::governed_import_maps_shuffled_alias_headers_without_column_position_assumptions ... ok
test objects::tests::resolvable_kinds_and_declared_auth_stay_in_sync ... ok
test objects::tests::rejects_self_link_and_bad_kinds ... ok
test hr::tests::governed_import_preview_preserves_blank_name_rows_and_masks_sensitive_columns ... ok
test office::tests::document_ref_is_trimmed_bounded_and_control_free ... ok
test office::tests::document_key_changes_with_version_and_is_editor_safe ... ok
test office::tests::file_type_allowlist_rejects_unknown ... ok
test hr::tests::parses_each_sheet_as_company_and_preserves_extra_columns ... ok
test office::tests::same_origin_is_default_port_aware ... ok
test office::tests::same_origin_rejects_same_host_different_port_attack_url ... ok
test router_layer_tests::default_request_timeout_is_thirty_seconds ... ok
test office::tests::same_origin_rejects_scheme_and_host_mismatch ... ok
test production_route_surface_tests::production_execution_routes_are_assembled_and_contract_stable ... ok
test office::tests::onlyoffice_callback_claims_accept_expiry_within_clock_skew_leeway ... ok
test office::tests::onlyoffice_callback_claims_reject_expired_payload_beyond_leeway ... ok
test office::tests::config_token_signs_the_whole_config ... ok
test office::tests::onlyoffice_callback_claims_verify_from_signed_payload ... ok
test office::tests::expired_callback_token_is_rejected ... ok
test office::tests::callback_token_round_trips_and_rejects_tamper ... ok
test trusted_ingress_tests::proxy_forwarding_is_disabled_by_default_and_requires_a_trusted_peer_cidr ... ok
test workbench::tests::explicit_branch_must_intersect_effective_scope ... ok
test trusted_ingress_tests::ingress_rejects_direct_client_xff_spoofing_even_with_proxy_hops_configured ... ok
test trusted_ingress_tests::ingress_accepts_only_a_complete_trusted_proxy_suffix ... ok
test trusted_ingress_tests::ingress_falls_back_to_transport_peer_for_raw_or_short_xff ... ok
test trusted_ingress_tests::ingress_rejects_an_untrusted_configured_proxy_suffix ... ok
test workbench::tests::rejects_unknown_one_sided_malformed_and_overlong_queries ... ok
test worker_identity_tests::dispatch_worker_name_falls_back_to_service_name_outside_kubernetes ... ok
test worker_identity_tests::dispatch_worker_name_ignores_empty_hostname ... ok
test worker_identity_tests::dispatch_worker_name_includes_pod_hostname_when_present ... ok
test workbench::tests::workbench_errors_match_the_standard_error_body_contract ... ok
test worker_identity_tests::dispatch_worker_name_uses_default_service_for_empty_service_name ... ok
test workflow_object_context::tests::nullable_ticket_is_never_visible_to_a_branch_scoped_principal ... ok
test workflow_object_context::tests::query_is_closed_and_bounded ... ok
test workflow_object_context::tests::scoped_custom_grant_cannot_cross_from_branch_a_to_b ... ok
test workbench::tests::one_request_instant_drives_both_kst_default_range_and_as_of_at_rollover ... ok
test workbench::tests::defaults_to_the_kst_calendar_day ... ok
test workflow_object_context::tests::routed_authority_is_resolved_against_the_subject_branch ... ok
test workflow_schedules::tests::garbage_cron_is_rejected ... ok
test workflow_schedules::tests::unknown_timezone_is_rejected ... ok
test workflow_schedules::tests::next_occurrence_is_strictly_after ... ok
test workflow_schedules::tests::next_occurrences_respects_kst ... ok
test workflow_studio::tests::catalog_uses_electronic_approval_system_name_for_internal_approvals_connector ... ok
test workflow_studio::tests::allowlist_rejects_unknown_connector_actions ... ok
test workflow_schedules::tests::weekly_pattern_lands_on_monday_kst ... ok
test workflow_studio::tests::completion_approval_payroll_execution_graph_validates ... ok
test workflow_schedules::tests::valid_cron_parses ... ok
test workflow_studio::tests::definition_schema_version_is_required ... ok
test workflow_studio::tests::definition_schema_version_must_match_supported_version ... ok
test workflow_studio::tests::all_approval_template_builder_outputs_validate ... ok
test workflow_studio::tests::active_definition_is_editable_as_a_staged_revision ... ok
test hr::tests::home_branch_assignment_fails_closed_without_command_pool ... ok
test projected_dispatch_coverage::the_wired_registry_resolves_every_canonical_dispatch_target ... ok
test workflow_studio::tests::draft_update_rejects_empty_payload ... ok
test workflow_studio::tests::definition_with_pending_revision_is_not_editable ... ok
test workflow_studio::tests::execution_graph_job_node_requires_allowlisted_connector ... ok
test workflow_studio::tests::human_task_without_required_policy_fails_authoring ... ok
test workflow_studio::tests::execution_graph_accepts_guardrail_control_point_nodes ... ok
test workflow_studio::tests::job_node_without_start_policy_fails_authoring ... ok
test workflow_studio::tests::draft_update_merges_partial_payload_without_mutating_identity ... ok
test workflow_studio::tests::policy_decision_blocks_unsupported_templates ... ok
test workflow_studio::tests::policy_less_task_has_no_authorization_boundary ... ok
test workflow_studio::tests::policy_decision_missing_scope_blocks_publish ... ok
test workflow_studio::tests::oversize_run_payload_is_rejected ... ok
test workflow_studio::tests::policy_decision_metadata_requires_valid_schema ... ok
test workflow_studio::tests::receipt_required_approval_definition_includes_receipt_waiting_node ... ok
test workflow_studio::tests::required_lines_block_publish ... ok
test workflow_studio::tests::publish_validation_blocks_invalid_canonical_workflow_graphs ... ok
test workflow_studio::tests::publish_validation_messages_hide_action_allowlist_payload_values ... ok
test workflow_studio::tests::policy_decision_simulation_surfaces_cedar_pbac_tuple ... ok
test workflow_studio::tests::retired_definition_is_not_editable ... ok
test workflow_studio::tests::publish_validation_messages_include_stable_codes ... ok
test workflow_studio::tests::retired_definitions_cannot_take_sensitive_lifecycle_actions ... ok
test workflow_studio::tests::accepts_leave_and_catalog_canonical_workflow_templates ... ok
test workflow_studio::tests::simulation_surfaces_non_blocking_findings ... ok
test workflow_studio::tests::create_rejects_unsafe_condition_branch_config ... ok
test workflow_studio::tests::create_rejects_browser_defined_object_scope_and_update_handles ... ok
test workflow_studio::tests::create_rejects_invalid_canonical_workflow_graphs ... ok
test audit_chain_signer::tests::seal_worker_allows_explicit_dev_signer ... ok
test email_config_tests::app_state_without_smtp_or_stub_mode_fails_closed_without_logging_otp ... ok
test email_config_tests::app_state_with_explicit_stub_mode_allows_nonprod_otp_logging_stub ... ok
test audit_chain_signer::tests::build_attestation_signer_uses_external_when_configured ... ok
test audit_chain_signer::tests::http_custody_transport_signs_via_loopback_stub ... ok
test wide_event_middleware_tests::http_metrics_label_unmatched_route_sentinel_not_raw_path ... ok
test wide_event_middleware_tests::http_metrics_label_matched_route_template_not_raw_path ... ok
test router_layer_tests::domain_route_inside_timeout_is_shed_when_slow ... ok
test router_layer_tests::realtime_route_merged_outside_timeout_is_never_shed ... ok

test result: ok. 166 passed; 0 failed; 0 ignored; 0 measured; 0 filtered out; finished in 2.01s


── [fast] Cargo console-app OpenAPI drift suite  (cwd: .)
warning: linker stderr: ld: __eh_frame section too large (max 16MB) to encode dwarf unwind offsets in compact unwind table, performance of exception handling might be affected
  |
  = note: `#[warn(linker_messages)]` on by default

warning: `console-app` (bin "console-app") generated 1 warning
   Compiling console-app v0.1.0 (/private/tmp/console-production-tdd-preparation-20260913/backend/app)
    Finished `test` profile [unoptimized + debuginfo] target(s) in 2.47s
warning: the following packages contain code that will be rejected by a future version of Rust: proc-macro-error2 v2.0.1
note: to see what the problems were, use the option `--future-incompat-report`, or run `cargo report future-incompatibilities --id 1`
     Running tests/openapi_drift.rs (/private/tmp/console-account30-cargo/debug/deps/openapi_drift-17090455bce4d060)

running 15 tests
test only_exact_internal_intelligence_bind_is_admitted ... ok
test app_does_not_wire_intelligence_draft_dispatch_or_depend_on_the_seam_crate ... ok
test bounded_generated_sections_reject_missing_end_boundary - should panic ... ok
test bounded_generated_sections_reject_later_operation_or_enum_text ... ok
test openapi_documents_hr_attendance_branch_scope_query ... ok
test configured_route_inventory_includes_each_configured_surface ... ok
test openapi_documents_closed_month_as_year_month_not_calendar_date ... ok
test openapi_documents_evidence_register_snapshot_and_evidentiary_contract ... ok
test platform_route_operation_gate_rejects_missing_contract_entry ... ok
test openapi_yaml_covers_configured_route_inventory ... ok
test openapi_yaml_covers_platform_route_operations ... ok
test openapi_documents_closed_inventory_movement_source_variants ... ok
test configured_route_inventory_covers_router_route_calls ... ok
test intelligence_and_chat_http_surfaces_are_absent ... ok
test ai_assist_action_constructors_are_absent_from_landable_http_surfaces ... ok

test result: ok. 15 passed; 0 failed; 0 ignored; 0 measured; 0 filtered out; finished in 0.06s


── [fast] Tenant SQL identity regression  (cwd: .)
    Finished `test` profile [unoptimized + debuginfo] target(s) in 0.32s
     Running tests/qualified_table_identity.rs (/private/tmp/console-account30-cargo/debug/deps/qualified_table_identity-dd6a802f6a93e521)

running 19 tests
test qualified_add_column_and_set_not_null_update_same_table ... ok
test dynamic_single_identifier_dot_is_not_schema_qualification ... ok
test qualified_create_reuses_existing_unqualified_dynamic_rls_evidence ... ok
test mixed_unqualified_create_and_quoted_public_rls_share_identity ... ok
test dynamic_case_sensitive_identifier_cannot_supply_lowercase_rls ... ok
test same_basename_in_another_schema_cannot_supply_rls_evidence ... ok
test unknown_catalog_requires_explicit_classification ... ok
test two_tables_in_one_schema_cannot_share_rls_evidence ... ok
test quoted_lowercase_org_column_in_create_preserves_not_null ... ok
test qualified_nullable_exception_is_same_public_table ... ok
test mixed_public_create_and_unqualified_rls_share_identity ... ok
test qualified_unknown_table_remains_unclassified ... ok
test other_schema_or_column_name_is_not_an_owner_only_grant_target ... ok
test quoted_lowercase_org_column_in_alter_preserves_not_null ... ok
test unqualified_tenant_positive_control_remains_clean ... ok
test other_schema_does_not_inherit_global_or_nullable_allowlists ... ok
test quoted_case_or_dot_does_not_alias_existing_global_table ... ok
test public_global_table_resolves_to_existing_classification ... ok
test qualified_owner_only_grants_are_rejected_for_both_recipients ... ok

test result: ok. 19 passed; 0 failed; 0 ignored; 0 measured; 0 filtered out; finished in 0.01s


── [fast] Audit signature compatibility regression  (cwd: .)
   Compiling console-platform-db v0.1.0 (/private/tmp/console-production-tdd-preparation-20260913/backend/crates/platform/db)
   Compiling console-platform-authz v0.1.0 (/private/tmp/console-production-tdd-preparation-20260913/backend/crates/platform/authz)
   Compiling console-platform-auth v0.1.0 (/private/tmp/console-production-tdd-preparation-20260913/backend/crates/platform/auth)
   Compiling console-platform-group v0.1.0 (/private/tmp/console-production-tdd-preparation-20260913/backend/crates/platform/group)
   Compiling console-platform-audit-chain v0.1.0 (/private/tmp/console-production-tdd-preparation-20260913/backend/crates/platform/audit-chain)
   Compiling console-platform-request-context v0.1.0 (/private/tmp/console-production-tdd-preparation-20260913/backend/crates/platform/request-context)
    Finished `test` profile [unoptimized + debuginfo] target(s) in 6.05s
     Running tests/ed25519_compatibility.rs (/private/tmp/console-account30-cargo/debug/deps/ed25519_compatibility-410d6f9ad236a8fa)

running 13 tests
test external_signing_preserves_exact_transport_key_message_and_signature_bytes ... ok
test offline_external_signing_fails_closed_while_fixed_signature_verification_remains_available ... ok
test trusted_key_bytes_do_not_make_an_unpinned_key_reference_trusted ... ok
test pinned_old_anchor_survives_rotation_but_cannot_be_substituted_for_active_key ... ok
test rfc8032_one_byte_message_vector_verifies_through_both_public_apis ... ok
test frozen_old_ring_transcript_remains_verifiable_without_ring_test_dependency ... ok
test generated_dev_signer_preserves_raw_key_signature_and_key_reference_shapes ... ok
test truncated_and_extended_signatures_do_not_change_raw_wire_contract ... ok
test malformed_dev_key_references_retain_typed_error_instead_of_panicking ... ok
test rfc8032_empty_message_vector_verifies_through_both_public_apis ... ok
test nonraw_public_key_encodings_are_rejected_including_valid_der_spki_wrapper ... ok
test wrong_messages_and_swapped_keys_are_bad_signatures_not_transport_errors ... ok
test flipping_each_signature_byte_is_rejected ... ok

test result: ok. 13 passed; 0 failed; 0 ignored; 0 measured; 0 filtered out; finished in 0.03s


── [fast] Leptos common action SSR regression  (cwd: .)
   Compiling console-payroll-ui v0.1.0 (/private/tmp/console-production-tdd-preparation-20260913/backend/crates/payroll/ui)
    Finished `test` profile [unoptimized + debuginfo] target(s) in 4.93s
warning: the following packages contain code that will be rejected by a future version of Rust: proc-macro-error2 v2.0.1
note: to see what the problems were, use the option `--future-incompat-report`, or run `cargo report future-incompatibilities --id 1`
     Running tests/common_action_composer.rs (/private/tmp/console-account30-cargo/debug/deps/common_action_composer-93c2d478a41e1a4e)

running 17 tests
test address_encoding_is_injective_for_sequence_and_optional_item_boundaries ... ok
test local_tag_oracle_rejects_missing_duplicate_and_prefix_controls ... ok
test no_js_composer_uses_one_post_form_and_distinct_explicit_intents ... ok
test incomplete_decimal_is_not_coerced_and_error_links_to_exact_field ... ok
test exact_command_expected_draft_and_csrf_tokens_are_successful_hidden_controls ... ok
test read_only_projection_has_no_mutation_controls_or_tokens ... ok
test optional_selected_enum_can_be_cleared_without_javascript ... ok
test escaped_labels_values_errors_and_tokens_never_create_markup ... ok
test only_projected_fields_and_choices_exist_in_document ... ok
test save_only_projection_never_offers_submit ... ok
test conflict_preserves_editor_and_original_tokens_with_authorized_recovery ... ok
test unresolved_editor_can_save_and_retry_after_no_js_correction ... ok
test repeated_item_addresses_survive_reorder_without_aliasing ... ok
test submit_only_validation_error_retains_retry_without_inventing_save_authority ... ok
test unsafe_action_paths_never_create_mutation_or_serialize_tokens ... ok
test composer_form_has_accessible_business_name ... ok
test unsafe_recovery_paths_never_become_active_links ... ok

test result: ok. 17 passed; 0 failed; 0 ignored; 0 measured; 0 filtered out; finished in 0.00s


── [fast] ADR governance tests  (cwd: .)
npm notice run test:adrs
npm notice run node --test scripts/check-adrs.test.mjs
▶ ADR governance gate
  ✔ uses node:path primitives instead of POSIX-only path splitting (1.059875ms)
  ✔ accepts a complete corpus and the reserved never-issued ADR-0013 index row (14.886708ms)
  ✔ rejects duplicate ADR IDs (1.9375ms)
  ✔ rejects missing required id frontmatter (1.940208ms)
  ✔ rejects missing required status frontmatter (1.543916ms)
  ✔ rejects missing required doc_status frontmatter (1.502292ms)
  ✔ rejects missing required date frontmatter (1.5065ms)
  ✔ rejects missing required owner frontmatter (1.029833ms)
  ✔ rejects missing required related frontmatter (1.057667ms)
  ✔ rejects malformed and nonexistent local ADR relationship references (1.3305ms)
  ✔ rejects an impossible ADR calendar date (1.728167ms)
  ✔ rejects an impossible design-note calendar date (1.182667ms)
  ✔ rejects one-sided amend and supersession relationships (0.860584ms)
  ✔ rejects a proposed ADR that claims amendment or supersession authority (1.50475ms)
  ✔ rejects an accepted record that treats a proposed ADR as its superseder (0.99775ms)
  ✔ rejects an accepted ADR that amends a non-accepted target (1.747375ms)
  ✔ rejects an ADR that declares a superseder without becoming superseded (1.481042ms)
  ✔ rejects index status that promotes a proposed ADR to accepted (1.106084ms)
  ✔ rejects an index link that does not target the indexed ADR file (1.056709ms)
  ✔ rejects Markdown files that evade the ADR or design-note filename contracts (1.635875ms)
  ✔ rejects stale cross-repository references that still use ADR-0022 for portability (1.549333ms)
  ✔ scans tracked IaC text for retired ADR identities (1.273292ms)
  ✔ rejects a proposed ADR whose prose claims active supersession (1.190917ms)
  ✔ rejects a proposed ADR whose subject ID claims active supersession in prose (1.269292ms)
  ✔ rejects a proposed ADR whose bold subject ID claims active supersession (1.294458ms)
  ✔ rejects a proposed ADR whose inline-code subject ID claims active supersession (1.232708ms)
  ✔ allows conditional proposal language and ADR references in a design-note index row (1.456875ms)
  ✔ rejects design notes without a valid parent ADR (1.378834ms)
  ✔ rejects issuing the reserved ADR-0013 number (0.751625ms)
✔ ADR governance gate (53.806166ms)
▶ immutable execution evidence scope
  ✔ retains recorded rejected ADR inputs in machine evidence logs (1.381125ms)
  ✔ still rejects retired authority in docs/evidence/stale.md (1.11ms)
  ✔ still rejects retired authority in deploy/stale.log (1.429125ms)
  ✔ still rejects retired authority in docs/evidence-other/stale.log (1.130958ms)
✔ immutable execution evidence scope (5.157292ms)
ℹ tests 33
ℹ suites 2
ℹ pass 33
ℹ fail 0
ℹ cancelled 0
ℹ skipped 0
ℹ todo 0
ℹ duration_ms 113.426958

── [fast] ADR governance gate  (cwd: .)
npm notice run check:adrs
npm notice run node scripts/check-adrs.mjs
ADR governance gate passed: 40 ADRs, 8 design notes.

── [fast] Doc citations — every code citation must resolve  (cwd: .)
npm notice run check:doc-citations
npm notice run node scripts/console/verify-doc-citations.mjs docs/ideas/ecosystem-plan-DRAFT.md && node scripts/console/verify-doc-citations.mjs docs/program/false-green-gate-holes.md
RESOLVES — verifiable by grep
  ecosystem-plan-DRAFT.md:67  backend/crates/platform/authz/src/cedar_pbac/engine.rs  found "let action_uid = entity_uid("Action", request.action.feature().as_str())"
  ecosystem-plan-DRAFT.md:69  backend/crates/platform/authz/src/lib.rs  found "pub enum Feature"
  ecosystem-plan-DRAFT.md:69  backend/crates/platform/authz/src/lib.rs  found "const fn matrix_row"
  ecosystem-plan-DRAFT.md:74  backend/crates/platform/authz/src/lib.rs  found "pub enum Feature"
  ecosystem-plan-DRAFT.md:74  backend/crates/platform/db/migrations/0065_create_policy_roles.sql  found "CREATE TABLE feature_catalog"
  ecosystem-plan-DRAFT.md:75  backend/crates/platform/authz/src/lib.rs  found "pub enum Role"
  ecosystem-plan-DRAFT.md:76  backend/crates/platform/authz/src/lib.rs  found "const fn matrix_row"
  ecosystem-plan-DRAFT.md:82  backend/crates/platform/authz/src/cedar_pbac/engine.rs  found "Entity::new(subject_uid.clone(), subject_attrs, HashSet::new())"
  ecosystem-plan-DRAFT.md:83  backend/crates/platform/authz/src/cedar_pbac/engine.rs  found "Entity::new(resource_uid.clone(), resource_attrs, HashSet::new())"
  ecosystem-plan-DRAFT.md:83  backend/crates/platform/authz/src/cedar_pbac/engine.rs  found "Entities::from_entities([subject, resource_entity], Some(&bundle.schema))"
  ecosystem-plan-DRAFT.md:87  backend/crates/platform/authz/src/cedar_pbac/engine.rs  found "Entity::new"
  ecosystem-plan-DRAFT.md:87  backend/crates/platform/authz/src/cedar_pbac/engine.rs  found "Entities::from_entities"
  ecosystem-plan-DRAFT.md:92  backend/crates/platform/db/migrations/0002_create_users.sql  found "id UUID PRIMARY KEY"
  ecosystem-plan-DRAFT.md:93  backend/crates/platform/db/migrations/0034_enforce_org_id_rollout.sql  found "ADD CONSTRAINT users_id_org_key UNIQUE (id, org_id)"
  ecosystem-plan-DRAFT.md:94  backend/crates/platform/db/migrations/0063_create_employees.sql  found "id UUID PRIMARY KEY"
  ecosystem-plan-DRAFT.md:94  backend/crates/platform/db/migrations/0076_user_employee_link.sql  found "ADD CONSTRAINT employees_id_org_key UNIQUE (id, org_id)"
  ecosystem-plan-DRAFT.md:104  backend/crates/platform/db/migrations/0060_create_groups_and_membership.sql  found "user_id UUID NOT NULL REFERENCES users(id) ON DELETE CASCADE"
  ecosystem-plan-DRAFT.md:110  backend/crates/ontology/rest/tests/company_conformance/fixtures/org_unit.rs  found "key: "parent_org_unit_id""
  ecosystem-plan-DRAFT.md:120  backend/crates/platform/db/migrations/0162_create_notices.sql  found "FOREIGN KEY (recipient_user_id, org_id) REFERENCES users(id, org_id)"
  ecosystem-plan-DRAFT.md:121  backend/crates/platform/db/migrations/0153_create_governance.sql  found "FOREIGN KEY (approver_id, org_id)"
  ecosystem-plan-DRAFT.md:122  backend/crates/platform/db/migrations/0153_create_governance.sql  found "FOREIGN KEY (requested_by, org_id)"
  ecosystem-plan-DRAFT.md:129  backend/crates/platform/db/migrations/0102_create_object_types_and_links.sql  found "CREATE TABLE object_types"
  ecosystem-plan-DRAFT.md:129  backend/crates/platform/db/migrations/0102_create_object_types_and_links.sql  found "('person', 'Employee / person record')"
  ecosystem-plan-DRAFT.md:130  backend/crates/platform/db/migrations/0102_create_object_types_and_links.sql  found "('org_unit', 'Organizational unit (region/branch/worksite)')"
  ecosystem-plan-DRAFT.md:131  backend/crates/platform/db/migrations/0152_create_ontology_registry.sql  found "CREATE TABLE ont_object_types"
  ecosystem-plan-DRAFT.md:132  backend/crates/platform/db/migrations/0152_create_ontology_registry.sql  found "UNIQUE (org_id, stable_key, schema_version)"
  ecosystem-plan-DRAFT.md:134  backend/crates/platform/db/migrations/0115_seed_identity_object_kinds.sql  found "INSERT INTO object_types (kind, description) VALUES"
  ecosystem-plan-DRAFT.md:145  backend/crates/ontology/adapter-postgres/src/instances.rs  found "async fn list_projected_rows_tx"
  ecosystem-plan-DRAFT.md:148  backend/crates/platform/db/migrations/0152_create_ontology_registry.sql  found "CREATE TABLE ont_analytics"
  ecosystem-plan-DRAFT.md:154  docs/ideas/fanout-plan-DRAFT.md  found "Restating derived facts in prose across multiple documents"
  ecosystem-plan-DRAFT.md:164  backend/crates/platform/realtime/src/lib.rs  found "WebSocketUpgrade"
  ecosystem-plan-DRAFT.md:164  backend/crates/platform/realtime/src/lib.rs  found "pub struct PostgresMessageNotifier"
  ecosystem-plan-DRAFT.md:165  backend/crates/platform/realtime/src/lib.rs  found "pub struct PostgresNotificationNotifier"
  ecosystem-plan-DRAFT.md:165  backend/crates/platform/realtime/src/lib.rs  found "SELECT pg_notify($1, $2)"
  ecosystem-plan-DRAFT.md:166  backend/crates/platform/realtime/src/lib.rs  found "MESSAGE_POSTED_CHANNEL"
  ecosystem-plan-DRAFT.md:166  backend/crates/platform/realtime/src/lib.rs  found "MESSAGE_ACK_CHANNEL"
  ecosystem-plan-DRAFT.md:166  backend/crates/platform/realtime/src/lib.rs  found "NOTIFICATION_CREATED_CHANNEL"
  ecosystem-plan-DRAFT.md:166  backend/crates/platform/realtime/src/lib.rs  found "pub enum RealtimeEvent"
  ecosystem-plan-DRAFT.md:168  backend/crates/platform/realtime/src/lib.rs  found "pub const NOTIFY_PAYLOAD_LIMIT_BYTES: usize = 8000;"
  ecosystem-plan-DRAFT.md:174  backend/crates/platform/db/migrations/0012_create_messenger.sql  found "kind TEXT NOT NULL CHECK (kind IN ('work_order','team','dm','group'))"
  ecosystem-plan-DRAFT.md:175  backend/crates/platform/db/migrations/0012_create_messenger.sql  found "(kind = 'work_order' AND work_order_id IS NOT NULL)"
  ecosystem-plan-DRAFT.md:175  backend/crates/platform/db/migrations/0012_create_messenger.sql  found "CREATE UNIQUE INDEX idx_messenger_threads_work_order"
  ecosystem-plan-DRAFT.md:179  backend/crates/platform/db/migrations/0012_create_messenger.sql  found "CREATE TABLE messenger_thread_members"
  ecosystem-plan-DRAFT.md:185  backend/crates/platform/db/migrations/0065_create_policy_roles.sql  found "CREATE TABLE policy_assignment_preview_receipts"
  ecosystem-plan-DRAFT.md:191  backend/crates/platform/db/migrations/0065_create_policy_roles.sql  found "CREATE TABLE policy_versions"
  ecosystem-plan-DRAFT.md:199  backend/crates/ontology/adapter-postgres/src/instances.rs  found "async fn sync_property_links_tx"
  ecosystem-plan-DRAFT.md:202  backend/crates/ontology/adapter-postgres/src/instances.rs  found "for prop in props"
  ecosystem-plan-DRAFT.md:205  backend/crates/ontology/adapter-postgres/src/instances.rs  found "link.get("stable_key").and_then(serde_json::Value::as_str)"
  ecosystem-plan-DRAFT.md:206  backend/crates/ontology/adapter-postgres/src/instances.rs  found "SELECT id FROM ont_link_types WHERE object_type_id = $1 AND stable_key = $2"
  ecosystem-plan-DRAFT.md:208  backend/crates/ontology/adapter-postgres/src/instances.rs  found "JOIN ont_object_types t ON t.id = i.object_type_id"
  ecosystem-plan-DRAFT.md:209  backend/crates/ontology/adapter-postgres/src/instances.rs  found "Some(actual) if actual != to_type"
  ecosystem-plan-DRAFT.md:211  backend/crates/ontology/adapter-postgres/src/instances.rs  found "if link_type_ids.is_empty()"
  ecosystem-plan-DRAFT.md:223  backend/crates/ontology/adapter-postgres/src/instances.rs  found "pub async fn create_link"
  ecosystem-plan-DRAFT.md:223  backend/crates/ontology/adapter-postgres/src/instances.rs  found "INSERT INTO ont_links"
  ecosystem-plan-DRAFT.md:225  backend/crates/ontology/rest/src/lib.rs  found "pub const ONTOLOGY_ROUTE_PATHS: &[&str] = &["
  ecosystem-plan-DRAFT.md:235  backend/crates/ontology/rest/tests/company_conformance/fixtures/employment.rs  found ""link": {"stable_key": "employment_position", "to_type": "job_position"}"
  ecosystem-plan-DRAFT.md:235  backend/crates/ontology/rest/tests/company_conformance/fixtures/employment.rs  found ""link": {"stable_key": "employment_org_unit", "to_type": "org_unit"}"
  ecosystem-plan-DRAFT.md:241  backend/crates/ontology/adapter-postgres/src/lib.rs  found "fn validate_draft"
  ecosystem-plan-DRAFT.md:241  backend/crates/ontology/adapter-postgres/src/lib.rs  found "validate_draft(&draft)?"
  ecosystem-plan-DRAFT.md:242  backend/crates/ontology/adapter-postgres/src/lib.rs  found "duplicate link key {key:?} in object type draft"
  ecosystem-plan-DRAFT.md:251  backend/crates/platform/authz/src/cedar_pbac/residual.rs  found "// Deny-by-omission: no applicable permit ⇒ nothing is visible."
  ecosystem-plan-DRAFT.md:252  backend/crates/platform/authz/src/cedar_pbac/residual.rs  found "if permits.is_empty() { return ResidualFilter::deny_all(); }"
  ecosystem-plan-DRAFT.md:262  backend/crates/ontology/rest/src/lib.rs  found "pub const OBJECT_TYPE_LIFECYCLE_PATH"
  ecosystem-plan-DRAFT.md:263  backend/crates/ontology/rest/src/lib.rs  found "pub const OBJECT_TYPE_POLICIES_PATH"
  ecosystem-plan-DRAFT.md:273  backend/crates/ontology/rest/tests/object_policy_attach_as_runtime_role.rs  found "a row the list hides must not be fetchable by id"
  ecosystem-plan-DRAFT.md:292  backend/crates/platform/authz/src/lib.rs  found "pub const ALL: [Self; 96]"
  ecosystem-plan-DRAFT.md:293  docs/specs/rbac-configurable.md  found "System roles immutable; capability catalog fixed."
  ecosystem-plan-DRAFT.md:300  docs/specs/rbac-configurable.md  found "bootstrap columns for migration parity"
  ecosystem-plan-DRAFT.md:300  docs/specs/rbac-configurable.md  found "Every one of the 18 enumerated sites converts to a capability check"
  ecosystem-plan-DRAFT.md:305  backend/crates/platform/authz/src/lib.rs  found "pub async fn resolve_branch_scope_in_org"
  ecosystem-plan-DRAFT.md:318  backend/crates/platform/request-context/src/lib.rs  found "effective_branch_scope_for_tenant(BranchScope::All, access_scope, org_id)"
  ecosystem-plan-DRAFT.md:321  backend/crates/platform/realtime/src/lib.rs  found "slot.principal.user_id == recipient"
  ecosystem-plan-DRAFT.md:321  backend/crates/platform/realtime/src/lib.rs  found "slot.principal.branch_scope.allows(branch_id)"
  ecosystem-plan-DRAFT.md:335  docs/specs/rbac-configurable.md  found "Custom role definitions do **not** widen"
  ecosystem-plan-DRAFT.md:340  docs/specs/rbac-configurable.md  found "Custom role definitions do **not** widen"
  ecosystem-plan-DRAFT.md:341  docs/specs/rbac-configurable.md  found "No SQL/console path creates a new"
  ecosystem-plan-DRAFT.md:347  backend/crates/platform/platform-rest/src/lib.rs  found "async fn create_org"
  ecosystem-plan-DRAFT.md:352  docs/specs/rbac-configurable.md  found "Scope reach as policy:"
  ecosystem-plan-DRAFT.md:396  backend/crates/platform/db/migrations/0155_create_ontology_instances.sql  found "CREATE TABLE ont_instance_revisions"
  ecosystem-plan-DRAFT.md:399  backend/crates/platform/db/migrations/0155_create_ontology_instances.sql  found "CREATE OR REPLACE FUNCTION ont_instance_revisions_append_only()"
  ecosystem-plan-DRAFT.md:403  docs/program/console-program-ledger.md  found "every control trace remains"
  ecosystem-plan-DRAFT.md:404  docs/program/console-program-ledger.md  found "Epics (documented, later):"
  ecosystem-plan-DRAFT.md:417  backend/ci/gates/tenant-isolation/src/lib.rs  found "pub fn global_table_allowlist()"
  ecosystem-plan-DRAFT.md:417  backend/ci/gates/tenant-isolation/src/lib.rs  found ""canonical object-kind registry, seeded platform-wide, no tenant data""
  ecosystem-plan-DRAFT.md:418  backend/ci/gates/tenant-isolation/src/lib.rs  found "pub fn owner_only_table_allowlist()"
  ecosystem-plan-DRAFT.md:418  backend/ci/gates/tenant-isolation/src/lib.rs  found ""cross-tenant group membership authorization; resolver only""
  ecosystem-plan-DRAFT.md:419  backend/ci/gates/tenant-isolation/src/lib.rs  found "&& !global.contains(table.as_str())"
  ecosystem-plan-DRAFT.md:420  backend/crates/platform/db/migrations/0155_create_ontology_instances.sql  found "CREATE TABLE ont_instances"
  ecosystem-plan-DRAFT.md:420  backend/crates/platform/db/migrations/0155_create_ontology_instances.sql  found "CREATE TABLE ont_instance_revisions"
  ecosystem-plan-DRAFT.md:420  backend/crates/platform/db/migrations/0155_create_ontology_instances.sql  found "CREATE TABLE ont_links"
  ecosystem-plan-DRAFT.md:424  backend/ci/gates/tenant-isolation/src/lib.rs  found "no tenant data"
  ecosystem-plan-DRAFT.md:427  backend/ci/gates/tenant-isolation/src/lib.rs  found ""cross-tenant group role authorization; own-grants resolver only""
  ecosystem-plan-DRAFT.md:428  backend/crates/platform/db/migrations/0155_create_ontology_instances.sql  found "CREATE TABLE ont_instances"
  ecosystem-plan-DRAFT.md:430  backend/crates/platform/db/migrations/0155_create_ontology_instances.sql  found "FOREIGN KEY (from_instance_id, org_id) REFERENCES ont_instances(id, org_id) ON DELETE CASCADE,"
  ecosystem-plan-DRAFT.md:431  backend/crates/platform/db/migrations/0155_create_ontology_instances.sql  found "FOREIGN KEY (to_instance_id, org_id) REFERENCES ont_instances(id, org_id)"
  ecosystem-plan-DRAFT.md:440  backend/crates/platform/db/migrations/0152_create_ontology_registry.sql  found "backing_kind TEXT NOT NULL CHECK (backing_kind IN ('projected','instance'))"
  ecosystem-plan-DRAFT.md:441  backend/crates/platform/db/migrations/0152_create_ontology_registry.sql  found "(backing_kind = 'projected' AND backing_table IS NOT NULL AND primary_key_property IS NOT NULL)"
  ecosystem-plan-DRAFT.md:442  backend/crates/ontology/adapter-postgres/src/instances.rs  found "fn allowlisted_projected_table"
  ecosystem-plan-DRAFT.md:443  backend/crates/ontology/adapter-postgres/src/instances.rs  found "async fn list_projected_rows_tx"
  ecosystem-plan-DRAFT.md:444  backend/crates/ontology/adapter-postgres/src/instances.rs  found "owns no store of its own"
  ecosystem-plan-DRAFT.md:448  backend/crates/ontology/adapter-postgres/src/instances.rs  found "fn allowlisted_projected_table"
  ecosystem-plan-DRAFT.md:467  backend/crates/platform/db/migrations/0060_create_groups_and_membership.sql  found "CREATE OR REPLACE FUNCTION group_role_grants_for_user(p_user UUID)"
  ecosystem-plan-DRAFT.md:468  backend/crates/platform/db/migrations/0102_create_object_types_and_links.sql  found "CREATE TABLE object_links"
  ecosystem-plan-DRAFT.md:468  backend/crates/platform/authz-rest/src/store.rs  found "pub async fn load_enforced_object_policy_blocks"
  ecosystem-plan-DRAFT.md:503  backend/ci/gates/tenant-isolation/src/lib.rs  found "no tenant data"
  ecosystem-plan-DRAFT.md:517  backend/crates/platform/db/migrations/0076_user_employee_link.sql  found "ADD COLUMN employee_id UUID;"
  ecosystem-plan-DRAFT.md:518  backend/crates/platform/db/migrations/0076_user_employee_link.sql  found "CREATE UNIQUE INDEX users_org_employee_unique_idx"
  ecosystem-plan-DRAFT.md:519  backend/crates/platform/db/migrations/0076_user_employee_link.sql  found "HAVING count(*) = 1"
  ecosystem-plan-DRAFT.md:520  backend/crates/platform/db/migrations/0075_employee_identity_resolution.sql  found "ADD COLUMN identity_resolution_strategy"
  ecosystem-plan-DRAFT.md:520  backend/crates/platform/db/migrations/0075_employee_identity_resolution.sql  found "ADD COLUMN identity_resolution_confidence"
  ecosystem-plan-DRAFT.md:550  backend/crates/platform/db/migrations/0003_create_audit_events.sql  found "CREATE TABLE audit_events"
  ecosystem-plan-DRAFT.md:552  backend/ci/gates/tenant-isolation/src/lib.rs  found "ViolationKind::UnclassifiedTable"
  ecosystem-plan-DRAFT.md:553  backend/crates/platform/db/migrations/0155_create_ontology_instances.sql  found "CREATE TABLE ont_instance_revisions"
  ecosystem-plan-DRAFT.md:554  backend/crates/platform/db/migrations/0155_create_ontology_instances.sql  found "CHECK (lifecycle_state IN ('draft','active','locked','archived','disposed'))"
  ecosystem-plan-DRAFT.md:555  backend/crates/platform/db/migrations/0152_create_ontology_registry.sql  found "title_property_key TEXT NULL"
  ecosystem-plan-DRAFT.md:555  backend/crates/platform/db/migrations/0102_create_object_types_and_links.sql  found "kind TEXT PRIMARY KEY"
  ecosystem-plan-DRAFT.md:556  backend/crates/platform/db/migrations/0102_create_object_types_and_links.sql  found "CREATE TABLE object_links"
  ecosystem-plan-DRAFT.md:558  backend/crates/platform/db/migrations/0012_create_messenger.sql  found "CHECK (kind IN ('work_order','team','dm','group'))"
  ecosystem-plan-DRAFT.md:562  backend/crates/platform/db/migrations/0152_create_ontology_registry.sql  found "CREATE TABLE ont_analytics"
  ecosystem-plan-DRAFT.md:583  backend/crates/ontology/rest/src/lib.rs  found "get(list_object_types).post(create_object_type)"
  ecosystem-plan-DRAFT.md:583  backend/crates/ontology/rest/src/lib.rs  found "get(get_object_type).put(stage_object_type_revision)"
  ecosystem-plan-DRAFT.md:584  backend/crates/ontology/rest/src/lib.rs  found "pub const OBJECT_TYPE_LIFECYCLE_PATH"
  ecosystem-plan-DRAFT.md:585  backend/crates/ontology/rest/src/lib.rs  found "pub const OBJECT_TYPE_POLICIES_PATH"
  ecosystem-plan-DRAFT.md:590  backend/crates/ontology/adapter-postgres/src/instances.rs  found "fn allowlisted_projected_table"
  ecosystem-plan-DRAFT.md:591  backend/crates/ontology/rest/src/lib.rs  found "pub struct ProjectedDispatchRegistry {"
  ecosystem-plan-DRAFT.md:592  backend/crates/platform/authz/src/cedar_pbac/authoring.rs  found "const AUTHORING_ACTIONS: &[&str] = &["
  ecosystem-plan-DRAFT.md:607  docs/decisions/notes/DN-0003-adr-0025-operational-object-runtime.md  found "Every consequential mutation is an Action."
  ecosystem-plan-DRAFT.md:608  backend/crates/ontology/adapter-postgres/src/instances.rs  found "owns no store of its own"
  ecosystem-plan-DRAFT.md:611  backend/crates/ontology/adapter-postgres/src/instances.rs  found "This is a READ-ONLY view"
  ecosystem-plan-DRAFT.md:620  backend/crates/platform/db/migrations/0003_create_audit_events.sql  found "CREATE TABLE audit_events"
  ecosystem-plan-DRAFT.md:620  backend/crates/platform/db/migrations/0032_add_org_id_columns_rollout.sql  found "ALTER TABLE audit_events ADD COLUMN org_id UUID;"
  ecosystem-plan-DRAFT.md:621  backend/crates/platform/db/migrations/0149_add_audit_context_classification.sql  found "ADD COLUMN classification_badges TEXT[],"
  ecosystem-plan-DRAFT.md:623  backend/crates/platform/db/migrations/0003_create_audit_events.sql  found "actor UUID REFERENCES users(id)"
  ecosystem-plan-DRAFT.md:623  backend/crates/platform/db/migrations/0003_create_audit_events.sql  found "action TEXT NOT NULL CHECK"
  ecosystem-plan-DRAFT.md:623  backend/crates/platform/db/migrations/0003_create_audit_events.sql  found "target_type TEXT NOT NULL"
  ecosystem-plan-DRAFT.md:623  backend/crates/platform/db/migrations/0003_create_audit_events.sql  found "target_id TEXT NOT NULL"
  ecosystem-plan-DRAFT.md:624  backend/crates/platform/db/migrations/0003_create_audit_events.sql  found "branch_id UUID REFERENCES branches(id)"
  ecosystem-plan-DRAFT.md:624  backend/crates/platform/db/migrations/0003_create_audit_events.sql  found "before_snap JSONB"
  ecosystem-plan-DRAFT.md:624  backend/crates/platform/db/migrations/0003_create_audit_events.sql  found "after_snap JSONB"
  ecosystem-plan-DRAFT.md:624  backend/crates/platform/db/migrations/0003_create_audit_events.sql  found "trace_id CHAR(32)"
  ecosystem-plan-DRAFT.md:624  backend/crates/platform/db/migrations/0003_create_audit_events.sql  found "span_id CHAR(16)"
  ecosystem-plan-DRAFT.md:625  backend/crates/platform/db/migrations/0003_create_audit_events.sql  found "occurred_at TIMESTAMPTZ NOT NULL,"
  ecosystem-plan-DRAFT.md:625  backend/crates/platform/db/migrations/0149_add_audit_context_classification.sql  found "ADD COLUMN reason TEXT;"
  ecosystem-plan-DRAFT.md:644  backend/ci/gates/migration-safety/src/lib.rs  found "fn built_in_audited_tables"
  ecosystem-plan-DRAFT.md:649  backend/ci/gates/migration-safety/src/lib.rs  found "fn discover_audited_tables"
  ecosystem-plan-DRAFT.md:651  backend/crates/platform/db/migrations/0164_bind_consume_four_eyes.sql  found "ADD COLUMN target_ref UUID;"
  ecosystem-plan-DRAFT.md:658  backend/crates/platform/db/migrations/0149_add_audit_context_classification.sql  found "ADD COLUMN classification_badges TEXT[],"
  ecosystem-plan-DRAFT.md:660  backend/crates/kernel/core/src/audit.rs  found "pub struct AuditEvent"
  ecosystem-plan-DRAFT.md:677  docs/specs/org-editor-primitives-ux.md  found "Section 4 defines Group/HQ, Organization, OrgUnit"
  ecosystem-plan-DRAFT.md:680  docs/specs/org-editor-primitives-ux.md  found "A Person is not automatically an Employee"
  ecosystem-plan-DRAFT.md:682  docs/specs/org-editor-primitives-ux.md  found "Today several concepts still appear as strings or partial views"
  ecosystem-plan-DRAFT.md:702  backend/crates/ontology/adapter-postgres/src/seed.rs  found "pub const POSITION_KEY: &str = "position";"
  ecosystem-plan-DRAFT.md:725  backend/crates/platform/db/migrations/0036_platform_onboarding.sql  found "'00000000-0000-0000-0000-00000000face'::uuid,"
  ecosystem-plan-DRAFT.md:727  backend/crates/platform/db/migrations/0036_platform_onboarding.sql  found "The platform sentinel needs an"
  ecosystem-plan-DRAFT.md:729  backend/crates/platform/db/migrations/0036_platform_onboarding.sql  found "WHERE o.id <> '00000000-0000-0000-0000-00000000face'::uuid;"
  ecosystem-plan-DRAFT.md:730  backend/crates/platform/db/migrations/0051_platform_remove_organization.sql  found "UPDATE audit_events"
  ecosystem-plan-DRAFT.md:735  docs/decisions/notes/DN-0003-adr-0025-operational-object-runtime.md  found "Denied data is omitted, including counts and relationship existence."
  ecosystem-plan-DRAFT.md:757  backend/crates/platform/db/migrations/0155_create_ontology_instances.sql  found "CREATE TABLE ont_instances"
  ecosystem-plan-DRAFT.md:770  backend/ci/gates/migration-safety/src/lib.rs  found "fn built_in_audited_tables"
  ecosystem-plan-DRAFT.md:787  backend/crates/platform/db/migrations/0075_employee_identity_resolution.sql  found "CHECK (identity_name_only_merge = FALSE)"
  ecosystem-plan-DRAFT.md:791  backend/crates/platform/db/migrations/0036_platform_onboarding.sql  found "'00000000-0000-0000-0000-00000000face'::uuid,"
  ecosystem-plan-DRAFT.md:821  backend/crates/kernel/core/src/access_scope.rs  found "pub enum AccessScopeLevel"
  ecosystem-plan-DRAFT.md:833  backend/crates/kernel/core/src/access_scope.rs  found "pub fn branch_scope_for_org"
  ecosystem-plan-DRAFT.md:834  backend/crates/platform/authz/src/lib.rs  found "pub fn effective_branch_scope_for_tenant"
  ecosystem-plan-DRAFT.md:837  backend/crates/platform/db/migrations/0065_create_policy_roles.sql  found "'department',"
  ecosystem-plan-DRAFT.md:838  backend/crates/platform/authz/src/lib.rs  found "match condition.attribute.as_str()"
  ecosystem-plan-DRAFT.md:853  backend/crates/platform/db/migrations/0155_create_ontology_instances.sql  found "CREATE TABLE ont_instances"
  ecosystem-plan-DRAFT.md:863  backend/ci/gates/tenant-isolation/src/lib.rs  found "pub fn owner_only_table_allowlist"
  ecosystem-plan-DRAFT.md:883  backend/crates/platform/db/migrations/0164_bind_consume_four_eyes.sql  found "ALTER TABLE gov_approvals         ADD COLUMN target_ref UUID;"
  ecosystem-plan-DRAFT.md:884  backend/crates/platform/db/migrations/0164_bind_consume_four_eyes.sql  found "ALTER TABLE gov_approval_requests ADD COLUMN target_ref UUID;"
  ecosystem-plan-DRAFT.md:888  backend/crates/platform/db/migrations/0153_create_governance.sql  found "CHECK (approver_id <> requested_by)"
  ecosystem-plan-DRAFT.md:890  backend/crates/platform/db/migrations/0153_create_governance.sql  found "CHECK (approver_id <> requested_by)"
  ecosystem-plan-DRAFT.md:890  backend/crates/platform/db/migrations/0122_create_leave_requests.sql  found "CHECK (decided_by IS NULL OR decided_by <> requester_user_id)"
  ecosystem-plan-DRAFT.md:891  backend/crates/platform/db/migrations/0163_finance_gl_voucher_sod.sql  found "approved_by IS NOT NULL AND approved_by <> created_by"
  ecosystem-plan-DRAFT.md:891  backend/crates/platform/db/migrations/0186_payroll_run_lifecycle.sql  found "CHECK (decided_by IS NULL OR submitted_by IS NULL OR decided_by <> submitted_by);"
  ecosystem-plan-DRAFT.md:892  backend/crates/platform/db/migrations/0191_create_inventory_cycle_counts.sql  found "CHECK (decided_by IS NULL OR decided_by <> submitted_by),"
  ecosystem-plan-DRAFT.md:903  backend/crates/ontology/adapter-postgres/src/instances.rs  found "fn allowlisted_projected_table"
  ecosystem-plan-DRAFT.md:904  backend/crates/ontology/adapter-postgres/src/instances.rs  found ""work_orders" => "work_orders","
  ecosystem-plan-DRAFT.md:904  backend/crates/ontology/adapter-postgres/src/instances.rs  found ""employees" => "employees","
  ecosystem-plan-DRAFT.md:915  backend/crates/platform/db/migrations/0147_ceo_covert_audit_stream.sql  found "CREATE TABLE clearance_assignments"
  ecosystem-plan-DRAFT.md:921  backend/crates/platform/db/migrations/0076_user_employee_link.sql  found "ADD CONSTRAINT users_employee_same_org_fk"
  ecosystem-plan-DRAFT.md:923  backend/crates/platform/db/migrations/0063_create_employees.sql  found "CREATE POLICY org_isolation ON employees"
  ecosystem-plan-DRAFT.md:944  backend/crates/platform/db/migrations/0155_create_ontology_instances.sql  found "CREATE TABLE ont_instance_revisions"
  ecosystem-plan-DRAFT.md:950  backend/crates/platform/db/migrations/0155_create_ontology_instances.sql  found "CREATE TABLE ont_instance_revisions"
  ecosystem-plan-DRAFT.md:950  backend/crates/platform/db/migrations/0153_create_governance.sql  found "FOREIGN KEY (approver_id, org_id) REFERENCES users(id, org_id) ON DELETE RESTRICT"
  ecosystem-plan-DRAFT.md:951  backend/crates/platform/db/migrations/0153_create_governance.sql  found "CHECK (approver_id <> requested_by)"
  ecosystem-plan-DRAFT.md:951  backend/crates/platform/db/migrations/0153_create_governance.sql  found "UNIQUE (org_id, request_ref),"
  ecosystem-plan-DRAFT.md:957  backend/crates/platform/db/migrations/0155_create_ontology_instances.sql  found "FOREIGN KEY (to_instance_id, org_id) REFERENCES ont_instances(id, org_id)"
  ecosystem-plan-DRAFT.md:959  backend/crates/platform/db/migrations/0187_create_recruiting.sql  found "position_ref TEXT,"
  ecosystem-plan-DRAFT.md:964  backend/crates/platform/db/migrations/0187_create_recruiting.sql  found "worksite TEXT NOT NULL CHECK (btrim(worksite) <> '')"
  ecosystem-plan-DRAFT.md:965  backend/crates/ontology/rest/tests/company_conformance/fixtures/employment.rs  found "title_property_key: Some("person_name".to_owned())"
  ecosystem-plan-DRAFT.md:966  backend/crates/ontology/rest/tests/company_conformance/fixtures/employment.rs  found "key: "person_name".to_owned(),"
  ecosystem-plan-DRAFT.md:980  docs/specs/org-hierarchy.md  found "P0 schema/resolvers IMPLEMENTED"
  ecosystem-plan-DRAFT.md:986  docs/specs/org-hierarchy.md  found "resolved at login from the principal's assignment + carried in the JWT."
  ecosystem-plan-DRAFT.md:987  docs/specs/org-hierarchy.md  found "A GroupFeature NEVER confers a tenant Feature"
  ecosystem-plan-DRAFT.md:991  docs/specs/org-hierarchy.md  found "PRIMARY KEY (group_id, org_id), UNIQUE (org_id));"
  ecosystem-plan-DRAFT.md:993  docs/specs/org-hierarchy.md  found "is OUT of scope here (Track C)"
  ecosystem-plan-DRAFT.md:1021  docs/decisions/notes/DN-0003-adr-0025-operational-object-runtime.md  found "Denied data is omitted, including counts and relationship existence."
  ecosystem-plan-DRAFT.md:1036  backend/crates/platform/db/migrations/0060_create_groups_and_membership.sql  found "CREATE OR REPLACE FUNCTION group_role_grants_for_user(p_user UUID)"
  ecosystem-plan-DRAFT.md:1038  backend/crates/platform/db/migrations/0060_create_groups_and_membership.sql  found "EXCEPTION WHEN OTHERS THEN"
  ecosystem-plan-DRAFT.md:1041  backend/ci/gates/rls-arming/src/lib.rs  found "const ALLOW_MARKER: &str = "rls-arming: ok";"
  ecosystem-plan-DRAFT.md:1044  backend/crates/platform/db/migrations/0060_create_groups_and_membership.sql  found "CREATE OR REPLACE FUNCTION group_role_grants_for_user(p_user UUID)"
  ecosystem-plan-DRAFT.md:1054  backend/crates/ontology/domain/src/lib.rs  found "pub enum LinkCardinality"
  ecosystem-plan-DRAFT.md:1055  backend/crates/platform/db/migrations/0152_create_ontology_registry.sql  found "cardinality TEXT NOT NULL CHECK (cardinality IN ('one_one','one_many','many_many'))"
  ecosystem-plan-DRAFT.md:1078  backend/crates/platform/db/migrations/0102_create_object_types_and_links.sql  found "('person', 'Employee / person record')"
  ecosystem-plan-DRAFT.md:1090  backend/crates/ontology/adapter-postgres/src/instances.rs  found "pub async fn create_link"
  ecosystem-plan-DRAFT.md:1090  backend/crates/ontology/adapter-postgres/src/instances.rs  found "INSERT INTO ont_links ("
  ecosystem-plan-DRAFT.md:1096  backend/crates/platform/db/migrations/0155_create_ontology_instances.sql  found "FOREIGN KEY (from_instance_id, org_id) REFERENCES ont_instances(id, org_id)"
  ecosystem-plan-DRAFT.md:1103  backend/crates/kernel/core/src/access_scope.rs  found "pub enum AccessScopeLevel"
  ecosystem-plan-DRAFT.md:1104  backend/crates/kernel/core/src/access_scope.rs  found "pub struct AccessScope"
  ecosystem-plan-DRAFT.md:1105  docs/specs/org-hierarchy.md  found "level ∈ {Group,Org,Region,Branch,Worksite}"
  ecosystem-plan-DRAFT.md:1113  backend/crates/ontology/adapter-postgres/src/instances.rs  found "This is a READ-ONLY view"
  ecosystem-plan-DRAFT.md:1129  backend/crates/platform/db/migrations/0102_create_object_types_and_links.sql  found "CREATE TABLE object_links"
  ecosystem-plan-DRAFT.md:1131  backend/crates/platform/db/migrations/0102_create_object_types_and_links.sql  found "src_id TEXT NOT NULL CHECK (char_length(btrim(src_id)) BETWEEN 1 AND 200)"
  ecosystem-plan-DRAFT.md:1131  backend/crates/platform/db/migrations/0102_create_object_types_and_links.sql  found "dst_id TEXT NOT NULL CHECK (char_length(btrim(dst_id)) BETWEEN 1 AND 200)"
  ecosystem-plan-DRAFT.md:1133  backend/crates/platform/db/migrations/0102_create_object_types_and_links.sql  found "UNIQUE (org_id, src_kind, src_id, dst_kind, dst_id, link_type)"
  ecosystem-plan-DRAFT.md:1134  backend/crates/platform/db/migrations/0102_create_object_types_and_links.sql  found "('person', 'Employee / person record')"
  ecosystem-plan-DRAFT.md:1134  backend/crates/platform/db/migrations/0102_create_object_types_and_links.sql  found "('org_unit', 'Organizational unit (region/branch/worksite)')"
  ecosystem-plan-DRAFT.md:1136  backend/crates/platform/db/migrations/0102_create_object_types_and_links.sql  found "link_type TEXT NOT NULL CHECK (link_type ~ '^[a-z][a-z0-9_]{1,63}$')"
  ecosystem-plan-DRAFT.md:1137  backend/crates/platform/db/migrations/0130_create_link_types.sql  found "INSERT INTO link_types (link_type, description) VALUES"
  ecosystem-plan-DRAFT.md:1138  backend/crates/platform/db/migrations/0130_create_link_types.sql  found "GRANT SELECT ON link_types TO console_rt;"
  ecosystem-plan-DRAFT.md:1139  backend/crates/platform/db/migrations/0130_create_link_types.sql  found "ADD CONSTRAINT object_links_link_type_fkey"
  ecosystem-plan-DRAFT.md:1139  backend/crates/platform/db/migrations/0132_validate_object_links_link_type_fkey.sql  found "VALIDATE CONSTRAINT object_links_link_type_fkey;"
  ecosystem-plan-DRAFT.md:1148  backend/crates/platform/db/migrations/0102_create_object_types_and_links.sql  found "('person', 'Employee / person record')"
  ecosystem-plan-DRAFT.md:1155  backend/crates/platform/db/migrations/0008_create_work_orders.sql  found "step_order SMALLINT NOT NULL CHECK (step_order BETWEEN 1 AND 3)"
  ecosystem-plan-DRAFT.md:1170  backend/crates/platform/db/migrations/0008_create_work_orders.sql  found "step_order SMALLINT NOT NULL CHECK (step_order BETWEEN 1 AND 3)"
  ecosystem-plan-DRAFT.md:1170  backend/crates/platform/db/migrations/0008_create_work_orders.sql  found "role TEXT NOT NULL CHECK (role IN ('MECHANIC','ADMIN','EXECUTIVE'))"
  ecosystem-plan-DRAFT.md:1170  backend/crates/platform/db/migrations/0008_create_work_orders.sql  found "UNIQUE (work_order_id, role),"
  ecosystem-plan-DRAFT.md:1171  backend/crates/platform/db/migrations/0153_create_governance.sql  found "FOREIGN KEY (approver_id, org_id) REFERENCES users(id, org_id) ON DELETE RESTRICT"
  ecosystem-plan-DRAFT.md:1171  backend/crates/platform/db/migrations/0153_create_governance.sql  found "FOREIGN KEY (requested_by, org_id) REFERENCES users(id, org_id) ON DELETE RESTRICT"
  ecosystem-plan-DRAFT.md:1171  backend/crates/platform/db/migrations/0153_create_governance.sql  found "UNIQUE (org_id, request_ref),"
  ecosystem-plan-DRAFT.md:1172  backend/crates/platform/db/migrations/0065_create_policy_roles.sql  found "attribute         TEXT        NOT NULL CHECK (attribute IN ("
  ecosystem-plan-DRAFT.md:1172  backend/crates/platform/db/migrations/0065_create_policy_roles.sql  found "operator TEXT NOT NULL CHECK (operator IN ('equals','not_equals','in'))"
  ecosystem-plan-DRAFT.md:1172  backend/crates/platform/authz/src/lib.rs  found "match condition.attribute.as_str()"
  ecosystem-plan-DRAFT.md:1173  backend/crates/platform/db/migrations/0162_create_notices.sql  found "CREATE TABLE notice_receipts"
  ecosystem-plan-DRAFT.md:1173  backend/crates/platform/db/migrations/0162_create_notices.sql  found "status TEXT NOT NULL DEFAULT 'draft' CHECK (status IN ('draft', 'published'))"
  ecosystem-plan-DRAFT.md:1173  backend/crates/platform/db/migrations/0162_create_notices.sql  found "FOREIGN KEY (recipient_user_id, org_id) REFERENCES users(id, org_id) ON DELETE RESTRICT"
  ecosystem-plan-DRAFT.md:1179  backend/crates/platform/authz/src/lib.rs  found "let mut effective_scopes_by_role = BTreeMap::new();"
  ecosystem-plan-DRAFT.md:1182  backend/crates/platform/db/migrations/0065_create_policy_roles.sql  found "unsupported conditions remain review/audit"
  ecosystem-plan-DRAFT.md:1187  backend/crates/platform/authz/src/lib.rs  found "if !team_condition_matches(user_team, &condition.condition_values)"
  ecosystem-plan-DRAFT.md:1192  backend/crates/platform/db/migrations/0065_create_policy_roles.sql  found "attribute         TEXT        NOT NULL CHECK (attribute IN ("
  ecosystem-plan-DRAFT.md:1205  backend/crates/orgchange/adapter-postgres/src/lib.rs  found "VALUES ($1, $2, 'org_change_step', $3, $4, $5, $6)"
  ecosystem-plan-DRAFT.md:1212  backend/crates/platform/db/migrations/0153_create_governance.sql  found "UNIQUE (org_id, request_ref),                 -- one decision per request"
  ecosystem-plan-DRAFT.md:1219  backend/crates/platform/db/migrations/0153_create_governance.sql  found "FOREIGN KEY (approver_id, org_id) REFERENCES users(id, org_id) ON DELETE RESTRICT"
  ecosystem-plan-DRAFT.md:1224  backend/crates/notices/adapter-postgres/src/lib.rs  found "let snapshot_sql = if audience_scope == "branches""
  ecosystem-plan-DRAFT.md:1234  backend/crates/platform/db/migrations/0162_create_notices.sql  found "-- console-gate: audited-table notices"
  ecosystem-plan-DRAFT.md:1235  backend/crates/platform/db/migrations/0162_create_notices.sql  found "-- console-gate: audited-table notice_receipts"
  ecosystem-plan-DRAFT.md:1236  backend/ci/gates/migration-safety/src/lib.rs  found "fn discover_audited_tables"
  ecosystem-plan-DRAFT.md:1238  backend/crates/platform/db/migrations/0162_create_notices.sql  found "recipient_user_id  UUID        NOT NULL,"
  ecosystem-plan-DRAFT.md:1336  backend/app/src/objects.rs  found "byte-identical to "not found"/"not visible", so no"
  ecosystem-plan-DRAFT.md:1338  docs/decisions/notes/DN-0003-adr-0025-operational-object-runtime.md  found "Denied data is omitted, including counts and relationship existence."
  ecosystem-plan-DRAFT.md:1344  backend/crates/platform/db/migrations/0102_create_object_types_and_links.sql  found "src_id TEXT NOT NULL CHECK (char_length(btrim(src_id)) BETWEEN 1 AND 200)"
  ecosystem-plan-DRAFT.md:1344  backend/crates/platform/db/migrations/0102_create_object_types_and_links.sql  found "dst_id TEXT NOT NULL CHECK (char_length(btrim(dst_id)) BETWEEN 1 AND 200)"
  ecosystem-plan-DRAFT.md:1360  backend/crates/ontology/domain/src/lib.rs  found "pub enum ActionDispatch"
  ecosystem-plan-DRAFT.md:1361  backend/crates/platform/db/migrations/0152_create_ontology_registry.sql  found "dispatch TEXT NOT NULL CHECK (dispatch IN ('projected_usecase','instance_revision'))"
  ecosystem-plan-DRAFT.md:1369  backend/crates/platform/db/migrations/0155_create_ontology_instances.sql  found "row_hash        CHAR(64)    NOT NULL,"
  ecosystem-plan-DRAFT.md:1369  backend/crates/platform/db/migrations/0155_create_ontology_instances.sql  found "CREATE UNIQUE INDEX idx_ont_instance_revisions_one_open"
  ecosystem-plan-DRAFT.md:1369  backend/crates/platform/db/migrations/0155_create_ontology_instances.sql  found "CREATE INDEX idx_ont_instance_revisions_asof"
  ecosystem-plan-DRAFT.md:1386  backend/crates/platform/authz/src/cedar_pbac/engine.rs  found "let subject_attrs = HashMap::from(["
  ecosystem-plan-DRAFT.md:1387  backend/crates/platform/authz/src/cedar_pbac/engine.rs  found "let mut resource_attrs = HashMap::from(["
  ecosystem-plan-DRAFT.md:1387  backend/crates/platform/authz/src/cedar_pbac/engine.rs  found "entity_uid("Action", request.action.feature().as_str())"
  ecosystem-plan-DRAFT.md:1393  backend/crates/platform/authz/src/cedar_pbac/engine.rs  found "let schema = Schema::from_str(schema_src)"
  ecosystem-plan-DRAFT.md:1394  backend/crates/platform/authz/src/cedar_pbac/engine.rs  found "Entities::from_entities([subject, resource_entity], Some(&bundle.schema))"
  ecosystem-plan-DRAFT.md:1402  backend/crates/platform/authz/src/cedar_pbac/engine.rs  found "Entity::new(subject_uid.clone(), subject_attrs, HashSet::new())"
  ecosystem-plan-DRAFT.md:1402  backend/crates/platform/authz/src/cedar_pbac/engine.rs  found "Entity::new(resource_uid.clone(), resource_attrs, HashSet::new())"
  ecosystem-plan-DRAFT.md:1403  backend/crates/platform/authz/src/cedar_pbac/engine.rs  found "Entities::from_entities([subject, resource_entity], Some(&bundle.schema))"
  ecosystem-plan-DRAFT.md:1410  backend/crates/ontology/adapter-postgres/src/instances.rs  found "async fn sync_property_links_tx"
  ecosystem-plan-DRAFT.md:1410  backend/crates/ontology/adapter-postgres/src/instances.rs  found "sync_property_links_tx("
  ecosystem-plan-DRAFT.md:1411  backend/crates/ontology/adapter-postgres/src/instances.rs  found "async fn resolve_derived_attributes_tx"
  ecosystem-plan-DRAFT.md:1411  backend/crates/ontology/adapter-postgres/src/instances.rs  found "resolve_derived_attributes_tx(tx, &props, &mut attributes, valid_from).await?;"
  ecosystem-plan-DRAFT.md:1412  backend/crates/platform/db/migrations/0165_ontology_object_type_key_revisions.sql  found "IF p_to_state = 'published' AND v_backing_kind = 'instance'"
  ecosystem-plan-DRAFT.md:1418  backend/crates/ontology/adapter-postgres/src/instances.rs  found "if op != "sum""
  ecosystem-plan-DRAFT.md:1436  backend/crates/platform/db/migrations/0012_create_messenger.sql  found "CHECK (kind IN ('work_order','team','dm','group'))"
  ecosystem-plan-DRAFT.md:1470  docs/ideas/research-sap.md  found "Approval authority as an intersection of process config and role assignment"
  ecosystem-plan-DRAFT.md:1494  backend/crates/platform/db/migrations/0159_create_cedar_decision_log.sql  found "determining_policies JSONB       NOT NULL DEFAULT '[]'::jsonb"
  ecosystem-plan-DRAFT.md:1494  backend/crates/platform/db/migrations/0159_create_cedar_decision_log.sql  found "(empty on deny-by-omission)"
  ecosystem-plan-DRAFT.md:1497  backend/crates/platform/db/migrations/0065_create_policy_roles.sql  found "CREATE TABLE policy_assignment_preview_receipts"
  ecosystem-plan-DRAFT.md:1497  backend/crates/platform/authz/src/cedar_pbac/authoring.rs  found "simulate_inner"
  ecosystem-plan-DRAFT.md:1497  docs/decisions/ADR-0023-oyatie-console-authority.md  found "read-only NL rows + simulation and defers the canvas"
  ecosystem-plan-DRAFT.md:1498  backend/crates/platform/db/migrations/0152_create_ontology_registry.sql  found "title_property_key TEXT NULL"
  ecosystem-plan-DRAFT.md:1498  backend/crates/platform/db/migrations/0155_create_ontology_instances.sql  found "title                 TEXT        NOT NULL CHECK (char_length(title) BETWEEN 1 AND 200),"
  ecosystem-plan-DRAFT.md:1500  backend/crates/platform/db/migrations/0012_create_messenger.sql  found "CREATE TABLE messenger_thread_members"
  ecosystem-plan-DRAFT.md:1502  backend/crates/platform/db/migrations/0012_create_messenger.sql  found "CREATE INDEX idx_messenger_thread_members_user"
  ecosystem-plan-DRAFT.md:1504  backend/crates/platform/db/migrations/0012_create_messenger.sql  found "work_order_id UUID        REFERENCES work_orders(id) ON DELETE CASCADE,"
  ecosystem-plan-DRAFT.md:1523  backend/crates/platform/db/migrations/0147_ceo_covert_audit_stream.sql  found "sensitivity    TEXT        NOT NULL CHECK (sensitivity IN ('STANDARD','COVERT','CEO_COVERT')),"
  ecosystem-plan-DRAFT.md:1524  backend/crates/platform/db/migrations/0147_ceo_covert_audit_stream.sql  found "CREATE TABLE clearance_assignments"
  ecosystem-plan-DRAFT.md:1541  backend/crates/platform/platform-rest/src/lib.rs  found ".authorize(PlatformFeature::TenantCreate)"
  ecosystem-plan-DRAFT.md:1541  backend/crates/platform/platform-rest/src/lib.rs  found ".route(PLATFORM_ORGS_PATH, get(list_orgs).post(create_org))"
  ecosystem-plan-DRAFT.md:1543  backend/crates/platform/platform-rest/src/lib.rs  found "async fn create_org"
  ecosystem-plan-DRAFT.md:1549  backend/crates/platform/db/migrations/0153_create_governance.sql  found "CREATE TABLE gov_approvals"
  ecosystem-plan-DRAFT.md:1554  backend/crates/platform/authz-rest/src/store.rs  found "pub async fn load_enforced_object_policy_blocks"
  ecosystem-plan-DRAFT.md:1555  backend/crates/platform/db/migrations/0205_ont_policy_api_attach_writer.sql  found "Delete any one of the"
  ecosystem-plan-DRAFT.md:1572  backend/crates/platform/db/migrations/0155_create_ontology_instances.sql  found "prev_hash       CHAR(64)    NOT NULL,"
  ecosystem-plan-DRAFT.md:1581  backend/crates/ontology/adapter-postgres/src/instances.rs  found "KNOWN DEFECT, PRE-EXISTING, NOT INTRODUCED BY THE DERIVATION ABOVE"
  ecosystem-plan-DRAFT.md:1586  backend/Cargo.lock  found ""indexmap 2.14.0","
  ecosystem-plan-DRAFT.md:1593  backend/crates/platform/authz-rest/src/store.rs  found "pub async fn load_enforced_object_policy_blocks"
  ecosystem-plan-DRAFT.md:1597  backend/crates/platform/db/migrations/0060_create_groups_and_membership.sql  found "SET LOCAL row_security = off;"
  ecosystem-plan-DRAFT.md:1603  backend/ci/gates/rls-arming/src/lib.rs  found "const ALLOW_MARKER: &str = "rls-arming: ok";"
  ecosystem-plan-DRAFT.md:1608  docs/decisions/ADR-0023-oyatie-console-authority.md  found "a generalized definition builder for arbitrary approval-line DAGs"
  ecosystem-plan-DRAFT.md:1632  docs/decisions/ADR-0018-clean-room-rust-corporate-workflow-engine.md  found "Sensitive actions require fresh passkey step-up"
  ecosystem-plan-DRAFT.md:1634  docs/decisions/ADR-0018-clean-room-rust-corporate-workflow-engine.md  found "The current runtime spine is deliberately **org-local**."
  ecosystem-plan-DRAFT.md:1645  docs/decisions/ADR-0021-cedar-pbac-authorization-strangler.md  found "PBAC via Cedar, not role-string RBAC."
  ecosystem-plan-DRAFT.md:1645  docs/decisions/ADR-0021-cedar-pbac-authorization-strangler.md  found "Enrolled actions have a mode ("
  ecosystem-plan-DRAFT.md:1646  docs/decisions/ADR-0021-cedar-pbac-authorization-strangler.md  found "It must not cache cross-request allow/deny decisions."
  ecosystem-plan-DRAFT.md:1647  docs/decisions/ADR-0021-cedar-pbac-authorization-strangler.md  found "synchronously bump subject/policy versions"
  ecosystem-plan-DRAFT.md:1648  docs/decisions/ADR-0021-cedar-pbac-authorization-strangler.md  found "No live switch in this ADR/G001."
  ecosystem-plan-DRAFT.md:1657  backend/crates/identity/rest/src/lib.rs  found "fn policy_feature_catalog"
  ecosystem-plan-DRAFT.md:1658  backend/crates/platform/authz/src/cedar_pbac/engine.rs  found "entity_uid("Action", request.action.feature().as_str())"
  ecosystem-plan-DRAFT.md:1659  backend/crates/platform/authz/src/lib.rs  found "pub enum Role"
  ecosystem-plan-DRAFT.md:1659  backend/crates/platform/authz/src/lib.rs  found "const fn matrix_row"
  ecosystem-plan-DRAFT.md:1660  backend/crates/platform/authz/src/lib.rs  found "pub async fn resolve_branch_scope_in_org"
  ecosystem-plan-DRAFT.md:1660  backend/crates/platform/request-context/src/lib.rs  found "effective_branch_scope_for_tenant(BranchScope::All, access_scope, org_id)"
  ecosystem-plan-DRAFT.md:1660  backend/crates/platform/platform-rest/src/lib.rs  found "async fn create_org"
  ecosystem-plan-DRAFT.md:1673  backend/crates/platform/db/migrations/0063_create_employees.sql  found "CREATE POLICY org_isolation ON employees"
  ecosystem-plan-DRAFT.md:1681  docs/program/console-program-ledger.md  found "every control trace remains"
  ecosystem-plan-DRAFT.md:1683  docs/program/console-program-ledger.md  found "jurisdiction binding, Korea control, review disposition, legal state, release state, and exposure state remains"
  ecosystem-plan-DRAFT.md:1685  docs/program/console-program-ledger.md  found "Epics (documented, later):"
  ecosystem-plan-DRAFT.md:1685  docs/decisions/ADR-0023-oyatie-console-authority.md  found "Multi-jurisdiction PII program."
  ecosystem-plan-DRAFT.md:1700  docs/program/console-program-ledger.md  found "Epics (documented, later):"
  ecosystem-plan-DRAFT.md:1717  docs/program/console-jurisdiction-register.json  found "Missing, stale, conflicting, or unqualified authority is HOLD; agents may not invent certainty."
  ecosystem-plan-DRAFT.md:1748  backend/crates/platform/db/migrations/0160_create_finance_gl_vouchers.sql  found "CREATE TABLE finance_gl_vouchers"
  ecosystem-plan-DRAFT.md:1748  backend/crates/platform/db/migrations/0160_create_finance_gl_vouchers.sql  found "reversal_of_voucher_id    UUID,"
  ecosystem-plan-DRAFT.md:1749  backend/crates/platform/db/migrations/0160_create_finance_gl_vouchers.sql  found "CREATE TABLE finance_gl_voucher_lines"
  ecosystem-plan-DRAFT.md:1750  backend/crates/platform/db/migrations/0160_create_finance_gl_vouchers.sql  found "CREATE OR REPLACE FUNCTION finance_gl_enforce_voucher_rules()"
  ecosystem-plan-DRAFT.md:1750  backend/crates/platform/db/migrations/0160_create_finance_gl_vouchers.sql  found "CREATE OR REPLACE FUNCTION finance_gl_enforce_line_draft_only()"
  ecosystem-plan-DRAFT.md:1750  backend/crates/platform/db/migrations/0160_create_finance_gl_vouchers.sql  found "REVOKE UPDATE, DELETE ON finance_gl_voucher_lines FROM console_rt;"
  ecosystem-plan-DRAFT.md:1751  backend/crates/platform/db/migrations/0163_finance_gl_voucher_sod.sql  found "ADD COLUMN approved_by UUID,"
  ecosystem-plan-DRAFT.md:1751  backend/crates/platform/db/migrations/0163_finance_gl_voucher_sod.sql  found "ADD CONSTRAINT finance_gl_vouchers_sod CHECK ("
  ecosystem-plan-DRAFT.md:1752  backend/crates/platform/db/migrations/0160_create_finance_gl_vouchers.sql  found "posted_at                 TIMESTAMPTZ,"
  ecosystem-plan-DRAFT.md:1753  backend/crates/platform/db/migrations/0160_create_finance_gl_vouchers.sql  found "char_length(account_code) <= 40"
  ecosystem-plan-DRAFT.md:1754  backend/crates/platform/db/migrations/0160_create_finance_gl_vouchers.sql  found "amount_won BIGINT NOT NULL CHECK (amount_won > 0)"
  ecosystem-plan-DRAFT.md:1755  backend/crates/platform/db/migrations/0160_create_finance_gl_vouchers.sql  found "source_object_type TEXT CHECK"
  ecosystem-plan-DRAFT.md:1755  backend/crates/platform/db/migrations/0160_create_finance_gl_vouchers.sql  found "CREATE TABLE finance_gl_voucher_lines"
  ecosystem-plan-DRAFT.md:1758  backend/crates/platform/db/src/period_lock.rs  found "pub async fn assert_period_open"
  ecosystem-plan-DRAFT.md:1760  backend/crates/platform/db/migrations/0107_create_period_locks_versioning_lifecycle.sql  found "CREATE OR REPLACE FUNCTION period_locks_unlock_only()"
  ecosystem-plan-DRAFT.md:1761  backend/crates/financial/adapter-postgres/src/lib.rs  found "console_platform_db::assert_period_open("
  ecosystem-plan-DRAFT.md:1762  backend/crates/workflow/adapter-postgres/src/lib.rs  found "console_platform_db::assert_period_open_range("
  ecosystem-plan-DRAFT.md:1763  backend/crates/orgchange/adapter-postgres/src/lib.rs  found "match assert_period_open(tx, domain, effective_date).await {"
  ecosystem-plan-DRAFT.md:1764  backend/app/src/hr.rs  found "console_platform_db::assert_period_open("
  ecosystem-plan-DRAFT.md:1772  backend/crates/platform/db/migrations/0160_create_finance_gl_vouchers.sql  found "CREATE OR REPLACE FUNCTION finance_gl_enforce_voucher_rules()"
  ecosystem-plan-DRAFT.md:1772  backend/crates/platform/db/migrations/0160_create_finance_gl_vouchers.sql  found "reversal_of_voucher_id    UUID,"
  ecosystem-plan-DRAFT.md:1772  backend/crates/platform/db/migrations/0163_finance_gl_voucher_sod.sql  found "ADD CONSTRAINT finance_gl_vouchers_sod CHECK ("
  ecosystem-plan-DRAFT.md:1772  backend/crates/platform/db/migrations/0160_create_finance_gl_vouchers.sql  found "-- console-gate: audited-table finance_gl_vouchers"
  ecosystem-plan-DRAFT.md:1772  backend/ci/gates/migration-safety/src/lib.rs  found "fn discover_audited_tables"
  ecosystem-plan-DRAFT.md:1773  backend/crates/platform/db/migrations/0160_create_finance_gl_vouchers.sql  found "CREATE OR REPLACE FUNCTION finance_gl_enforce_voucher_rules()"
  ecosystem-plan-DRAFT.md:1781  backend/crates/platform/db/migrations/0015_create_financial.sql  found "CREATE TABLE equipment_cost_ledger"
  ecosystem-plan-DRAFT.md:1781  backend/crates/platform/db/migrations/0015_create_financial.sql  found "-- console-gate: audited-table equipment_cost_ledger"
  ecosystem-plan-DRAFT.md:1782  backend/crates/platform/db/migrations/0182_create_equipment_3r.sql  found "cost_minor BIGINT NULL CHECK (cost_minor IS NULL OR cost_minor >= 0),"
  ecosystem-plan-DRAFT.md:1783  backend/crates/platform/db/migrations/0182_create_equipment_3r.sql  found "monthly_rate_minor BIGINT NOT NULL CHECK (monthly_rate_minor > 0),"
  ecosystem-plan-DRAFT.md:1790  backend/crates/platform/db/migrations/0102_create_object_types_and_links.sql  found "('voucher', 'Financial voucher / expenditure')"
  ecosystem-plan-DRAFT.md:1792  backend/crates/platform/db/migrations/0160_create_finance_gl_vouchers.sql  found "-- console-gate: audited-table finance_gl_voucher_lines"
  ecosystem-plan-DRAFT.md:1809  backend/crates/finance-gl/rest/src/lib.rs  found "const VOUCHER_FEATURE: Feature = Feature::PeriodLockManage;"
  ecosystem-plan-DRAFT.md:1832  backend/crates/platform/db/migrations/0160_create_finance_gl_vouchers.sql  found "CHECK (btrim(account_code) <> '' AND char_length(account_code) <= 40)"
  ecosystem-plan-DRAFT.md:1836  backend/crates/platform/db/migrations/0179_create_logistics_pilot.sql  found "currency_code TEXT NOT NULL CHECK (currency_code = 'KRW')"
  ecosystem-plan-DRAFT.md:1836  backend/crates/platform/db/migrations/0182_create_equipment_3r.sql  found "currency_code TEXT NOT NULL CHECK (currency_code = 'KRW'),"
  ecosystem-plan-DRAFT.md:1836  backend/crates/platform/db/migrations/0172_create_employee_employment_profiles.sql  found "currency          TEXT NOT NULL DEFAULT 'KRW' CHECK (currency = 'KRW'),"
  ecosystem-plan-DRAFT.md:1838  backend/crates/platform/db/migrations/0015_create_financial.sql  found "depreciation_method             TEXT        NOT NULL CHECK ("
  ecosystem-plan-DRAFT.md:1839  backend/crates/financial/domain/src/lib.rs  found "div_ceil_i64(depreciable, i64::from(input.config.useful_life_months))"
  ecosystem-plan-DRAFT.md:1839  backend/crates/financial/domain/src/lib.rs  found "quote_line("DEPRECIATION", "감가상각비", depreciation)"
  ecosystem-plan-DRAFT.md:1841  backend/crates/platform/db/migrations/0106_create_workflow_schedules.sql  found "CREATE TABLE workflow_schedules"
  ecosystem-plan-DRAFT.md:1852  backend/crates/platform/realtime/src/lib.rs  found "pub const NOTIFY_PAYLOAD_LIMIT_BYTES: usize = 8000;"
  ecosystem-plan-DRAFT.md:1857  backend/crates/platform/realtime/src/lib.rs  found "MESSAGE_POSTED_CHANNEL"
  ecosystem-plan-DRAFT.md:1858  backend/crates/platform/db/migrations/0065_create_policy_roles.sql  found "CREATE TABLE policy_versions"
  ecosystem-plan-DRAFT.md:1872  backend/crates/identity/adapter-postgres/src/lib.rs  found "bump_subject_version_tx(tx, org_uuid, *user_id.as_uuid(), occurred_at)"
  ecosystem-plan-DRAFT.md:1873  backend/crates/identity/adapter-postgres/src/lib.rs  found "bump_policy_version_tx(tx, org_uuid, occurred_at)"
  ecosystem-plan-DRAFT.md:1882  backend/crates/platform/realtime/src/lib.rs  found "pub enum RealtimeEvent"
  ecosystem-plan-DRAFT.md:1883  backend/crates/platform/realtime/src/lib.rs  found "pub struct PostgresNotificationNotifier"
  ecosystem-plan-DRAFT.md:1884  backend/crates/platform/realtime/src/lib.rs  found "// rls-arming: ok pg_notify is not a tenant-table read"
  ecosystem-plan-DRAFT.md:1886  backend/crates/platform/realtime/src/lib.rs  found "pub enum DisconnectReason"
  ecosystem-plan-DRAFT.md:1886  backend/crates/platform/realtime/src/lib.rs  found "pub struct DisconnectNotice"
  ecosystem-plan-DRAFT.md:1905  backend/crates/ontology/adapter-postgres/src/instances.rs  found "fn allowlisted_projected_table"
  ecosystem-plan-DRAFT.md:1927  backend/crates/platform/db/migrations/0156_create_inventory.sql  found "CREATE TABLE inventory_consumption_events"
  ecosystem-plan-DRAFT.md:1929  backend/crates/platform/db/migrations/0156_create_inventory.sql  found "quantity_before_milli BIGINT NOT NULL CHECK (quantity_before_milli >= 0)"
  ecosystem-plan-DRAFT.md:1930  backend/crates/platform/db/migrations/0156_create_inventory.sql  found "CHECK (quantity_before_milli - quantity_consumed_milli = quantity_after_milli)"
  ecosystem-plan-DRAFT.md:1932  backend/crates/platform/db/migrations/0156_create_inventory.sql  found "unit_cost_won BIGINT NULL CHECK (unit_cost_won IS NULL OR unit_cost_won >= 0)"
  ecosystem-plan-DRAFT.md:1933  backend/crates/platform/db/migrations/0156_create_inventory.sql  found "source_kind TEXT NOT NULL CHECK (source_kind IN ('WORK_ORDER','P1_DISPATCH'))"
  ecosystem-plan-DRAFT.md:1934  backend/crates/platform/db/migrations/0156_create_inventory.sql  found "work_order_id              UUID        NOT NULL,"
  ecosystem-plan-DRAFT.md:1934  backend/crates/platform/db/migrations/0156_create_inventory.sql  found "FOREIGN KEY (work_order_id, org_id) REFERENCES work_orders(id, org_id)"
  ecosystem-plan-DRAFT.md:1938  backend/crates/platform/db/migrations/0173_create_production_execution.sql  found "CREATE TABLE production_demand_contracts"
  ecosystem-plan-DRAFT.md:1940  backend/crates/platform/db/migrations/0173_create_production_execution.sql  found "CREATE TABLE production_operations"
  ecosystem-plan-DRAFT.md:1940  backend/crates/platform/db/migrations/0173_create_production_execution.sql  found "scrap_quantity BIGINT NOT NULL DEFAULT 0 CHECK (scrap_quantity >= 0),"
  ecosystem-plan-DRAFT.md:1941  backend/crates/platform/db/migrations/0173_create_production_execution.sql  found "quantity BIGINT NOT NULL CHECK (quantity > 0),"
  ecosystem-plan-DRAFT.md:1955  backend/crates/platform/db/migrations/0156_create_inventory.sql  found "CHECK (quantity_before_milli - quantity_consumed_milli = quantity_after_milli)"
  ecosystem-plan-DRAFT.md:1965  backend/crates/inventory/adapter-postgres/src/lib.rs  found "fetch_item_for_update_tx"
  ecosystem-plan-DRAFT.md:1966  backend/crates/inventory/adapter-postgres/src/lib.rs  found "lock_consumption_idempotency_key_tx(tx, org, &idempotency_key)"
  ecosystem-plan-DRAFT.md:1966  backend/crates/inventory/adapter-postgres/src/lib.rs  found "state.consume(quantity)"
  ecosystem-plan-DRAFT.md:1967  backend/crates/inventory/adapter-postgres/src/lib.rs  found "INSERT INTO inventory_consumption_events ("
  ecosystem-plan-DRAFT.md:1981  backend/crates/platform/db/migrations/0173_create_production_execution.sql  found "scrap_quantity BIGINT NOT NULL DEFAULT 0 CHECK (scrap_quantity >= 0),"
  ecosystem-plan-DRAFT.md:2010  backend/crates/platform/db/migrations/0102_create_object_types_and_links.sql  found "UNIQUE (org_id, src_kind, src_id, dst_kind, dst_id, link_type)"
  ecosystem-plan-DRAFT.md:2011  backend/crates/platform/db/migrations/0102_create_object_types_and_links.sql  found "GRANT SELECT, INSERT, DELETE ON object_links TO console_rt;"
  ecosystem-plan-DRAFT.md:2014  backend/crates/platform/db/migrations/0130_create_link_types.sql  found "('derived_from',  'Source was produced from the destination (lineage)'),"
  ecosystem-plan-DRAFT.md:2022  backend/crates/platform/db/migrations/0156_create_inventory.sql  found "CREATE TABLE inventory_consumption_events"
  ecosystem-plan-DRAFT.md:2023  backend/crates/platform/db/migrations/0156_create_inventory.sql  found "FOREIGN KEY (work_order_id, org_id) REFERENCES work_orders(id, org_id)"
  ecosystem-plan-DRAFT.md:2024  backend/crates/platform/db/migrations/0173_create_production_execution.sql  found "CREATE TABLE production_demand_contracts"
  ecosystem-plan-DRAFT.md:2024  backend/crates/platform/db/migrations/0173_create_production_execution.sql  found "scrap_quantity BIGINT NOT NULL DEFAULT 0 CHECK (scrap_quantity >= 0),"
  ecosystem-plan-DRAFT.md:2025  backend/crates/platform/db/migrations/0072_create_equipment_ownership_transfers.sql  found "CREATE TABLE equipment_ownership_transfer_requests"
  ecosystem-plan-DRAFT.md:2025  backend/crates/platform/db/migrations/0072_create_equipment_ownership_transfers.sql  found "CREATE TABLE equipment_ownership_transfer_events"
  ecosystem-plan-DRAFT.md:2028  backend/crates/platform/db/migrations/0156_create_inventory.sql  found "source_kind TEXT NOT NULL CHECK (source_kind IN ('WORK_ORDER','P1_DISPATCH'))"
  ecosystem-plan-DRAFT.md:2043  backend/crates/platform/db/migrations/0147_ceo_covert_audit_stream.sql  found "status TEXT NOT NULL CHECK (status IN ('ACTIVE','REVOKED','EXPIRED'))"
  ecosystem-plan-DRAFT.md:2044  backend/crates/platform/db/migrations/0147_ceo_covert_audit_stream.sql  found "starts_at      TIMESTAMPTZ NOT NULL DEFAULT now(),"
  ecosystem-plan-DRAFT.md:2044  backend/crates/platform/db/migrations/0147_ceo_covert_audit_stream.sql  found "expires_at     TIMESTAMPTZ NULL,"
  ecosystem-plan-DRAFT.md:2044  backend/crates/platform/db/migrations/0147_ceo_covert_audit_stream.sql  found "granted_by     UUID        NULL,"
  ecosystem-plan-DRAFT.md:2045  backend/crates/platform/db/migrations/0147_ceo_covert_audit_stream.sql  found "revoked_by     UUID        NULL,"
  ecosystem-plan-DRAFT.md:2045  backend/crates/platform/db/migrations/0147_ceo_covert_audit_stream.sql  found "grant_reason   TEXT        NOT NULL CHECK (char_length(grant_reason) BETWEEN 1 AND 512)"
  ecosystem-plan-DRAFT.md:2058  backend/crates/platform/db/migrations/0155_create_ontology_instances.sql  found "CREATE OR REPLACE FUNCTION ont_instance_revisions_append_only()"
  ecosystem-plan-DRAFT.md:2080  backend/crates/platform/db/migrations/0149_add_audit_context_classification.sql  found "ADD COLUMN reason TEXT;"
  ecosystem-plan-DRAFT.md:2136  backend/crates/platform/db/migrations/0155_create_ontology_instances.sql  found "CHECK (lifecycle_state IN ('draft','active','locked','archived','disposed'))"
  ecosystem-plan-DRAFT.md:2156  scripts/check-adrs.mjs  found "const RECIPROCAL_RELATIONSHIPS = ["
  ecosystem-plan-DRAFT.md:2158  scripts/check-adrs.mjs  found "for (const [key, reciprocalKey] of RECIPROCAL_RELATIONSHIPS)"
  ecosystem-plan-DRAFT.md:2159  scripts/check-adrs.mjs  found "related must use an inline list, including [] when empty"
  ecosystem-plan-DRAFT.md:2166  docs/decisions/README.md  found "must be updated atomically with every ADR status"
  ecosystem-plan-DRAFT.md:2170  docs/decisions/README.md  found "Do not reuse or backfill the number."
  ecosystem-plan-DRAFT.md:2176  docs/decisions/ADR-0022-local-identity-no-external-idp.md  found "Do not ship a speculative external IdP seam."
  ecosystem-plan-DRAFT.md:2176  docs/decisions/ADR-0022-local-identity-no-external-idp.md  found "only local org/account administration commands, read models, and audit builders"
  ecosystem-plan-DRAFT.md:2178  docs/decisions/ADR-0023-oyatie-console-authority.md  found "a generalized definition builder for arbitrary approval-line DAGs"
  ecosystem-plan-DRAFT.md:2181  docs/decisions/README.md  found "An **accepted** local ADR is authoritative within its stated scope."
  ecosystem-plan-DRAFT.md:2181  docs/decisions/ADR-0023-oyatie-console-authority.md  found "## Follow-ups (named out of scope for this program)"
  ecosystem-plan-DRAFT.md:2181  docs/decisions/ADR-0023-oyatie-console-authority.md  found "read-only NL rows + simulation and defers the canvas"
  ecosystem-plan-DRAFT.md:2181  docs/decisions/ADR-0023-oyatie-console-authority.md  found "enters as its own charter"
  ecosystem-plan-DRAFT.md:2182  docs/decisions/README.md  found "is always required and uses an inline list"
  ecosystem-plan-DRAFT.md:2183  docs/decisions/ADR-0001-modularmonolith-cargo-workspace-with-compilerenforced-cleanarchitecture.md  found "Domain logic stays pure and exhaustively unit-testable"
  ecosystem-plan-DRAFT.md:2187  docs/specs/cedar-pbac-authorization.md  found "Segregation of duties and self-approval checks"
  ecosystem-plan-DRAFT.md:2187  docs/specs/no-code-operational-logic.md  found "segregation of duties and self-approval prevention;"
  ecosystem-plan-DRAFT.md:2187  docs/specs/operations-intelligence.md  found "required evidence, segregation of duties, self-approval restrictions"
  ecosystem-plan-DRAFT.md:2188  scripts/check-ci-preflight.mjs  found "function requireOntologyRestItestReachability"
  ecosystem-plan-DRAFT.md:2188  scripts/check-ci-preflight.mjs  found "a per-crate decision with the same shape as this one, not a cleverer regex"
  ecosystem-plan-DRAFT.md:2191  docs/decisions/README.md  found "Do not reuse or backfill the number."
  ecosystem-plan-DRAFT.md:2209  docs/decisions/README.md  found "A later number does not win automatically."
  ecosystem-plan-DRAFT.md:2210  docs/decisions/README.md  found "Relationship keys ("
  ecosystem-plan-DRAFT.md:2214  docs/decisions/README.md  found "Relationship keys ("
  ecosystem-plan-DRAFT.md:2214  docs/decisions/README.md  found "must be updated atomically with every ADR status"
  ecosystem-plan-DRAFT.md:2222  docs/decisions/ADR-0001-modularmonolith-cargo-workspace-with-compilerenforced-cleanarchitecture.md  found "Domain logic stays pure and exhaustively unit-testable"
  ecosystem-plan-DRAFT.md:2226  backend/crates/platform/db/migrations/0160_create_finance_gl_vouchers.sql  found "CREATE OR REPLACE FUNCTION finance_gl_enforce_voucher_rules()"
  ecosystem-plan-DRAFT.md:2237  docs/decisions/README.md  found "that is a governance gap, not silent supersession"
  ecosystem-plan-DRAFT.md:2244  backend/ci/gates/audit-coverage/src/lib.rs  found "pub fn allowed_audit_exclusions"
  ecosystem-plan-DRAFT.md:2248  backend/ci/gates/audit-coverage/tests/gate_detects_violation.rs  found "fn allowed_exclusion_set_is_the_bound_carveouts"
  ecosystem-plan-DRAFT.md:2275  docs/decisions/README.md  found "is always required and uses an inline list"
  ecosystem-plan-DRAFT.md:2276  scripts/check-adrs.mjs  found "const RECIPROCAL_RELATIONSHIPS = ["
  ecosystem-plan-DRAFT.md:2279  docs/decisions/notes/DN-0003-adr-0025-operational-object-runtime.md  found "activation: in_progress"
  ecosystem-plan-DRAFT.md:2279  docs/decisions/notes/DN-0003-adr-0025-operational-object-runtime.md  found "Extensibility is bounded."
  ecosystem-plan-DRAFT.md:2308  backend/crates/platform/db/migrations/0060_create_groups_and_membership.sql  found "CREATE OR REPLACE FUNCTION group_role_grants_for_user(p_user UUID)"
  ecosystem-plan-DRAFT.md:2311  backend/crates/platform/db/migrations/0205_ont_policy_api_attach_writer.sql  found "Delete any one of the"
  ecosystem-plan-DRAFT.md:2319  backend/crates/platform/db/migrations/0065_create_policy_roles.sql  found "attribute         TEXT        NOT NULL CHECK (attribute IN ("
  ecosystem-plan-DRAFT.md:2321  backend/crates/platform/db/migrations/0065_create_policy_roles.sql  found "operator TEXT NOT NULL CHECK (operator IN ('equals','not_equals','in'))"
  ecosystem-plan-DRAFT.md:2406  backend/crates/platform/db/migrations/0060_create_groups_and_membership.sql  found "CREATE OR REPLACE FUNCTION group_role_grants_for_user(p_user UUID)"
  ecosystem-plan-DRAFT.md:2409  backend/crates/platform/db/migrations/0060_create_groups_and_membership.sql  found "EXCEPTION WHEN OTHERS THEN"
  ecosystem-plan-DRAFT.md:2413  backend/crates/platform/db/migrations/0155_create_ontology_instances.sql  found "FOREIGN KEY (to_instance_id, org_id) REFERENCES ont_instances(id, org_id)"
  ecosystem-plan-DRAFT.md:2423  backend/crates/platform/db/migrations/0153_create_governance.sql  found "approver_id      UUID        NOT NULL,"
  ecosystem-plan-DRAFT.md:2428  backend/crates/notices/adapter-postgres/src/lib.rs  found "SELECT $1, $2, id FROM users WHERE org_id = $1 AND is_active = true"
  ecosystem-plan-DRAFT.md:2442  backend/crates/platform/authz/src/cedar_pbac/residual.rs  found "return ResidualFilter::deny_all();"
  ecosystem-plan-DRAFT.md:2445  docs/ideas/research-sap.md  found "Approval authority as an intersection of process config and role assignment"
  ecosystem-plan-DRAFT.md:2447  backend/crates/platform/db/migrations/0160_create_finance_gl_vouchers.sql  found "is posted and immutable"
  ecosystem-plan-DRAFT.md:2457  backend/crates/platform/realtime/src/lib.rs  found "pub const NOTIFY_PAYLOAD_LIMIT_BYTES: usize = 8000;"
  ecosystem-plan-DRAFT.md:2460  backend/crates/platform/db/migrations/0012_create_messenger.sql  found "CREATE TABLE messenger_thread_members"
  ecosystem-plan-DRAFT.md:2461  backend/crates/platform/db/migrations/0159_create_cedar_decision_log.sql  found "determining_policies JSONB       NOT NULL DEFAULT '[]'::jsonb"
  ecosystem-plan-DRAFT.md:2506  backend/ci/gates/migration-safety/src/lib.rs  found "fn check_migration_versions"
  ecosystem-plan-DRAFT.md:2522  backend/ci/gates/migration-safety/src/lib.rs  found "fn table_name_after_alter_table"
  ecosystem-plan-DRAFT.md:2523  backend/ci/gates/migration-safety/src/lib.rs  found "fn tokenize_sql"
  ecosystem-plan-DRAFT.md:2525  backend/ci/gates/migration-safety/src/lib.rs  found "fn built_in_audited_tables"
  ecosystem-plan-DRAFT.md:2554  .github/workflows/ci.yml  found "preflight:"
  ecosystem-plan-DRAFT.md:2554  .github/workflows/ci.yml  found "postgres-domain-reachability:"
  ecosystem-plan-DRAFT.md:2554  .github/workflows/ci.yml  found "company-conformance:"
  ecosystem-plan-DRAFT.md:2554  .github/workflows/ci.yml  found "generated-face-authority:"
  ecosystem-plan-DRAFT.md:2554  .github/workflows/ci.yml  found "backend:"
  ecosystem-plan-DRAFT.md:2554  .github/workflows/nightly.yml  found "dev-up-smoke:"
  ecosystem-plan-DRAFT.md:2554  .github/workflows/ci.yml  found "repo-gates:"
  ecosystem-plan-DRAFT.md:2554  .github/workflows/ci.yml  found "api-contract:"
  ecosystem-plan-DRAFT.md:2554  .github/workflows/ci.yml  found "kubernetes-manifests:"
  ecosystem-plan-DRAFT.md:2574  backend/crates/platform/authz/src/cedar_pbac/residual.rs  found "return ResidualFilter::deny_all();"
  ecosystem-plan-DRAFT.md:2575  backend/crates/platform/db/migrations/0060_create_groups_and_membership.sql  found "CREATE OR REPLACE FUNCTION group_role_grants_for_user(p_user UUID)"
  ecosystem-plan-DRAFT.md:2581  tools/buck2  found "#!/usr/bin/env dotslash"
  ecosystem-plan-DRAFT.md:2589  docs/decisions/ADR-0023-oyatie-console-authority.md  found "Engine-Gen opens with a 1–2 day spike validating"
  ecosystem-plan-DRAFT.md:2609  backend/crates/platform/authz/src/cedar_pbac/engine.rs  found "Entities::from_entities([subject, resource_entity], Some(&bundle.schema))"
  ecosystem-plan-DRAFT.md:2633  scripts/check-ci-preflight.mjs  found "function requireOntologyRestItestReachability"
  ecosystem-plan-DRAFT.md:2635  scripts/check-ci-preflight.mjs  found "a per-crate decision with the same shape as this one, not a cleverer regex"
  ecosystem-plan-DRAFT.md:2646  backend/ci/gates/tenant-isolation/src/lib.rs  found "&& !global.contains(table.as_str())"
  ecosystem-plan-DRAFT.md:2659  .github/workflows/ci.yml  found "pull_request:"
  ecosystem-plan-DRAFT.md:2660  .github/workflows/ci.yml  found "push:"
  ecosystem-plan-DRAFT.md:2665  .github/workflows/ci.yml  found "pull_request:"
  ecosystem-plan-DRAFT.md:2666  scripts/check-ci-preflight.test.mjs  found "forbids push and pull-request path filters so every required context is created"
  ecosystem-plan-DRAFT.md:2668  .github/workflows/ci.yml  found "cancel-in-progress: ${{ github.event_name == 'pull_request' }}"
  ecosystem-plan-DRAFT.md:2682  backend/crates/ontology/rest/tests/company_conformance.rs  found "const LANE_TYPES: [&str; 5] = ["
  ecosystem-plan-DRAFT.md:2682  backend/crates/ontology/adapter-postgres/src/instances.rs  found "fn allowlisted_projected_table"
  ecosystem-plan-DRAFT.md:2686  backend/crates/ontology/adapter-postgres/src/seed.rs  found "BUILTIN_CATALOG_VERSION"
  ecosystem-plan-DRAFT.md:2687  docs/program/CATALOG.md  found "projects existing employee truth"
  ecosystem-plan-DRAFT.md:2694  docs/ideas/governed-object-engine-PLAN.md  found "**buck2 RETAINED** (decision corrected 2026-07-28)"
  ecosystem-plan-DRAFT.md:2695  docs/ideas/governed-object-engine-PLAN.md  found "buck2, which is dropped now that every non-Rust"
  ecosystem-plan-DRAFT.md:2695  docs/ideas/no-code-ontology.md  found "Buck2 does not glob"
  ecosystem-plan-DRAFT.md:2705  tools/buck2  found "#!/usr/bin/env dotslash"
  ecosystem-plan-DRAFT.md:2712  .github/workflows/ci.yml  found "run: tools/buck/install_dotslash.sh"
  ecosystem-plan-DRAFT.md:2713  .github/workflows/ci.yml  found "tools/buck2 test"
  ecosystem-plan-DRAFT.md:2717  docs/specs/foundation-gates.md  found "Rust is pinned to 1.96.0 for CI/local parity."
  ecosystem-plan-DRAFT.md:2718  backend/Cargo.toml  found "rust-version = "1.96""
  ecosystem-plan-DRAFT.md:2723  backend/app/src/lib.rs  found "DatabaseDependency::NotConfigured => PgOntologyStore::new(pool.clone()),"
  ecosystem-plan-DRAFT.md:2724  backend/crates/ontology/adapter-postgres/src/lib.rs  found "fn command_pool"
  ecosystem-plan-DRAFT.md:2739  scripts/console/validate-console-truth-ledger.mjs  found "Rust-required delivery unit has empty Buck targets"
  ecosystem-plan-DRAFT.md:2754  backend/crates/ontology/adapter-postgres/src/instances.rs  found "owns no store of its own"
  ecosystem-plan-DRAFT.md:2772  backend/crates/platform/db/migrations/0160_create_finance_gl_vouchers.sql  found "-- console-gate: audited-table finance_gl_vouchers"
  ecosystem-plan-DRAFT.md:2772  backend/crates/platform/db/migrations/0160_create_finance_gl_vouchers.sql  found "-- console-gate: audited-table finance_gl_voucher_lines"
  ecosystem-plan-DRAFT.md:2803  backend/crates/platform/db/migrations/0162_create_notices.sql  found "FOREIGN KEY (recipient_user_id, org_id) REFERENCES users(id, org_id) ON DELETE RESTRICT"
  ecosystem-plan-DRAFT.md:2803  backend/crates/platform/db/migrations/0162_create_notices.sql  found "-- console-gate: audited-table notices"
  ecosystem-plan-DRAFT.md:2803  backend/crates/platform/db/migrations/0162_create_notices.sql  found "-- console-gate: audited-table notice_receipts"
  ecosystem-plan-DRAFT.md:2808  backend/crates/platform/db/migrations/0172_create_employee_employment_profiles.sql  found "employment_type   TEXT NOT NULL CHECK (employment_type IN ('REGULAR', 'CONTRACT', 'PART_TIME', 'INTERN'))"
  ecosystem-plan-DRAFT.md:2808  backend/crates/platform/db/migrations/0187_create_recruiting.sql  found "employment_type TEXT        NOT NULL CHECK (employment_type IN ('REGULAR','RESIDENT_SHIFT','PART_TIME','POOL_DAILY'))"
  ecosystem-plan-DRAFT.md:2809  backend/crates/platform/db/migrations/0060_create_groups_and_membership.sql  found "UNIQUE (org_id)"
  ecosystem-plan-DRAFT.md:2809  backend/crates/platform/db/migrations/0060_create_groups_and_membership.sql  found "ADD COLUMN group_id UUID NULL REFERENCES groups(id) ON DELETE RESTRICT;"
  ecosystem-plan-DRAFT.md:2810  backend/crates/platform/authz/src/cedar_pbac/engine.rs  found "Entity::new(subject_uid.clone(), subject_attrs, HashSet::new())"
  ecosystem-plan-DRAFT.md:2810  backend/crates/platform/authz/src/cedar_pbac/engine.rs  found "Entity::new(resource_uid.clone(), resource_attrs, HashSet::new())"
  ecosystem-plan-DRAFT.md:2810  backend/crates/platform/authz/src/cedar_pbac/engine.rs  found "Entities::from_entities([subject, resource_entity], Some(&bundle.schema))"
  ecosystem-plan-DRAFT.md:2813  backend/crates/platform/db/migrations/0012_create_messenger.sql  found "work_order_id UUID        REFERENCES work_orders(id) ON DELETE CASCADE,"
  ecosystem-plan-DRAFT.md:2816  backend/crates/platform/db/migrations/0160_create_finance_gl_vouchers.sql  found "CREATE OR REPLACE FUNCTION finance_gl_enforce_voucher_rules()"
  ecosystem-plan-DRAFT.md:2818  backend/crates/platform/db/migrations/0156_create_inventory.sql  found "source_kind                TEXT        NOT NULL CHECK (source_kind IN ('WORK_ORDER','P1_DISPATCH')),"
  ecosystem-plan-DRAFT.md:2843  backend/crates/platform/db/migrations/0036_platform_onboarding.sql  found "'00000000-0000-0000-0000-00000000face'::uuid,"
  ecosystem-plan-DRAFT.md:2852  backend/crates/kernel/core/src/access_scope.rs  found "pub enum AccessScopeLevel"
  ecosystem-plan-DRAFT.md:2864  backend/ci/gates/migration-safety/src/lib.rs  found "fn built_in_audited_tables"
  ecosystem-plan-DRAFT.md:2868  backend/crates/platform/db/migrations/0164_bind_consume_four_eyes.sql  found "ADD COLUMN target_ref UUID;"
  ecosystem-plan-DRAFT.md:2869  backend/crates/kernel/core/src/audit.rs  found "pub struct AuditEvent"
  ecosystem-plan-DRAFT.md:2892  backend/crates/platform/db/migrations/0155_create_ontology_instances.sql  found "CREATE OR REPLACE FUNCTION ont_instance_revisions_append_only()"
  ecosystem-plan-DRAFT.md:2902  backend/crates/platform/db/migrations/0076_user_employee_link.sql  found "HAVING count(*) = 1"
  ecosystem-plan-DRAFT.md:2903  backend/crates/platform/db/migrations/0075_employee_identity_resolution.sql  found "ADD COLUMN identity_resolution_strategy"
  ecosystem-plan-DRAFT.md:2903  backend/crates/platform/db/migrations/0075_employee_identity_resolution.sql  found "ADD COLUMN identity_resolution_confidence"
  ecosystem-plan-DRAFT.md:2910  backend/crates/platform/db/migrations/0060_create_groups_and_membership.sql  found "CREATE OR REPLACE FUNCTION group_role_grants_for_user(p_user UUID)"
  ecosystem-plan-DRAFT.md:2911  backend/crates/platform/db/migrations/0102_create_object_types_and_links.sql  found "CREATE TABLE object_links"
  ecosystem-plan-DRAFT.md:2912  backend/crates/platform/authz-rest/src/store.rs  found "pub async fn load_enforced_object_policy_blocks"
  ecosystem-plan-DRAFT.md:2912  backend/crates/platform/db/migrations/0205_ont_policy_api_attach_writer.sql  found "Delete any one of the"
  ecosystem-plan-DRAFT.md:2913  backend/crates/platform/db/migrations/0036_platform_onboarding.sql  found "'00000000-0000-0000-0000-00000000face'::uuid,"
  ecosystem-plan-DRAFT.md:2913  backend/crates/platform/db/migrations/0051_platform_remove_organization.sql  found "UPDATE audit_events"
  ecosystem-plan-DRAFT.md:2941  backend/crates/platform/db/migrations/0060_create_groups_and_membership.sql  found "CHECK (group_role IN ('GROUP_ADMIN', 'GROUP_VIEWER', 'GROUP_FINANCE'))"
  ecosystem-plan-DRAFT.md:2948  backend/crates/ontology/rest/src/lib.rs  found "pub const OBJECT_TYPE_LIFECYCLE_PATH"
  ecosystem-plan-DRAFT.md:2948  backend/crates/ontology/rest/src/lib.rs  found "pub const OBJECT_TYPE_POLICIES_PATH"
  ecosystem-plan-DRAFT.md:2954  backend/crates/platform/db/migrations/0156_create_inventory.sql  found "source_kind                TEXT        NOT NULL CHECK (source_kind IN ('WORK_ORDER','P1_DISPATCH')),"
  ecosystem-plan-DRAFT.md:2954  backend/crates/platform/db/migrations/0156_create_inventory.sql  found "FOREIGN KEY (work_order_id, org_id) REFERENCES work_orders(id, org_id)"
  ecosystem-plan-DRAFT.md:2955  backend/crates/platform/db/migrations/0160_create_finance_gl_vouchers.sql  found "char_length(account_code) <= 40"
  ecosystem-plan-DRAFT.md:2956  backend/crates/platform/db/migrations/0160_create_finance_gl_vouchers.sql  found "amount_won    BIGINT   NOT NULL CHECK (amount_won > 0),"

MISSING — file mentioned but not in the repo (typo, or a planned artifact)
  ecosystem-plan-DRAFT.md:379  ecosystem-PORTING.md  → file not found
  ecosystem-plan-DRAFT.md:600  docs/specs/ecosystem-entity-components.tsv  → file not found
  ecosystem-plan-DRAFT.md:705  docs/specs/ecosystem-PORTING.md  → file not found
  ecosystem-plan-DRAFT.md:1514  docs/specs/known-bad-controls.tsv  → file not found
  ecosystem-plan-DRAFT.md:2170  ADR-0013  → no decision record with that id
  ecosystem-plan-DRAFT.md:2190  ADR-0013  → no decision record with that id
  ecosystem-plan-DRAFT.md:2437  docs/specs/ecosystem-entity-components.tsv  → file not found
  ecosystem-plan-DRAFT.md:2490  PORTING.md  → file not found
  ecosystem-plan-DRAFT.md:2490  LIFETIMES.tsv  → file not found
  ecosystem-plan-DRAFT.md:2495  docs/specs/ecosystem-entity-components.tsv  → file not found
  ecosystem-plan-DRAFT.md:2495  LIFETIMES.tsv  → file not found
  ecosystem-plan-DRAFT.md:2496  docs/specs/ecosystem-PORTING.md  → file not found
  ecosystem-plan-DRAFT.md:2496  PORTING.md  → file not found
  ecosystem-plan-DRAFT.md:2497  docs/specs/ecosystem-LANES.tsv  → file not found
  ecosystem-plan-DRAFT.md:2497  PORTING.md  → file not found
  ecosystem-plan-DRAFT.md:2517  docs/specs/ecosystem-entity-components.tsv  → file not found
  ecosystem-plan-DRAFT.md:2556  docs/specs/known-bad-controls.tsv  → file not found
  ecosystem-plan-DRAFT.md:2615  ecosystem-entity-components.tsv  → file not found
  ecosystem-plan-DRAFT.md:2681  docs/specs/known-bad-controls.tsv  → file not found

docs/ideas/ecosystem-plan-DRAFT.md
  total citations : 680
  RESOLVES        : 534   (symbol or fragment found in file)
  UNVERIFIABLE    : 0   (line numbers — max allowed 0, of which 0 SUSPECT)
  BROKEN          : 0
  FILE-ONLY       : 127   (file exists, no checkable claim)
  MISSING         : 19   (file mention, absent from repo — not fatal)
RESOLVES — verifiable by grep
  false-green-gate-holes.md:49  backend/crates/inventory/rest/src/lib.rs  found "ConsumeItemBody"
  false-green-gate-holes.md:89  scripts/check-ci-preflight.mjs  found "requireOrderedStepContracts"
  false-green-gate-holes.md:110  scripts/check-ci-preflight.mjs  found "requireOrderedStepContracts"
  false-green-gate-holes.md:114  scripts/check-request-body-contract.mjs  found "renameField"
  false-green-gate-holes.md:150  scripts/check-request-body-contract.mjs  found "evaluateRequestBodyContract"
  false-green-gate-holes.md:205  backend/crates/leave/adapter-postgres/src/lib.rs  found "unused_leave_days"
  false-green-gate-holes.md:278  scripts/check-undeclared-imports.mjs  found "isQuotedOrCommented"
  false-green-gate-holes.md:301  docs/evidence/console/wave4/L-F1/browser-window-host.mjs  found "chromium"
  false-green-gate-holes.md:559  scripts/check-ci-preflight.mjs  found "requireOrderedStepContracts"
  false-green-gate-holes.md:598  scripts/check-request-body-contract.mjs  found "evaluateRequestBodyContract"
  false-green-gate-holes.md:603  backend/crates/attendance/rest/src/lib.rs  found "AssignBody"
  false-green-gate-holes.md:604  backend/crates/facilities/rest/src/lib.rs  found "AssignBody"
  false-green-gate-holes.md:620  scripts/check-undeclared-imports.mjs  found "SCANNED_FLOOR"
  false-green-gate-holes.md:652  backend/crates/leave/adapter-postgres/src/lib.rs  found "unused_leave_days"

docs/program/false-green-gate-holes.md
  total citations : 38
  RESOLVES        : 14   (symbol or fragment found in file)
  UNVERIFIABLE    : 0   (line numbers — max allowed 0, of which 0 SUSPECT)
  BROKEN          : 0
  FILE-ONLY       : 24   (file exists, no checkable claim)
  MISSING         : 0   (file mention, absent from repo — not fatal)

── [fast] Shared text gate unit tests  (cwd: .)
npm notice run test:text-gate
npm notice run node --test scripts/lib/text-gate.test.mjs
✔ createTextGate records pass labels for include/not-include/match/absent checks (4.526042ms)
✔ createTextGate preserves fail-fast errors for each check type (1.029583ms)
✔ read memoizes file contents by resolved path for repeated checks (0.470667ms)
✔ payroll-style custom options shape pass labels and failure messages (0.737208ms)
✔ people HR-style custom absent failures can omit the pattern (1.127625ms)
✔ requireMatches and requireAbsent reset global regex state (0.705042ms)
✔ reportGate prints the gate message with recorded check count (1.070583ms)
ℹ tests 7
ℹ suites 0
ℹ pass 7
ℹ fail 0
ℹ cancelled 0
ℹ skipped 0
ℹ todo 0
ℹ duration_ms 63.421125

── [fast] Gate-input provenance instrument  (cwd: .)
npm notice run check:gate-input-provenance
npm notice run node scripts/check-gate-input-provenance.mjs
gate_inputs: 14 document rows; counted 13 rows / 788 assertions; exceptions 13
  COUNTED check:doc-citations docs/ideas/ecosystem-plan-DRAFT.md class=quarry assertions=680
  COUNTED check:doc-citations docs/program/false-green-gate-holes.md class=evidence assertions=38
  COUNTED check:foundation-gates docs/benchmarks/enterprise-parity-matrix.md class=historical assertions=2
  COUNTED check:foundation-gates docs/program/console-buck2-scale-playbook.md class=historical assertions=4
  COUNTED check:foundation-gates docs/program/console-fanout-epoch-contract.md class=historical assertions=2
  COUNTED check:foundation-gates docs/specs/backlog-clearance-ledger.md class=evidence assertions=3
  COUNTED check:foundation-gates docs/specs/foundation-gates.md class=historical assertions=37
  COUNTED check:foundation-gates docs/specs/review-fix-merge-governance.md class=historical assertions=8
  COUNTED check:g006-asset-dispatch-lifecycle docs/specs/foundation-gates.md class=historical assertions=2
  COUNTED check:g007-collaboration-mobile-lifecycle docs/specs/foundation-gates.md class=historical assertions=2
  COUNTED check:g008-payroll-readiness docs/specs/hr-payroll-readiness.md class=historical assertions=3
  COUNTED check:payroll-release-gate docs/specs/payroll.md class=historical assertions=6
  COUNTED check:people-hr-maturity docs/specs/data-exchange-import-export.md class=historical assertions=1
gate-input provenance check passed

── [fast] Gate-input provenance unit tests  (cwd: .)
npm notice run test:gate-input-provenance
npm notice run node --test scripts/check-gate-input-provenance.test.mjs
G004 identity foundation gate passed (498 checks).
- package script check:g004-identity-foundation
- CI runs G004 identity foundation gate
- G004 identity foundation matrix: present
- enterprise UI route audit register: present
- G004 matrix schema version 1
- G004 matrix goal id
- G004 matrix records live-evidence non-claim policy
- G004 matrix routePaths
- requiredBackendTests
- G004 backend contract inventory
- G004 safety assertions
- G004 route /login: path
- G004 route /login: owner marker
- G004 route /login: required story
- G004 route /onboarding: path
- G004 route /onboarding: owner marker
- G004 route /onboarding: required story
- G004 route /pending: path
- G004 route /pending: owner marker
- G004 route /pending: required story
- G004 route /platform: path
- G004 route /platform: owner marker
- G004 route /platform: required story
- G004 route /platform/tenants: path
- G004 route /platform/tenants: owner marker
- G004 route /platform/tenants: required story
- G004 route /platform/groups: path
- G004 route /platform/groups: owner marker
- G004 route /platform/groups: required story
- G004 route /platform/ops: path
- G004 route /platform/ops: owner marker
- G004 route /platform/ops: required story
- G004 route /platform/onboard: path
- G004 route /platform/onboard: owner marker
- G004 route /platform/onboard: required story
- G004 route /platform/account: path
- G004 route /platform/account: owner marker
- G004 route /platform/account: required story
- G004 route /settings: path
- G004 route /settings: owner marker
- G004 route /settings: required story
- G004 route /settings/profile: path
- G004 route /settings/profile: owner marker
- G004 route /settings/profile: required story
- G004 route /settings/security: path
- G004 route /settings/security: owner marker
- G004 route /settings/security: required story
- G004 route /settings/users: path
- G004 route /settings/users: owner marker
- G004 route /settings/users: required story
- G004 route /settings/group: path
- G004 route /settings/group: owner marker
- G004 route /settings/group: required story
- G004 route /settings/org: path
- G004 route /settings/org: owner marker
- G004 route /settings/org: required story
- G004 route /settings/employees: path
- G004 route /settings/employees: owner marker
- G004 route /settings/employees: required story
- G004 route /payroll: path
- G004 route /payroll: owner marker
- G004 route /payroll: required story
- G004 route /hr/leave-management: path
- G004 route /hr/leave-management: owner marker
- G004 route /hr/leave-management: required story
- G004 route /hr/insurance: path
- G004 route /hr/insurance: owner marker
- G004 route /hr/insurance: required story
- G004 route /attendance: path
- G004 route /attendance: owner marker
- G004 route /attendance: required story
- G004 route /settings/policy: path
- G004 route /settings/policy: owner marker
- G004 route /settings/policy: required story
- G004 route /config-console: path
- G004 route /config-console: owner marker
- G004 route /config-console: required story
- G004 matrix records a passkey contract
- G004 matrix records a policy contract
- G004 route group auth: covered
- G004 route group platform: covered
- G004 route group settings: covered
- G004 route group identity-admin: covered
- G004 route group group-org: covered
- G004 route group people: covered
- G004 route group policy: covered
- enterprise route audit has G004-owned rows
- route audit /login: represented in G004 matrix
- route audit /onboarding: represented in G004 matrix
- route audit /pending: represented in G004 matrix
- route audit /platform: represented in G004 matrix
- route audit /platform/tenants: represented in G004 matrix
- route audit /platform/groups: represented in G004 matrix
- route audit /platform/ops: represented in G004 matrix
- route audit /platform/onboard: represented in G004 matrix
- route audit /platform/account: represented in G004 matrix
- route audit /settings/group: represented in G004 matrix
- route audit /settings/org: represented in G004 matrix
- route audit /settings/policy: represented in G004 matrix
- route audit /config-console: represented in G004 matrix
- route audit /payroll: represented in G004 matrix
- route audit /hr/leave-management: represented in G004 matrix
- route audit /hr/insurance: represented in G004 matrix
- route audit /settings: represented in G004 matrix
- route audit /settings/profile: represented in G004 matrix
- route audit /attendance: represented in G004 matrix
- route audit /settings/employees: represented in G004 matrix
- route audit /settings/users: represented in G004 matrix
- route audit /settings/security: represented in G004 matrix
- G004 matrix route /login: exists in route audit
- G004 matrix route /login: ownerLane contains G004
- G004 matrix route /login: browser story required
- G004 matrix route /login: sourceObject
- G004 matrix route /login: lifecycleStates
- G004 matrix route /login: denialScopeTest
- G004 matrix route /login: groupScopeStory
- G004 matrix route /login: no weak fallback marker
- G004 matrix route /login: no weak unclassified marker
- G004 matrix route /login: no weak demo marker
- G004 matrix route /login: no weak stub marker
- G004 matrix route /login: no weak placeholder marker
- G004 matrix route /login: no weak coming soon marker
- G004 matrix route /login: screenshot/trace is explicitly non-closed
- G004 matrix route /onboarding: exists in route audit
- G004 matrix route /onboarding: ownerLane contains G004
- G004 matrix route /onboarding: browser story required
- G004 matrix route /onboarding: sourceObject
- G004 matrix route /onboarding: lifecycleStates
- G004 matrix route /onboarding: denialScopeTest
- G004 matrix route /onboarding: groupScopeStory
- G004 matrix route /onboarding: no weak fallback marker
- G004 matrix route /onboarding: no weak unclassified marker
- G004 matrix route /onboarding: no weak demo marker
- G004 matrix route /onboarding: no weak stub marker
- G004 matrix route /onboarding: no weak placeholder marker
- G004 matrix route /onboarding: no weak coming soon marker
- G004 matrix route /onboarding: screenshot/trace is explicitly non-closed
- G004 matrix route /pending: exists in route audit
- G004 matrix route /pending: ownerLane contains G004
- G004 matrix route /pending: browser story required
- G004 matrix route /pending: sourceObject
- G004 matrix route /pending: lifecycleStates
- G004 matrix route /pending: denialScopeTest
- G004 matrix route /pending: groupScopeStory
- G004 matrix route /pending: no weak fallback marker
- G004 matrix route /pending: no weak unclassified marker
- G004 matrix route /pending: no weak demo marker
- G004 matrix route /pending: no weak stub marker
- G004 matrix route /pending: no weak placeholder marker
- G004 matrix route /pending: no weak coming soon marker
- G004 matrix route /pending: screenshot/trace is explicitly non-closed
- G004 matrix route /platform: exists in route audit
- G004 matrix route /platform: ownerLane contains G004
- G004 matrix route /platform: browser story required
- G004 matrix route /platform: sourceObject
- G004 matrix route /platform: lifecycleStates
- G004 matrix route /platform: denialScopeTest
- G004 matrix route /platform: groupScopeStory
- G004 matrix route /platform: no weak fallback marker
- G004 matrix route /platform: no weak unclassified marker
- G004 matrix route /platform: no weak demo marker
- G004 matrix route /platform: no weak stub marker
- G004 matrix route /platform: no weak placeholder marker
- G004 matrix route /platform: no weak coming soon marker
- G004 matrix route /platform: screenshot/trace is explicitly non-closed
- G004 matrix route /platform/tenants: exists in route audit
- G004 matrix route /platform/tenants: ownerLane contains G004
- G004 matrix route /platform/tenants: browser story required
- G004 matrix route /platform/tenants: sourceObject
- G004 matrix route /platform/tenants: lifecycleStates
- G004 matrix route /platform/tenants: denialScopeTest
- G004 matrix route /platform/tenants: groupScopeStory
- G004 matrix route /platform/tenants: no weak fallback marker
- G004 matrix route /platform/tenants: no weak unclassified marker
- G004 matrix route /platform/tenants: no weak demo marker
- G004 matrix route /platform/tenants: no weak stub marker
- G004 matrix route /platform/tenants: no weak placeholder marker
- G004 matrix route /platform/tenants: no weak coming soon marker
- G004 matrix route /platform/tenants: screenshot/trace is explicitly non-closed
- G004 matrix route /platform/groups: exists in route audit
- G004 matrix route /platform/groups: ownerLane contains G004
- G004 matrix route /platform/groups: browser story required
- G004 matrix route /platform/groups: sourceObject
- G004 matrix route /platform/groups: lifecycleStates
- G004 matrix route /platform/groups: denialScopeTest
- G004 matrix route /platform/groups: groupScopeStory
- G004 matrix route /platform/groups: no weak fallback marker
- G004 matrix route /platform/groups: no weak unclassified marker
- G004 matrix route /platform/groups: no weak demo marker
- G004 matrix route /platform/groups: no weak stub marker
- G004 matrix route /platform/groups: no weak placeholder marker
- G004 matrix route /platform/groups: no weak coming soon marker
- G004 matrix route /platform/groups: screenshot/trace is explicitly non-closed
- G004 matrix route /platform/ops: exists in route audit
- G004 matrix route /platform/ops: ownerLane contains G004
- G004 matrix route /platform/ops: browser story required
- G004 matrix route /platform/ops: sourceObject
- G004 matrix route /platform/ops: lifecycleStates
- G004 matrix route /platform/ops: denialScopeTest
- G004 matrix route /platform/ops: groupScopeStory
- G004 matrix route /platform/ops: no weak fallback marker
- G004 matrix route /platform/ops: no weak unclassified marker
- G004 matrix route /platform/ops: no weak demo marker
- G004 matrix route /platform/ops: no weak stub marker
- G004 matrix route /platform/ops: no weak placeholder marker
- G004 matrix route /platform/ops: no weak coming soon marker
- G004 matrix route /platform/ops: screenshot/trace is explicitly non-closed
- G004 matrix route /platform/onboard: exists in route audit
- G004 matrix route /platform/onboard: ownerLane contains G004
- G004 matrix route /platform/onboard: browser story required
- G004 matrix route /platform/onboard: sourceObject
- G004 matrix route /platform/onboard: lifecycleStates
- G004 matrix route /platform/onboard: denialScopeTest
- G004 matrix route /platform/onboard: groupScopeStory
- G004 matrix route /platform/onboard: no weak fallback marker
- G004 matrix route /platform/onboard: no weak unclassified marker
- G004 matrix route /platform/onboard: no weak demo marker
- G004 matrix route /platform/onboard: no weak stub marker
- G004 matrix route /platform/onboard: no weak placeholder marker
- G004 matrix route /platform/onboard: no weak coming soon marker
- G004 matrix route /platform/onboard: screenshot/trace is explicitly non-closed
- G004 matrix route /platform/account: exists in route audit
- G004 matrix route /platform/account: ownerLane contains G004
- G004 matrix route /platform/account: browser story required
- G004 matrix route /platform/account: sourceObject
- G004 matrix route /platform/account: lifecycleStates
- G004 matrix route /platform/account: denialScopeTest
- G004 matrix route /platform/account: groupScopeStory
- G004 matrix route /platform/account: no weak fallback marker
- G004 matrix route /platform/account: no weak unclassified marker
- G004 matrix route /platform/account: no weak demo marker
- G004 matrix route /platform/account: no weak stub marker
- G004 matrix route /platform/account: no weak placeholder marker
- G004 matrix route /platform/account: no weak coming soon marker
- G004 matrix route /platform/account: screenshot/trace is explicitly non-closed
- G004 matrix route /settings: exists in route audit
- G004 matrix route /settings: ownerLane contains G004
- G004 matrix route /settings: browser story required
- G004 matrix route /settings: sourceObject
- G004 matrix route /settings: lifecycleStates
- G004 matrix route /settings: denialScopeTest
- G004 matrix route /settings: groupScopeStory
- G004 matrix route /settings: no weak fallback marker
- G004 matrix route /settings: no weak unclassified marker
- G004 matrix route /settings: no weak demo marker
- G004 matrix route /settings: no weak stub marker
- G004 matrix route /settings: no weak placeholder marker
- G004 matrix route /settings: no weak coming soon marker
- G004 matrix route /settings: screenshot/trace is explicitly non-closed
- G004 matrix route /settings/profile: exists in route audit
- G004 matrix route /settings/profile: ownerLane contains G004
- G004 matrix route /settings/profile: browser story required
- G004 matrix route /settings/profile: sourceObject
- G004 matrix route /settings/profile: lifecycleStates
- G004 matrix route /settings/profile: denialScopeTest
- G004 matrix route /settings/profile: groupScopeStory
- G004 matrix route /settings/profile: no weak fallback marker
- G004 matrix route /settings/profile: no weak unclassified marker
- G004 matrix route /settings/profile: no weak demo marker
- G004 matrix route /settings/profile: no weak stub marker
- G004 matrix route /settings/profile: no weak placeholder marker
- G004 matrix route /settings/profile: no weak coming soon marker
- G004 matrix route /settings/profile: screenshot/trace is explicitly non-closed
- G004 matrix route /settings/security: exists in route audit
- G004 matrix route /settings/security: ownerLane contains G004
- G004 matrix route /settings/security: browser story required
- G004 matrix route /settings/security: sourceObject
- G004 matrix route /settings/security: lifecycleStates
- G004 matrix route /settings/security: denialScopeTest
- G004 matrix route /settings/security: groupScopeStory
- G004 matrix route /settings/security: no weak fallback marker
- G004 matrix route /settings/security: no weak unclassified marker
- G004 matrix route /settings/security: no weak demo marker
- G004 matrix route /settings/security: no weak stub marker
- G004 matrix route /settings/security: no weak placeholder marker
- G004 matrix route /settings/security: no weak coming soon marker
- G004 matrix route /settings/security: screenshot/trace is explicitly non-closed
- G004 matrix route /settings/users: exists in route audit
- G004 matrix route /settings/users: ownerLane contains G004
- G004 matrix route /settings/users: browser story required
- G004 matrix route /settings/users: sourceObject
- G004 matrix route /settings/users: lifecycleStates
- G004 matrix route /settings/users: denialScopeTest
- G004 matrix route /settings/users: groupScopeStory
- G004 matrix route /settings/users: no weak fallback marker
- G004 matrix route /settings/users: no weak unclassified marker
- G004 matrix route /settings/users: no weak demo marker
- G004 matrix route /settings/users: no weak stub marker
- G004 matrix route /settings/users: no weak placeholder marker
- G004 matrix route /settings/users: no weak coming soon marker
- G004 matrix route /settings/users: screenshot/trace is explicitly non-closed
- G004 matrix route /settings/group: exists in route audit
- G004 matrix route /settings/group: ownerLane contains G004
- G004 matrix route /settings/group: browser story required
- G004 matrix route /settings/group: sourceObject
- G004 matrix route /settings/group: lifecycleStates
- G004 matrix route /settings/group: denialScopeTest
- G004 matrix route /settings/group: groupScopeStory
- G004 matrix route /settings/group: no weak fallback marker
- G004 matrix route /settings/group: no weak unclassified marker
- G004 matrix route /settings/group: no weak demo marker
- G004 matrix route /settings/group: no weak stub marker
- G004 matrix route /settings/group: no weak placeholder marker
- G004 matrix route /settings/group: no weak coming soon marker
- G004 matrix route /settings/group: screenshot/trace is explicitly non-closed
- G004 matrix route /settings/org: exists in route audit
- G004 matrix route /settings/org: ownerLane contains G004
- G004 matrix route /settings/org: browser story required
- G004 matrix route /settings/org: sourceObject
- G004 matrix route /settings/org: lifecycleStates
- G004 matrix route /settings/org: denialScopeTest
- G004 matrix route /settings/org: groupScopeStory
- G004 matrix route /settings/org: no weak fallback marker
- G004 matrix route /settings/org: no weak unclassified marker
- G004 matrix route /settings/org: no weak demo marker
- G004 matrix route /settings/org: no weak stub marker
- G004 matrix route /settings/org: no weak placeholder marker
- G004 matrix route /settings/org: no weak coming soon marker
- G004 matrix route /settings/org: screenshot/trace is explicitly non-closed
- G004 matrix route /settings/employees: exists in route audit
- G004 matrix route /settings/employees: ownerLane contains G004
- G004 matrix route /settings/employees: browser story required
- G004 matrix route /settings/employees: sourceObject
- G004 matrix route /settings/employees: lifecycleStates
- G004 matrix route /settings/employees: denialScopeTest
- G004 matrix route /settings/employees: groupScopeStory
- G004 matrix route /settings/employees: no weak fallback marker
- G004 matrix route /settings/employees: no weak unclassified marker
- G004 matrix route /settings/employees: no weak demo marker
- G004 matrix route /settings/employees: no weak stub marker
- G004 matrix route /settings/employees: no weak placeholder marker
- G004 matrix route /settings/employees: no weak coming soon marker
- G004 matrix route /settings/employees: screenshot/trace is explicitly non-closed
- G004 matrix route /payroll: exists in route audit
- G004 matrix route /payroll: ownerLane contains G004
- G004 matrix route /payroll: browser story required
- G004 matrix route /payroll: sourceObject
- G004 matrix route /payroll: lifecycleStates
- G004 matrix route /payroll: denialScopeTest
- G004 matrix route /payroll: groupScopeStory
- G004 matrix route /payroll: no weak fallback marker
- G004 matrix route /payroll: no weak unclassified marker
- G004 matrix route /payroll: no weak demo marker
- G004 matrix route /payroll: no weak stub marker
- G004 matrix route /payroll: no weak placeholder marker
- G004 matrix route /payroll: no weak coming soon marker
- G004 matrix route /payroll: screenshot/trace is explicitly non-closed
- G004 matrix route /hr/leave-management: exists in route audit
- G004 matrix route /hr/leave-management: ownerLane contains G004
- G004 matrix route /hr/leave-management: browser story required
- G004 matrix route /hr/leave-management: sourceObject
- G004 matrix route /hr/leave-management: lifecycleStates
- G004 matrix route /hr/leave-management: denialScopeTest
- G004 matrix route /hr/leave-management: groupScopeStory
- G004 matrix route /hr/leave-management: no weak fallback marker
- G004 matrix route /hr/leave-management: no weak unclassified marker
- G004 matrix route /hr/leave-management: no weak demo marker
- G004 matrix route /hr/leave-management: no weak stub marker
- G004 matrix route /hr/leave-management: no weak placeholder marker
- G004 matrix route /hr/leave-management: no weak coming soon marker
- G004 matrix route /hr/leave-management: screenshot/trace is explicitly non-closed
- G004 matrix route /hr/insurance: exists in route audit
- G004 matrix route /hr/insurance: ownerLane contains G004
- G004 matrix route /hr/insurance: browser story required
- G004 matrix route /hr/insurance: sourceObject
- G004 matrix route /hr/insurance: lifecycleStates
- G004 matrix route /hr/insurance: denialScopeTest
- G004 matrix route /hr/insurance: groupScopeStory
- G004 matrix route /hr/insurance: no weak fallback marker
- G004 matrix route /hr/insurance: no weak unclassified marker
- G004 matrix route /hr/insurance: no weak demo marker
- G004 matrix route /hr/insurance: no weak stub marker
- G004 matrix route /hr/insurance: no weak placeholder marker
- G004 matrix route /hr/insurance: no weak coming soon marker
- G004 matrix route /hr/insurance: screenshot/trace is explicitly non-closed
- G004 matrix route /attendance: exists in route audit
- G004 matrix route /attendance: ownerLane contains G004
- G004 matrix route /attendance: browser story required
- G004 matrix route /attendance: sourceObject
- G004 matrix route /attendance: lifecycleStates
- G004 matrix route /attendance: denialScopeTest
- G004 matrix route /attendance: groupScopeStory
- G004 matrix route /attendance: no weak fallback marker
- G004 matrix route /attendance: no weak unclassified marker
- G004 matrix route /attendance: no weak demo marker
- G004 matrix route /attendance: no weak stub marker
- G004 matrix route /attendance: no weak placeholder marker
- G004 matrix route /attendance: no weak coming soon marker
- G004 matrix route /attendance: screenshot/trace is explicitly non-closed
- G004 matrix route /settings/policy: exists in route audit
- G004 matrix route /settings/policy: ownerLane contains G004
- G004 matrix route /settings/policy: browser story required
- G004 matrix route /settings/policy: sourceObject
- G004 matrix route /settings/policy: lifecycleStates
- G004 matrix route /settings/policy: denialScopeTest
- G004 matrix route /settings/policy: groupScopeStory
- G004 matrix route /settings/policy: no weak fallback marker
- G004 matrix route /settings/policy: no weak unclassified marker
- G004 matrix route /settings/policy: no weak demo marker
- G004 matrix route /settings/policy: no weak stub marker
- G004 matrix route /settings/policy: no weak placeholder marker
- G004 matrix route /settings/policy: no weak coming soon marker
- G004 matrix route /settings/policy: screenshot/trace is explicitly non-closed
- G004 matrix route /config-console: exists in route audit
- G004 matrix route /config-console: ownerLane contains G004
- G004 matrix route /config-console: browser story required
- G004 matrix route /config-console: sourceObject
- G004 matrix route /config-console: lifecycleStates
- G004 matrix route /config-console: denialScopeTest
- G004 matrix route /config-console: groupScopeStory
- G004 matrix route /config-console: no weak fallback marker
- G004 matrix route /config-console: no weak unclassified marker
- G004 matrix route /config-console: no weak demo marker
- G004 matrix route /config-console: no weak stub marker
- G004 matrix route /config-console: no weak placeholder marker
- G004 matrix route /config-console: no weak coming soon marker
- G004 matrix route /config-console: screenshot/trace is explicitly non-closed
- backend contract backend/crates/platform/db/migrations/0060_create_groups_and_membership.sql: present
- backend contract backend/crates/platform/db/migrations/0060_create_groups_and_membership.sql: rationale
- backend contract backend/crates/platform/db/migrations/0060_create_groups_and_membership.sql required snippets
- backend contract backend/crates/platform/db/migrations/0060_create_groups_and_membership.sql: A Group is NOT a tenant
- backend contract backend/crates/platform/db/migrations/0060_create_groups_and_membership.sql: group_member_org_ids
- backend contract backend/crates/platform/db/migrations/0060_create_groups_and_membership.sql: group_role_grants_for_user
- backend contract backend/crates/platform/db/migrations/0060_create_groups_and_membership.sql: REVOKE ALL ON groups, group_memberships, group_role_grants
- backend contract backend/crates/platform/db/migrations/0060_create_groups_and_membership.sql: SET LOCAL row_security = on
- backend contract backend/crates/platform/db/migrations/0064_platform_group_accounts.sql: present
- backend contract backend/crates/platform/db/migrations/0064_platform_group_accounts.sql: rationale
- backend contract backend/crates/platform/db/migrations/0064_platform_group_accounts.sql required snippets
- backend contract backend/crates/platform/db/migrations/0064_platform_group_accounts.sql: platform_update_group
- backend contract backend/crates/platform/db/migrations/0064_platform_group_accounts.sql: platform_list_group_accounts
- backend contract backend/crates/platform/db/migrations/0064_platform_group_accounts.sql: platform_create_group_account
- backend contract backend/crates/platform/db/migrations/0064_platform_group_accounts.sql: platform_revoke_group_role
- backend contract backend/crates/platform/db/migrations/0064_platform_group_accounts.sql: PENDING_SETUP
- backend contract backend/crates/platform/db/migrations/0065_create_policy_roles.sql: present
- backend contract backend/crates/platform/db/migrations/0065_create_policy_roles.sql: rationale
- backend contract backend/crates/platform/db/migrations/0065_create_policy_roles.sql required snippets
- backend contract backend/crates/platform/db/migrations/0065_create_policy_roles.sql: policy_roles
- backend contract backend/crates/platform/db/migrations/0065_create_policy_roles.sql: policy_role_permissions
- backend contract backend/crates/platform/db/migrations/0065_create_policy_roles.sql: policy_role_conditions
- backend contract backend/crates/platform/db/migrations/0065_create_policy_roles.sql: user_role_assignments
- backend contract backend/crates/platform/db/migrations/0065_create_policy_roles.sql: policy_assignment_preview_receipts
- backend contract backend/crates/platform/db/migrations/0065_create_policy_roles.sql: 'group'
- backend contract backend/crates/platform/db/migrations/0065_create_policy_roles.sql: 'tenant'
- backend contract backend/crates/platform/db/migrations/0065_create_policy_roles.sql: 'organization'
- backend contract backend/crates/platform/db/migrations/0065_create_policy_roles.sql: 'department'
- backend contract backend/crates/platform/db/migrations/0065_create_policy_roles.sql: 'team'
- backend contract backend/crates/platform/db/migrations/0065_create_policy_roles.sql: 'position'
- backend contract backend/crates/platform/db/migrations/0065_create_policy_roles.sql: 'employment_status'
- backend contract backend/crates/platform/db/migrations/0065_create_policy_roles.sql: 'action'
- backend contract backend/crates/platform/db/migrations/0065_create_policy_roles.sql: 'resource'
- backend contract backend/crates/platform/db/migrations/0065_create_policy_roles.sql: 'sensitive_action'
- backend contract backend/crates/platform/db/migrations/0065_create_policy_roles.sql: CREATE POLICY org_isolation
- backend contract backend/crates/platform/db/migrations/0067_auth_device_login_handoff.sql: present
- backend contract backend/crates/platform/db/migrations/0067_auth_device_login_handoff.sql: rationale
- backend contract backend/crates/platform/db/migrations/0067_auth_device_login_handoff.sql required snippets
- backend contract backend/crates/platform/db/migrations/0067_auth_device_login_handoff.sql: Cross-device passkey login handoff
- backend contract backend/crates/platform/db/migrations/0067_auth_device_login_handoff.sql: poll_token_hash
- backend contract backend/crates/platform/db/migrations/0067_auth_device_login_handoff.sql: approve_token_hash
- backend contract backend/crates/platform/db/migrations/0067_auth_device_login_handoff.sql: phone must prove possession of an existing passkey
- backend contract backend/crates/platform/db/migrations/0067_auth_device_login_handoff.sql: GRANT SELECT, INSERT, UPDATE ON auth_device_login_handoffs TO console_rt
- backend contract backend/crates/platform/db/migrations/0071_create_employee_lifecycle_events.sql: present
- backend contract backend/crates/platform/db/migrations/0071_create_employee_lifecycle_events.sql: rationale
- backend contract backend/crates/platform/db/migrations/0071_create_employee_lifecycle_events.sql required snippets
- backend contract backend/crates/platform/db/migrations/0071_create_employee_lifecycle_events.sql: ONBOARD
- backend contract backend/crates/platform/db/migrations/0071_create_employee_lifecycle_events.sql: OFFBOARD
- backend contract backend/crates/platform/db/migrations/0071_create_employee_lifecycle_events.sql: TERMINATE
- backend contract backend/crates/platform/db/migrations/0071_create_employee_lifecycle_events.sql: TRANSFER
- backend contract backend/crates/platform/db/migrations/0071_create_employee_lifecycle_events.sql: signoffs
- backend contract backend/crates/platform/db/migrations/0071_create_employee_lifecycle_events.sql: employee_lifecycle_events is append-only
- backend contract backend/crates/platform/db/migrations/0071_create_employee_lifecycle_events.sql: CREATE POLICY org_isolation
- backend contract backend/crates/platform/db/migrations/0030_enable_rls.sql: present
- backend contract backend/crates/platform/db/migrations/0030_enable_rls.sql: rationale
- backend contract backend/crates/platform/db/migrations/0030_enable_rls.sql required snippets
- backend contract backend/crates/platform/db/migrations/0030_enable_rls.sql: ENABLE ROW LEVEL SECURITY
- backend contract backend/crates/platform/db/migrations/0030_enable_rls.sql: CREATE POLICY org_isolation
- backend contract backend/crates/platform/db/migrations/0030_enable_rls.sql: app.current_org
- backend contract backend/crates/platform/db/migrations/0031_runtime_role_and_immutable_org.sql: present
- backend contract backend/crates/platform/db/migrations/0031_runtime_role_and_immutable_org.sql: rationale
- backend contract backend/crates/platform/db/migrations/0031_runtime_role_and_immutable_org.sql required snippets
- backend contract backend/crates/platform/db/migrations/0031_runtime_role_and_immutable_org.sql: console_rt
- backend contract backend/crates/platform/db/migrations/0031_runtime_role_and_immutable_org.sql: enforce_org_id_immutable
- backend contract backend/crates/platform/db/migrations/0031_runtime_role_and_immutable_org.sql: GRANT SELECT, INSERT, UPDATE, DELETE
- backend contract backend/crates/platform/db/migrations/0035_enable_rls_rollout.sql: present
- backend contract backend/crates/platform/db/migrations/0035_enable_rls_rollout.sql: rationale
- backend contract backend/crates/platform/db/migrations/0035_enable_rls_rollout.sql required snippets
- backend contract backend/crates/platform/db/migrations/0035_enable_rls_rollout.sql: ENABLE + FORCE RLS
- backend contract backend/crates/platform/db/migrations/0035_enable_rls_rollout.sql: CREATE POLICY org_isolation ON audit_events
- backend contract backend/crates/platform/db/migrations/0035_enable_rls_rollout.sql: ALTER TABLE
- G004 backend test backend/app/tests/auth_rest.rs: present
- G004 backend test backend/app/tests/platform_onboarding_e2e.rs: present
- G004 backend test backend/app/tests/tenant_context_e2e.rs: present
- G004 backend test backend/app/tests/audit_api.rs: present
- G004 backend test backend/crates/platform/authz/tests/policy.rs: present
- G004 backend test backend/crates/identity/rest/tests/org_setup.rs: present
- G004 backend test backend/crates/platform/platform-rest/tests/platform_groups.rs: present
- G004 backend test backend/crates/platform/provisioning/tests/bootstrap_passkey.rs: present
- G004 backend test backend/crates/platform/provisioning/tests/self_enroll_handoff_as_runtime_role.rs: present
- people HR gate has no stale G027 owner id
✔ gate-inputs validates declared-but-unread and read-but-undeclared (1.282625ms)
✔ text-gate hook records assertions per path under an active gate (4.514583ms)
✔ emitProvenanceIfRequested writes GATE_INPUT_PROVENANCE_OUT (0.582875ms)
✔ exception register rejects growth beyond baseline_count (red) (0.059542ms)
✔ exception register rejects expired remove_by (red) (0.042292ms)
✔ exception register rejects decoration — unobserved pair (red) (0.036ms)
✔ live instrument passes on the current tree (756.964625ms)
✔ G005 goal identity is controlled by the matrix, not the historical ledger (159.311583ms)
✔ G006 goal identity is controlled by the matrix, not the historical ledger (81.93175ms)
✔ G007 goal identity is controlled by the matrix, not the historical ledger (85.598792ms)
✔ G005 workflow and scoped approval-feed controls come from executable source, not foundation prose (689.747375ms)
✔ G004 machine-readable passkey and policy controls fail under hostile matrix mutations (5.598083ms)
✔ T1-CONV replacement is CI-reachable via check:g004-identity-foundation (0.291417ms)
ℹ tests 13
ℹ suites 0
ℹ pass 13
ℹ fail 0
ℹ cancelled 0
ℹ skipped 0
ℹ todo 0
ℹ duration_ms 1836.239792

── [fast] G004 identity group org people policy foundation gate  (cwd: .)
npm notice run check:g004-identity-foundation
npm notice run node scripts/check-g004-identity-foundation.mjs
G004 identity foundation gate passed (498 checks).
- package script check:g004-identity-foundation
- CI runs G004 identity foundation gate
- G004 identity foundation matrix: present
- enterprise UI route audit register: present
- G004 matrix schema version 1
- G004 matrix goal id
- G004 matrix records live-evidence non-claim policy
- G004 matrix routePaths
- requiredBackendTests
- G004 backend contract inventory
- G004 safety assertions
- G004 route /login: path
- G004 route /login: owner marker
- G004 route /login: required story
- G004 route /onboarding: path
- G004 route /onboarding: owner marker
- G004 route /onboarding: required story
- G004 route /pending: path
- G004 route /pending: owner marker
- G004 route /pending: required story
- G004 route /platform: path
- G004 route /platform: owner marker
- G004 route /platform: required story
- G004 route /platform/tenants: path
- G004 route /platform/tenants: owner marker
- G004 route /platform/tenants: required story
- G004 route /platform/groups: path
- G004 route /platform/groups: owner marker
- G004 route /platform/groups: required story
- G004 route /platform/ops: path
- G004 route /platform/ops: owner marker
- G004 route /platform/ops: required story
- G004 route /platform/onboard: path
- G004 route /platform/onboard: owner marker
- G004 route /platform/onboard: required story
- G004 route /platform/account: path
- G004 route /platform/account: owner marker
- G004 route /platform/account: required story
- G004 route /settings: path
- G004 route /settings: owner marker
- G004 route /settings: required story
- G004 route /settings/profile: path
- G004 route /settings/profile: owner marker
- G004 route /settings/profile: required story
- G004 route /settings/security: path
- G004 route /settings/security: owner marker
- G004 route /settings/security: required story
- G004 route /settings/users: path
- G004 route /settings/users: owner marker
- G004 route /settings/users: required story
- G004 route /settings/group: path
- G004 route /settings/group: owner marker
- G004 route /settings/group: required story
- G004 route /settings/org: path
- G004 route /settings/org: owner marker
- G004 route /settings/org: required story
- G004 route /settings/employees: path
- G004 route /settings/employees: owner marker
- G004 route /settings/employees: required story
- G004 route /payroll: path
- G004 route /payroll: owner marker
- G004 route /payroll: required story
- G004 route /hr/leave-management: path
- G004 route /hr/leave-management: owner marker
- G004 route /hr/leave-management: required story
- G004 route /hr/insurance: path
- G004 route /hr/insurance: owner marker
- G004 route /hr/insurance: required story
- G004 route /attendance: path
- G004 route /attendance: owner marker
- G004 route /attendance: required story
- G004 route /settings/policy: path
- G004 route /settings/policy: owner marker
- G004 route /settings/policy: required story
- G004 route /config-console: path
- G004 route /config-console: owner marker
- G004 route /config-console: required story
- G004 matrix records a passkey contract
- G004 matrix records a policy contract
- G004 route group auth: covered
- G004 route group platform: covered
- G004 route group settings: covered
- G004 route group identity-admin: covered
- G004 route group group-org: covered
- G004 route group people: covered
- G004 route group policy: covered
- enterprise route audit has G004-owned rows
- route audit /login: represented in G004 matrix
- route audit /onboarding: represented in G004 matrix
- route audit /pending: represented in G004 matrix
- route audit /platform: represented in G004 matrix
- route audit /platform/tenants: represented in G004 matrix
- route audit /platform/groups: represented in G004 matrix
- route audit /platform/ops: represented in G004 matrix
- route audit /platform/onboard: represented in G004 matrix
- route audit /platform/account: represented in G004 matrix
- route audit /settings/group: represented in G004 matrix
- route audit /settings/org: represented in G004 matrix
- route audit /settings/policy: represented in G004 matrix
- route audit /config-console: represented in G004 matrix
- route audit /payroll: represented in G004 matrix
- route audit /hr/leave-management: represented in G004 matrix
- route audit /hr/insurance: represented in G004 matrix
- route audit /settings: represented in G004 matrix
- route audit /settings/profile: represented in G004 matrix
- route audit /attendance: represented in G004 matrix
- route audit /settings/employees: represented in G004 matrix
- route audit /settings/users: represented in G004 matrix
- route audit /settings/security: represented in G004 matrix
- G004 matrix route /login: exists in route audit
- G004 matrix route /login: ownerLane contains G004
- G004 matrix route /login: browser story required
- G004 matrix route /login: sourceObject
- G004 matrix route /login: lifecycleStates
- G004 matrix route /login: denialScopeTest
- G004 matrix route /login: groupScopeStory
- G004 matrix route /login: no weak fallback marker
- G004 matrix route /login: no weak unclassified marker
- G004 matrix route /login: no weak demo marker
- G004 matrix route /login: no weak stub marker
- G004 matrix route /login: no weak placeholder marker
- G004 matrix route /login: no weak coming soon marker
- G004 matrix route /login: screenshot/trace is explicitly non-closed
- G004 matrix route /onboarding: exists in route audit
- G004 matrix route /onboarding: ownerLane contains G004
- G004 matrix route /onboarding: browser story required
- G004 matrix route /onboarding: sourceObject
- G004 matrix route /onboarding: lifecycleStates
- G004 matrix route /onboarding: denialScopeTest
- G004 matrix route /onboarding: groupScopeStory
- G004 matrix route /onboarding: no weak fallback marker
- G004 matrix route /onboarding: no weak unclassified marker
- G004 matrix route /onboarding: no weak demo marker
- G004 matrix route /onboarding: no weak stub marker
- G004 matrix route /onboarding: no weak placeholder marker
- G004 matrix route /onboarding: no weak coming soon marker
- G004 matrix route /onboarding: screenshot/trace is explicitly non-closed
- G004 matrix route /pending: exists in route audit
- G004 matrix route /pending: ownerLane contains G004
- G004 matrix route /pending: browser story required
- G004 matrix route /pending: sourceObject
- G004 matrix route /pending: lifecycleStates
- G004 matrix route /pending: denialScopeTest
- G004 matrix route /pending: groupScopeStory
- G004 matrix route /pending: no weak fallback marker
- G004 matrix route /pending: no weak unclassified marker
- G004 matrix route /pending: no weak demo marker
- G004 matrix route /pending: no weak stub marker
- G004 matrix route /pending: no weak placeholder marker
- G004 matrix route /pending: no weak coming soon marker
- G004 matrix route /pending: screenshot/trace is explicitly non-closed
- G004 matrix route /platform: exists in route audit
- G004 matrix route /platform: ownerLane contains G004
- G004 matrix route /platform: browser story required
- G004 matrix route /platform: sourceObject
- G004 matrix route /platform: lifecycleStates
- G004 matrix route /platform: denialScopeTest
- G004 matrix route /platform: groupScopeStory
- G004 matrix route /platform: no weak fallback marker
- G004 matrix route /platform: no weak unclassified marker
- G004 matrix route /platform: no weak demo marker
- G004 matrix route /platform: no weak stub marker
- G004 matrix route /platform: no weak placeholder marker
- G004 matrix route /platform: no weak coming soon marker
- G004 matrix route /platform: screenshot/trace is explicitly non-closed
- G004 matrix route /platform/tenants: exists in route audit
- G004 matrix route /platform/tenants: ownerLane contains G004
- G004 matrix route /platform/tenants: browser story required
- G004 matrix route /platform/tenants: sourceObject
- G004 matrix route /platform/tenants: lifecycleStates
- G004 matrix route /platform/tenants: denialScopeTest
- G004 matrix route /platform/tenants: groupScopeStory
- G004 matrix route /platform/tenants: no weak fallback marker
- G004 matrix route /platform/tenants: no weak unclassified marker
- G004 matrix route /platform/tenants: no weak demo marker
- G004 matrix route /platform/tenants: no weak stub marker
- G004 matrix route /platform/tenants: no weak placeholder marker
- G004 matrix route /platform/tenants: no weak coming soon marker
- G004 matrix route /platform/tenants: screenshot/trace is explicitly non-closed
- G004 matrix route /platform/groups: exists in route audit
- G004 matrix route /platform/groups: ownerLane contains G004
- G004 matrix route /platform/groups: browser story required
- G004 matrix route /platform/groups: sourceObject
- G004 matrix route /platform/groups: lifecycleStates
- G004 matrix route /platform/groups: denialScopeTest
- G004 matrix route /platform/groups: groupScopeStory
- G004 matrix route /platform/groups: no weak fallback marker
- G004 matrix route /platform/groups: no weak unclassified marker
- G004 matrix route /platform/groups: no weak demo marker
- G004 matrix route /platform/groups: no weak stub marker
- G004 matrix route /platform/groups: no weak placeholder marker
- G004 matrix route /platform/groups: no weak coming soon marker
- G004 matrix route /platform/groups: screenshot/trace is explicitly non-closed
- G004 matrix route /platform/ops: exists in route audit
- G004 matrix route /platform/ops: ownerLane contains G004
- G004 matrix route /platform/ops: browser story required
- G004 matrix route /platform/ops: sourceObject
- G004 matrix route /platform/ops: lifecycleStates
- G004 matrix route /platform/ops: denialScopeTest
- G004 matrix route /platform/ops: groupScopeStory
- G004 matrix route /platform/ops: no weak fallback marker
- G004 matrix route /platform/ops: no weak unclassified marker
- G004 matrix route /platform/ops: no weak demo marker
- G004 matrix route /platform/ops: no weak stub marker
- G004 matrix route /platform/ops: no weak placeholder marker
- G004 matrix route /platform/ops: no weak coming soon marker
- G004 matrix route /platform/ops: screenshot/trace is explicitly non-closed
- G004 matrix route /platform/onboard: exists in route audit
- G004 matrix route /platform/onboard: ownerLane contains G004
- G004 matrix route /platform/onboard: browser story required
- G004 matrix route /platform/onboard: sourceObject
- G004 matrix route /platform/onboard: lifecycleStates
- G004 matrix route /platform/onboard: denialScopeTest
- G004 matrix route /platform/onboard: groupScopeStory
- G004 matrix route /platform/onboard: no weak fallback marker
- G004 matrix route /platform/onboard: no weak unclassified marker
- G004 matrix route /platform/onboard: no weak demo marker
- G004 matrix route /platform/onboard: no weak stub marker
- G004 matrix route /platform/onboard: no weak placeholder marker
- G004 matrix route /platform/onboard: no weak coming soon marker
- G004 matrix route /platform/onboard: screenshot/trace is explicitly non-closed
- G004 matrix route /platform/account: exists in route audit
- G004 matrix route /platform/account: ownerLane contains G004
- G004 matrix route /platform/account: browser story required
- G004 matrix route /platform/account: sourceObject
- G004 matrix route /platform/account: lifecycleStates
- G004 matrix route /platform/account: denialScopeTest
- G004 matrix route /platform/account: groupScopeStory
- G004 matrix route /platform/account: no weak fallback marker
- G004 matrix route /platform/account: no weak unclassified marker
- G004 matrix route /platform/account: no weak demo marker
- G004 matrix route /platform/account: no weak stub marker
- G004 matrix route /platform/account: no weak placeholder marker
- G004 matrix route /platform/account: no weak coming soon marker
- G004 matrix route /platform/account: screenshot/trace is explicitly non-closed
- G004 matrix route /settings: exists in route audit
- G004 matrix route /settings: ownerLane contains G004
- G004 matrix route /settings: browser story required
- G004 matrix route /settings: sourceObject
- G004 matrix route /settings: lifecycleStates
- G004 matrix route /settings: denialScopeTest
- G004 matrix route /settings: groupScopeStory
- G004 matrix route /settings: no weak fallback marker
- G004 matrix route /settings: no weak unclassified marker
- G004 matrix route /settings: no weak demo marker
- G004 matrix route /settings: no weak stub marker
- G004 matrix route /settings: no weak placeholder marker
- G004 matrix route /settings: no weak coming soon marker
- G004 matrix route /settings: screenshot/trace is explicitly non-closed
- G004 matrix route /settings/profile: exists in route audit
- G004 matrix route /settings/profile: ownerLane contains G004
- G004 matrix route /settings/profile: browser story required
- G004 matrix route /settings/profile: sourceObject
- G004 matrix route /settings/profile: lifecycleStates
- G004 matrix route /settings/profile: denialScopeTest
- G004 matrix route /settings/profile: groupScopeStory
- G004 matrix route /settings/profile: no weak fallback marker
- G004 matrix route /settings/profile: no weak unclassified marker
- G004 matrix route /settings/profile: no weak demo marker
- G004 matrix route /settings/profile: no weak stub marker
- G004 matrix route /settings/profile: no weak placeholder marker
- G004 matrix route /settings/profile: no weak coming soon marker
- G004 matrix route /settings/profile: screenshot/trace is explicitly non-closed
- G004 matrix route /settings/security: exists in route audit
- G004 matrix route /settings/security: ownerLane contains G004
- G004 matrix route /settings/security: browser story required
- G004 matrix route /settings/security: sourceObject
- G004 matrix route /settings/security: lifecycleStates
- G004 matrix route /settings/security: denialScopeTest
- G004 matrix route /settings/security: groupScopeStory
- G004 matrix route /settings/security: no weak fallback marker
- G004 matrix route /settings/security: no weak unclassified marker
- G004 matrix route /settings/security: no weak demo marker
- G004 matrix route /settings/security: no weak stub marker
- G004 matrix route /settings/security: no weak placeholder marker
- G004 matrix route /settings/security: no weak coming soon marker
- G004 matrix route /settings/security: screenshot/trace is explicitly non-closed
- G004 matrix route /settings/users: exists in route audit
- G004 matrix route /settings/users: ownerLane contains G004
- G004 matrix route /settings/users: browser story required
- G004 matrix route /settings/users: sourceObject
- G004 matrix route /settings/users: lifecycleStates
- G004 matrix route /settings/users: denialScopeTest
- G004 matrix route /settings/users: groupScopeStory
- G004 matrix route /settings/users: no weak fallback marker
- G004 matrix route /settings/users: no weak unclassified marker
- G004 matrix route /settings/users: no weak demo marker
- G004 matrix route /settings/users: no weak stub marker
- G004 matrix route /settings/users: no weak placeholder marker
- G004 matrix route /settings/users: no weak coming soon marker
- G004 matrix route /settings/users: screenshot/trace is explicitly non-closed
- G004 matrix route /settings/group: exists in route audit
- G004 matrix route /settings/group: ownerLane contains G004
- G004 matrix route /settings/group: browser story required
- G004 matrix route /settings/group: sourceObject
- G004 matrix route /settings/group: lifecycleStates
- G004 matrix route /settings/group: denialScopeTest
- G004 matrix route /settings/group: groupScopeStory
- G004 matrix route /settings/group: no weak fallback marker
- G004 matrix route /settings/group: no weak unclassified marker
- G004 matrix route /settings/group: no weak demo marker
- G004 matrix route /settings/group: no weak stub marker
- G004 matrix route /settings/group: no weak placeholder marker
- G004 matrix route /settings/group: no weak coming soon marker
- G004 matrix route /settings/group: screenshot/trace is explicitly non-closed
- G004 matrix route /settings/org: exists in route audit
- G004 matrix route /settings/org: ownerLane contains G004
- G004 matrix route /settings/org: browser story required
- G004 matrix route /settings/org: sourceObject
- G004 matrix route /settings/org: lifecycleStates
- G004 matrix route /settings/org: denialScopeTest
- G004 matrix route /settings/org: groupScopeStory
- G004 matrix route /settings/org: no weak fallback marker
- G004 matrix route /settings/org: no weak unclassified marker
- G004 matrix route /settings/org: no weak demo marker
- G004 matrix route /settings/org: no weak stub marker
- G004 matrix route /settings/org: no weak placeholder marker
- G004 matrix route /settings/org: no weak coming soon marker
- G004 matrix route /settings/org: screenshot/trace is explicitly non-closed
- G004 matrix route /settings/employees: exists in route audit
- G004 matrix route /settings/employees: ownerLane contains G004
- G004 matrix route /settings/employees: browser story required
- G004 matrix route /settings/employees: sourceObject
- G004 matrix route /settings/employees: lifecycleStates
- G004 matrix route /settings/employees: denialScopeTest
- G004 matrix route /settings/employees: groupScopeStory
- G004 matrix route /settings/employees: no weak fallback marker
- G004 matrix route /settings/employees: no weak unclassified marker
- G004 matrix route /settings/employees: no weak demo marker
- G004 matrix route /settings/employees: no weak stub marker
- G004 matrix route /settings/employees: no weak placeholder marker
- G004 matrix route /settings/employees: no weak coming soon marker
- G004 matrix route /settings/employees: screenshot/trace is explicitly non-closed
- G004 matrix route /payroll: exists in route audit
- G004 matrix route /payroll: ownerLane contains G004
- G004 matrix route /payroll: browser story required
- G004 matrix route /payroll: sourceObject
- G004 matrix route /payroll: lifecycleStates
- G004 matrix route /payroll: denialScopeTest
- G004 matrix route /payroll: groupScopeStory
- G004 matrix route /payroll: no weak fallback marker
- G004 matrix route /payroll: no weak unclassified marker
- G004 matrix route /payroll: no weak demo marker
- G004 matrix route /payroll: no weak stub marker
- G004 matrix route /payroll: no weak placeholder marker
- G004 matrix route /payroll: no weak coming soon marker
- G004 matrix route /payroll: screenshot/trace is explicitly non-closed
- G004 matrix route /hr/leave-management: exists in route audit
- G004 matrix route /hr/leave-management: ownerLane contains G004
- G004 matrix route /hr/leave-management: browser story required
- G004 matrix route /hr/leave-management: sourceObject
- G004 matrix route /hr/leave-management: lifecycleStates
- G004 matrix route /hr/leave-management: denialScopeTest
- G004 matrix route /hr/leave-management: groupScopeStory
- G004 matrix route /hr/leave-management: no weak fallback marker
- G004 matrix route /hr/leave-management: no weak unclassified marker
- G004 matrix route /hr/leave-management: no weak demo marker
- G004 matrix route /hr/leave-management: no weak stub marker
- G004 matrix route /hr/leave-management: no weak placeholder marker
- G004 matrix route /hr/leave-management: no weak coming soon marker
- G004 matrix route /hr/leave-management: screenshot/trace is explicitly non-closed
- G004 matrix route /hr/insurance: exists in route audit
- G004 matrix route /hr/insurance: ownerLane contains G004
- G004 matrix route /hr/insurance: browser story required
- G004 matrix route /hr/insurance: sourceObject
- G004 matrix route /hr/insurance: lifecycleStates
- G004 matrix route /hr/insurance: denialScopeTest
- G004 matrix route /hr/insurance: groupScopeStory
- G004 matrix route /hr/insurance: no weak fallback marker
- G004 matrix route /hr/insurance: no weak unclassified marker
- G004 matrix route /hr/insurance: no weak demo marker
- G004 matrix route /hr/insurance: no weak stub marker
- G004 matrix route /hr/insurance: no weak placeholder marker
- G004 matrix route /hr/insurance: no weak coming soon marker
- G004 matrix route /hr/insurance: screenshot/trace is explicitly non-closed
- G004 matrix route /attendance: exists in route audit
- G004 matrix route /attendance: ownerLane contains G004
- G004 matrix route /attendance: browser story required
- G004 matrix route /attendance: sourceObject
- G004 matrix route /attendance: lifecycleStates
- G004 matrix route /attendance: denialScopeTest
- G004 matrix route /attendance: groupScopeStory
- G004 matrix route /attendance: no weak fallback marker
- G004 matrix route /attendance: no weak unclassified marker
- G004 matrix route /attendance: no weak demo marker
- G004 matrix route /attendance: no weak stub marker
- G004 matrix route /attendance: no weak placeholder marker
- G004 matrix route /attendance: no weak coming soon marker
- G004 matrix route /attendance: screenshot/trace is explicitly non-closed
- G004 matrix route /settings/policy: exists in route audit
- G004 matrix route /settings/policy: ownerLane contains G004
- G004 matrix route /settings/policy: browser story required
- G004 matrix route /settings/policy: sourceObject
- G004 matrix route /settings/policy: lifecycleStates
- G004 matrix route /settings/policy: denialScopeTest
- G004 matrix route /settings/policy: groupScopeStory
- G004 matrix route /settings/policy: no weak fallback marker
- G004 matrix route /settings/policy: no weak unclassified marker
- G004 matrix route /settings/policy: no weak demo marker
- G004 matrix route /settings/policy: no weak stub marker
- G004 matrix route /settings/policy: no weak placeholder marker
- G004 matrix route /settings/policy: no weak coming soon marker
- G004 matrix route /settings/policy: screenshot/trace is explicitly non-closed
- G004 matrix route /config-console: exists in route audit
- G004 matrix route /config-console: ownerLane contains G004
- G004 matrix route /config-console: browser story required
- G004 matrix route /config-console: sourceObject
- G004 matrix route /config-console: lifecycleStates
- G004 matrix route /config-console: denialScopeTest
- G004 matrix route /config-console: groupScopeStory
- G004 matrix route /config-console: no weak fallback marker
- G004 matrix route /config-console: no weak unclassified marker
- G004 matrix route /config-console: no weak demo marker
- G004 matrix route /config-console: no weak stub marker
- G004 matrix route /config-console: no weak placeholder marker
- G004 matrix route /config-console: no weak coming soon marker
- G004 matrix route /config-console: screenshot/trace is explicitly non-closed
- backend contract backend/crates/platform/db/migrations/0060_create_groups_and_membership.sql: present
- backend contract backend/crates/platform/db/migrations/0060_create_groups_and_membership.sql: rationale
- backend contract backend/crates/platform/db/migrations/0060_create_groups_and_membership.sql required snippets
- backend contract backend/crates/platform/db/migrations/0060_create_groups_and_membership.sql: A Group is NOT a tenant
- backend contract backend/crates/platform/db/migrations/0060_create_groups_and_membership.sql: group_member_org_ids
- backend contract backend/crates/platform/db/migrations/0060_create_groups_and_membership.sql: group_role_grants_for_user
- backend contract backend/crates/platform/db/migrations/0060_create_groups_and_membership.sql: REVOKE ALL ON groups, group_memberships, group_role_grants
- backend contract backend/crates/platform/db/migrations/0060_create_groups_and_membership.sql: SET LOCAL row_security = on
- backend contract backend/crates/platform/db/migrations/0064_platform_group_accounts.sql: present
- backend contract backend/crates/platform/db/migrations/0064_platform_group_accounts.sql: rationale
- backend contract backend/crates/platform/db/migrations/0064_platform_group_accounts.sql required snippets
- backend contract backend/crates/platform/db/migrations/0064_platform_group_accounts.sql: platform_update_group
- backend contract backend/crates/platform/db/migrations/0064_platform_group_accounts.sql: platform_list_group_accounts
- backend contract backend/crates/platform/db/migrations/0064_platform_group_accounts.sql: platform_create_group_account
- backend contract backend/crates/platform/db/migrations/0064_platform_group_accounts.sql: platform_revoke_group_role
- backend contract backend/crates/platform/db/migrations/0064_platform_group_accounts.sql: PENDING_SETUP
- backend contract backend/crates/platform/db/migrations/0065_create_policy_roles.sql: present
- backend contract backend/crates/platform/db/migrations/0065_create_policy_roles.sql: rationale
- backend contract backend/crates/platform/db/migrations/0065_create_policy_roles.sql required snippets
- backend contract backend/crates/platform/db/migrations/0065_create_policy_roles.sql: policy_roles
- backend contract backend/crates/platform/db/migrations/0065_create_policy_roles.sql: policy_role_permissions
- backend contract backend/crates/platform/db/migrations/0065_create_policy_roles.sql: policy_role_conditions
- backend contract backend/crates/platform/db/migrations/0065_create_policy_roles.sql: user_role_assignments
- backend contract backend/crates/platform/db/migrations/0065_create_policy_roles.sql: policy_assignment_preview_receipts
- backend contract backend/crates/platform/db/migrations/0065_create_policy_roles.sql: 'group'
- backend contract backend/crates/platform/db/migrations/0065_create_policy_roles.sql: 'tenant'
- backend contract backend/crates/platform/db/migrations/0065_create_policy_roles.sql: 'organization'
- backend contract backend/crates/platform/db/migrations/0065_create_policy_roles.sql: 'department'
- backend contract backend/crates/platform/db/migrations/0065_create_policy_roles.sql: 'team'
- backend contract backend/crates/platform/db/migrations/0065_create_policy_roles.sql: 'position'
- backend contract backend/crates/platform/db/migrations/0065_create_policy_roles.sql: 'employment_status'
- backend contract backend/crates/platform/db/migrations/0065_create_policy_roles.sql: 'action'
- backend contract backend/crates/platform/db/migrations/0065_create_policy_roles.sql: 'resource'
- backend contract backend/crates/platform/db/migrations/0065_create_policy_roles.sql: 'sensitive_action'
- backend contract backend/crates/platform/db/migrations/0065_create_policy_roles.sql: CREATE POLICY org_isolation
- backend contract backend/crates/platform/db/migrations/0067_auth_device_login_handoff.sql: present
- backend contract backend/crates/platform/db/migrations/0067_auth_device_login_handoff.sql: rationale
- backend contract backend/crates/platform/db/migrations/0067_auth_device_login_handoff.sql required snippets
- backend contract backend/crates/platform/db/migrations/0067_auth_device_login_handoff.sql: Cross-device passkey login handoff
- backend contract backend/crates/platform/db/migrations/0067_auth_device_login_handoff.sql: poll_token_hash
- backend contract backend/crates/platform/db/migrations/0067_auth_device_login_handoff.sql: approve_token_hash
- backend contract backend/crates/platform/db/migrations/0067_auth_device_login_handoff.sql: phone must prove possession of an existing passkey
- backend contract backend/crates/platform/db/migrations/0067_auth_device_login_handoff.sql: GRANT SELECT, INSERT, UPDATE ON auth_device_login_handoffs TO console_rt
- backend contract backend/crates/platform/db/migrations/0071_create_employee_lifecycle_events.sql: present
- backend contract backend/crates/platform/db/migrations/0071_create_employee_lifecycle_events.sql: rationale
- backend contract backend/crates/platform/db/migrations/0071_create_employee_lifecycle_events.sql required snippets
- backend contract backend/crates/platform/db/migrations/0071_create_employee_lifecycle_events.sql: ONBOARD
- backend contract backend/crates/platform/db/migrations/0071_create_employee_lifecycle_events.sql: OFFBOARD
- backend contract backend/crates/platform/db/migrations/0071_create_employee_lifecycle_events.sql: TERMINATE
- backend contract backend/crates/platform/db/migrations/0071_create_employee_lifecycle_events.sql: TRANSFER
- backend contract backend/crates/platform/db/migrations/0071_create_employee_lifecycle_events.sql: signoffs
- backend contract backend/crates/platform/db/migrations/0071_create_employee_lifecycle_events.sql: employee_lifecycle_events is append-only
- backend contract backend/crates/platform/db/migrations/0071_create_employee_lifecycle_events.sql: CREATE POLICY org_isolation
- backend contract backend/crates/platform/db/migrations/0030_enable_rls.sql: present
- backend contract backend/crates/platform/db/migrations/0030_enable_rls.sql: rationale
- backend contract backend/crates/platform/db/migrations/0030_enable_rls.sql required snippets
- backend contract backend/crates/platform/db/migrations/0030_enable_rls.sql: ENABLE ROW LEVEL SECURITY
- backend contract backend/crates/platform/db/migrations/0030_enable_rls.sql: CREATE POLICY org_isolation
- backend contract backend/crates/platform/db/migrations/0030_enable_rls.sql: app.current_org
- backend contract backend/crates/platform/db/migrations/0031_runtime_role_and_immutable_org.sql: present
- backend contract backend/crates/platform/db/migrations/0031_runtime_role_and_immutable_org.sql: rationale
- backend contract backend/crates/platform/db/migrations/0031_runtime_role_and_immutable_org.sql required snippets
- backend contract backend/crates/platform/db/migrations/0031_runtime_role_and_immutable_org.sql: console_rt
- backend contract backend/crates/platform/db/migrations/0031_runtime_role_and_immutable_org.sql: enforce_org_id_immutable
- backend contract backend/crates/platform/db/migrations/0031_runtime_role_and_immutable_org.sql: GRANT SELECT, INSERT, UPDATE, DELETE
- backend contract backend/crates/platform/db/migrations/0035_enable_rls_rollout.sql: present
- backend contract backend/crates/platform/db/migrations/0035_enable_rls_rollout.sql: rationale
- backend contract backend/crates/platform/db/migrations/0035_enable_rls_rollout.sql required snippets
- backend contract backend/crates/platform/db/migrations/0035_enable_rls_rollout.sql: ENABLE + FORCE RLS
- backend contract backend/crates/platform/db/migrations/0035_enable_rls_rollout.sql: CREATE POLICY org_isolation ON audit_events
- backend contract backend/crates/platform/db/migrations/0035_enable_rls_rollout.sql: ALTER TABLE
- G004 backend test backend/app/tests/auth_rest.rs: present
- G004 backend test backend/app/tests/platform_onboarding_e2e.rs: present
- G004 backend test backend/app/tests/tenant_context_e2e.rs: present
- G004 backend test backend/app/tests/audit_api.rs: present
- G004 backend test backend/crates/platform/authz/tests/policy.rs: present
- G004 backend test backend/crates/identity/rest/tests/org_setup.rs: present
- G004 backend test backend/crates/platform/platform-rest/tests/platform_groups.rs: present
- G004 backend test backend/crates/platform/provisioning/tests/bootstrap_passkey.rs: present
- G004 backend test backend/crates/platform/provisioning/tests/self_enroll_handoff_as_runtime_role.rs: present
- people HR gate has no stale G027 owner id

── [fast] G005 workflow approval Work Hub lifecycle gate  (cwd: .)
npm notice run check:g005-workflow-lifecycle
npm notice run node scripts/check-g005-workflow-lifecycle.mjs
G005 workflow lifecycle gate passed (277 checks).
- package script check:g005-workflow-lifecycle
- CI runs G005 workflow lifecycle gate
- G005 workflow lifecycle matrix: present
- enterprise UI route audit register: present
- G005 matrix schema version 1
- G005 matrix goal id
- G005 matrix records live-evidence non-claim policy
- G005 matrix routePaths
- G005 matrix dependency routePaths
- requiredBackendTests
- G005 backend contract inventory
- G005 safety assertions
- G005 route /overview: path
- G005 route /overview: owner marker
- G005 route /overview: required story
- G005 route /approvals: path
- G005 route /approvals: owner marker
- G005 route /approvals: required story
- G005 route /settings/workflows: path
- G005 route /settings/workflows: owner marker
- G005 route /settings/workflows: required story
- G005 route /work-orders/:id: path
- G005 route /work-orders/:id: owner marker
- G005 route /work-orders/:id: required story
- G005 route /intake: path
- G005 route /intake: owner marker
- G005 route /intake: required story
- G005 route /daily-plan: path
- G005 route /daily-plan: owner marker
- G005 route /daily-plan: required story
- G005 route /automate: path
- G005 route /automate: owner marker
- G005 route /automate: required story
- G005 route group overview: covered
- G005 route group approvals: covered
- G005 route group workflow-builder: covered
- G005 route group work-order-detail: covered
- G005 route group intake: covered
- G005 route group planned-work: covered
- enterprise route audit has G005-owned rows
- route audit /overview: represented in G005 matrix
- route audit /approvals: represented in G005 matrix
- route audit /settings/workflows: represented in G005 matrix
- route audit /work-orders/:id: represented in G005 matrix
- route audit /intake: represented in G005 matrix
- route audit /daily-plan: represented in G005 matrix
- route audit /automate: represented in G005 matrix
- G005 matrix route /overview: exists in route audit
- G005 matrix route /overview: ownerLane contains G005
- G005 matrix route /overview: browser story required
- G005 matrix route /overview: comment/evidence story
- G005 matrix route /overview: sourceObject
- G005 matrix route /overview: lifecycleStates
- G005 matrix route /overview: denialScopeTest
- G005 matrix route /overview: groupScopeStory
- G005 matrix route /overview: no weak fallback marker
- G005 matrix route /overview: no weak unclassified marker
- G005 matrix route /overview: no weak demo marker
- G005 matrix route /overview: no weak placeholder marker
- G005 matrix route /overview: no weak coming soon marker
- G005 matrix route /overview: no weak black background marker
- G005 matrix route /overview: no weak text wall marker
- G005 matrix route /overview: screenshot/trace is explicitly non-closed
- G005 matrix route /approvals: exists in route audit
- G005 matrix route /approvals: ownerLane contains G005
- G005 matrix route /approvals: browser story required
- G005 matrix route /approvals: comment/evidence story
- G005 matrix route /approvals: sourceObject
- G005 matrix route /approvals: lifecycleStates
- G005 matrix route /approvals: denialScopeTest
- G005 matrix route /approvals: groupScopeStory
- G005 matrix route /approvals: no weak fallback marker
- G005 matrix route /approvals: no weak unclassified marker
- G005 matrix route /approvals: no weak demo marker
- G005 matrix route /approvals: no weak placeholder marker
- G005 matrix route /approvals: no weak coming soon marker
- G005 matrix route /approvals: no weak black background marker
- G005 matrix route /approvals: no weak text wall marker
- G005 matrix route /approvals: screenshot/trace is explicitly non-closed
- G005 matrix route /settings/workflows: exists in route audit
- G005 matrix route /settings/workflows: ownerLane contains G005
- G005 matrix route /settings/workflows: browser story required
- G005 matrix route /settings/workflows: comment/evidence story
- G005 matrix route /settings/workflows: sourceObject
- G005 matrix route /settings/workflows: lifecycleStates
- G005 matrix route /settings/workflows: denialScopeTest
- G005 matrix route /settings/workflows: groupScopeStory
- G005 matrix route /settings/workflows: no weak fallback marker
- G005 matrix route /settings/workflows: no weak unclassified marker
- G005 matrix route /settings/workflows: no weak demo marker
- G005 matrix route /settings/workflows: no weak placeholder marker
- G005 matrix route /settings/workflows: no weak coming soon marker
- G005 matrix route /settings/workflows: no weak black background marker
- G005 matrix route /settings/workflows: no weak text wall marker
- G005 matrix route /settings/workflows: screenshot/trace is explicitly non-closed
- G005 matrix route /work-orders/:id: exists in route audit
- G005 matrix route /work-orders/:id: ownerLane contains G005
- G005 matrix route /work-orders/:id: browser story required
- G005 matrix route /work-orders/:id: comment/evidence story
- G005 matrix route /work-orders/:id: sourceObject
- G005 matrix route /work-orders/:id: lifecycleStates
- G005 matrix route /work-orders/:id: denialScopeTest
- G005 matrix route /work-orders/:id: groupScopeStory
- G005 matrix route /work-orders/:id: no weak fallback marker
- G005 matrix route /work-orders/:id: no weak unclassified marker
- G005 matrix route /work-orders/:id: no weak demo marker
- G005 matrix route /work-orders/:id: no weak placeholder marker
- G005 matrix route /work-orders/:id: no weak coming soon marker
- G005 matrix route /work-orders/:id: no weak black background marker
- G005 matrix route /work-orders/:id: no weak text wall marker
- G005 matrix route /work-orders/:id: screenshot/trace is explicitly non-closed
- G005 matrix route /intake: exists in route audit
- G005 matrix route /intake: ownerLane contains G005
- G005 matrix route /intake: browser story required
- G005 matrix route /intake: comment/evidence story
- G005 matrix route /intake: sourceObject
- G005 matrix route /intake: lifecycleStates
- G005 matrix route /intake: denialScopeTest
- G005 matrix route /intake: groupScopeStory
- G005 matrix route /intake: no weak fallback marker
- G005 matrix route /intake: no weak unclassified marker
- G005 matrix route /intake: no weak demo marker
- G005 matrix route /intake: no weak placeholder marker
- G005 matrix route /intake: no weak coming soon marker
- G005 matrix route /intake: no weak black background marker
- G005 matrix route /intake: no weak text wall marker
- G005 matrix route /intake: screenshot/trace is explicitly non-closed
- G005 matrix route /daily-plan: exists in route audit
- G005 matrix route /daily-plan: ownerLane contains G005
- G005 matrix route /daily-plan: browser story required
- G005 matrix route /daily-plan: comment/evidence story
- G005 matrix route /daily-plan: sourceObject
- G005 matrix route /daily-plan: lifecycleStates
- G005 matrix route /daily-plan: denialScopeTest
- G005 matrix route /daily-plan: groupScopeStory
- G005 matrix route /daily-plan: no weak fallback marker
- G005 matrix route /daily-plan: no weak unclassified marker
- G005 matrix route /daily-plan: no weak demo marker
- G005 matrix route /daily-plan: no weak placeholder marker
- G005 matrix route /daily-plan: no weak coming soon marker
- G005 matrix route /daily-plan: no weak black background marker
- G005 matrix route /daily-plan: no weak text wall marker
- G005 matrix route /daily-plan: screenshot/trace is explicitly non-closed
- G005 matrix route /automate: exists in route audit
- G005 matrix route /automate: ownerLane contains G005
- G005 matrix route /automate: browser story required
- G005 matrix route /automate: comment/evidence story
- G005 matrix route /automate: sourceObject
- G005 matrix route /automate: lifecycleStates
- G005 matrix route /automate: denialScopeTest
- G005 matrix route /automate: groupScopeStory
- G005 matrix route /automate: no weak fallback marker
- G005 matrix route /automate: no weak unclassified marker
- G005 matrix route /automate: no weak demo marker
- G005 matrix route /automate: no weak placeholder marker
- G005 matrix route /automate: no weak coming soon marker
- G005 matrix route /automate: no weak black background marker
- G005 matrix route /automate: no weak text wall marker
- G005 matrix route /automate: screenshot/trace is explicitly non-closed
- G005 dependency route /dispatch: exists in route audit
- G005 dependency route /dispatch: G005 workflow dependencies
- G005 dependency route /dispatch: required story
- G005 dependency route /support: exists in route audit
- G005 dependency route /support: G005 workflow/object lifecycle
- G005 dependency route /support: required story
- G005 dependency route /financial: exists in route audit
- G005 dependency route /financial: approval/payment line
- G005 dependency route /financial: required story
- backend contract backend/app/src/workflow_studio.rs: present
- backend contract backend/app/src/workflow_studio.rs: rationale
- backend contract backend/app/src/workflow_studio.rs required snippets
- backend contract backend/app/src/workflow_studio.rs: WORKFLOW_STUDIO_DEFINITION_SIMULATE_PATH_TEMPLATE
- backend contract backend/app/src/workflow_studio.rs: WORKFLOW_STUDIO_DEFINITION_PUBLISH_PATH_TEMPLATE
- backend contract backend/app/src/workflow_studio.rs: internal.approvals
- backend contract backend/app/src/workflow_studio.rs: internal.notifications
- backend contract backend/app/src/workflow_studio.rs: internal.mail
- backend contract backend/app/src/workflow_studio.rs: internal.audit
- backend contract backend/app/src/workflow_studio.rs: purchase_payment_approval
- backend contract backend/app/src/workflow_studio.rs: required_payment_line: true
- backend contract backend/app/src/workflow_studio.rs: validate_publishable
- backend contract backend/app/src/workflow_studio.rs: missing_approval_line
- backend contract backend/app/src/workflow_studio.rs: missing_payment_line
- backend contract backend/app/src/workflow_studio.rs: verify_workflow_step_up
- backend contract backend/app/src/workflow_studio.rs: passkey_step_up_required
- backend contract backend/app/src/workflow_studio.rs: with_audit
- backend contract backend/app/src/workflow_studio.rs: record_workflow_studio_request
- backend contract backend/crates/platform/db/migrations/0069_create_workflow_studio.sql: present
- backend contract backend/crates/platform/db/migrations/0069_create_workflow_studio.sql: rationale
- backend contract backend/crates/platform/db/migrations/0069_create_workflow_studio.sql required snippets
- backend contract backend/crates/platform/db/migrations/0069_create_workflow_studio.sql: workflow_definitions
- backend contract backend/crates/platform/db/migrations/0069_create_workflow_studio.sql: workflow_definition_versions
- backend contract backend/crates/platform/db/migrations/0069_create_workflow_studio.sql: workflow_definition_events
- backend contract backend/crates/platform/db/migrations/0069_create_workflow_studio.sql: approval_line
- backend contract backend/crates/platform/db/migrations/0069_create_workflow_studio.sql: payment_line
- backend contract backend/crates/platform/db/migrations/0069_create_workflow_studio.sql: notification_rules
- backend contract backend/crates/platform/db/migrations/0069_create_workflow_studio.sql: required_approval_line
- backend contract backend/crates/platform/db/migrations/0069_create_workflow_studio.sql: required_payment_line
- backend contract backend/crates/platform/db/migrations/0069_create_workflow_studio.sql: workflow_studio_append_only_immutable
- backend contract backend/crates/platform/db/migrations/0069_create_workflow_studio.sql: CREATE POLICY org_isolation
- backend contract backend/crates/platform/db/migrations/0069_create_workflow_studio.sql: GRANT SELECT, INSERT, UPDATE, DELETE ON workflow_definitions
- backend contract backend/crates/platform/db/migrations/0068_work_order_approval_decision_comments.sql: present
- backend contract backend/crates/platform/db/migrations/0068_work_order_approval_decision_comments.sql: rationale
- backend contract backend/crates/platform/db/migrations/0068_work_order_approval_decision_comments.sql required snippets
- backend contract backend/crates/platform/db/migrations/0068_work_order_approval_decision_comments.sql: signing-equivalent business events
- backend contract backend/crates/platform/db/migrations/0068_work_order_approval_decision_comments.sql: decision_comment
- backend contract backend/crates/platform/db/migrations/0068_work_order_approval_decision_comments.sql: work_order_approval_steps
- backend contract backend/crates/workorder/rest/src/lib.rs: present
- backend contract backend/crates/workorder/rest/src/lib.rs: rationale
- backend contract backend/crates/workorder/rest/src/lib.rs required snippets
- backend contract backend/crates/workorder/rest/src/lib.rs: /api/approval-items
- backend contract backend/crates/workorder/rest/src/lib.rs: list_approval_items
- backend contract backend/crates/workorder/rest/src/lib.rs: REPORT_SUBMITTED
- backend contract backend/crates/workorder/rest/src/lib.rs: ADMIN_REVIEW
- backend contract backend/crates/workorder/rest/src/lib.rs: NOT IN ('FINAL_COMPLETED', 'REJECTED', 'ARCHIVED', 'CANCELLED')
- backend contract backend/crates/workorder/rest/src/lib.rs: /approvals?source=work-order&focus=
- backend contract backend/crates/workorder/rest/src/lib.rs: /daily-plan?planId=
- backend contract backend/crates/workorder/rest/src/lib.rs: #target-change-
- backend contract backend/crates/workorder/adapter-postgres/src/lib.rs: present
- backend contract backend/crates/workorder/adapter-postgres/src/lib.rs: rationale
- backend contract backend/crates/workorder/adapter-postgres/src/lib.rs required snippets
- backend contract backend/crates/workorder/adapter-postgres/src/lib.rs: approval comment is required
- backend contract backend/crates/workorder/adapter-postgres/src/lib.rs: reject memo is required
- backend contract backend/crates/workorder/adapter-postgres/src/lib.rs: decision_comment
- backend contract backend/crates/workorder/adapter-postgres/src/lib.rs: work_order.approve
- backend contract backend/crates/workorder/adapter-postgres/src/lib.rs: work_order.reject
- backend contract backend/crates/workorder/adapter-postgres/src/lib.rs: list_daily_plans
- backend contract backend/crates/workorder/adapter-postgres/src/lib.rs: DRAFT/REQUESTED
- backend contract backend/crates/workorder/adapter-postgres/src/lib.rs: daily_plan.review
- backend contract backend/crates/workorder/adapter-postgres/src/lib.rs: daily_plan.confirm
- backend contract backend/crates/workorder/adapter-postgres/src/lib.rs: create_outsource_work
- backend contract backend/crates/workorder/domain/src/lib.rs: present
- backend contract backend/crates/workorder/domain/src/lib.rs: rationale
- backend contract backend/crates/workorder/domain/src/lib.rs required snippets
- backend contract backend/crates/workorder/domain/src/lib.rs: approval_line_complete
- backend contract backend/crates/workorder/domain/src/lib.rs: completion_evidence_verified
- backend contract backend/crates/workorder/domain/src/lib.rs: ApprovalLine
- backend contract backend/crates/workorder/domain/src/lib.rs: approve_next
- backend contract backend/crates/workorder/domain/src/lib.rs: FinalCompletionInterlock
- backend contract backend/crates/platform/db/migrations/0008_create_work_orders.sql: present
- backend contract backend/crates/platform/db/migrations/0008_create_work_orders.sql: rationale
- backend contract backend/crates/platform/db/migrations/0008_create_work_orders.sql required snippets
- backend contract backend/crates/platform/db/migrations/0008_create_work_orders.sql: work_order_approval_steps
- backend contract backend/crates/platform/db/migrations/0008_create_work_orders.sql: work_order_status_history
- backend contract backend/crates/platform/db/migrations/0008_create_work_orders.sql: DRAFT
- backend contract backend/crates/platform/db/migrations/0008_create_work_orders.sql: REQUESTED
- backend contract backend/crates/platform/db/migrations/0008_create_work_orders.sql: APPROVED
- backend contract backend/crates/platform/db/migrations/0008_create_work_orders.sql: REJECTED
- backend contract backend/crates/platform/db/migrations/0008_create_work_orders.sql: FINAL_CONFIRMED
- backend contract backend/crates/platform/db/migrations/0009_create_evidence_media.sql: present
- backend contract backend/crates/platform/db/migrations/0009_create_evidence_media.sql: rationale
- backend contract backend/crates/platform/db/migrations/0009_create_evidence_media.sql required snippets
- backend contract backend/crates/platform/db/migrations/0009_create_evidence_media.sql: evidence_media
- backend contract backend/crates/platform/db/migrations/0009_create_evidence_media.sql: worm_replica_status
- backend contract backend/crates/platform/db/migrations/0009_create_evidence_media.sql: unverified_evidence_admin_queue
- backend contract backend/crates/platform/db/migrations/0052_add_evidence_media_processing.sql: present
- backend contract backend/crates/platform/db/migrations/0052_add_evidence_media_processing.sql: rationale
- backend contract backend/crates/platform/db/migrations/0052_add_evidence_media_processing.sql required snippets
- backend contract backend/crates/platform/db/migrations/0052_add_evidence_media_processing.sql: processing_status
- backend contract backend/crates/platform/db/migrations/0052_add_evidence_media_processing.sql: PROCESSING
- backend contract backend/crates/platform/db/migrations/0052_add_evidence_media_processing.sql: READY
- backend contract backend/crates/platform/db/migrations/0052_add_evidence_media_processing.sql: FAILED
- backend contract backend/crates/platform/db/migrations/0019_harden_worm_and_alert_leases.sql: present
- backend contract backend/crates/platform/db/migrations/0019_harden_worm_and_alert_leases.sql: rationale
- backend contract backend/crates/platform/db/migrations/0019_harden_worm_and_alert_leases.sql required snippets
- backend contract backend/crates/platform/db/migrations/0019_harden_worm_and_alert_leases.sql: evidence_media_reject_terminal_completion
- backend contract backend/crates/platform/db/migrations/0019_harden_worm_and_alert_leases.sql: FINAL_COMPLETED
- backend contract backend/crates/platform/db/migrations/0019_harden_worm_and_alert_leases.sql: ARCHIVED
- backend contract backend/crates/platform/db/migrations/0019_harden_worm_and_alert_leases.sql: CANCELLED
- backend contract backend/crates/platform/db/migrations/0019_harden_worm_and_alert_leases.sql: PENDING
- backend contract backend/crates/platform/db/migrations/0019_harden_worm_and_alert_leases.sql: SENT
- backend contract backend/crates/platform/db/migrations/0019_harden_worm_and_alert_leases.sql: FAILED
- G005 backend test backend/app/tests/workorder_api.rs: present
- G005 backend test backend/crates/workorder/domain/tests/approval_and_assignment.rs: present
- G005 backend test backend/crates/workorder/rest/tests/mobile_evidence.rs: present
- G005 backend test backend/crates/platform/storage/tests/evidence_processing_rls_surfaces_as_runtime_role.rs: present
- G005 executable workflow/approval lifecycle
- G005 server-owned scoped approval feed

── [fast] Workflow runtime spine gate  (cwd: .)
npm notice run check:workflow-runtime-spine
npm notice run node scripts/check-workflow-runtime-spine.mjs
Workflow runtime spine gate passed (111 checks).
- ADR records workflow runtime tables
- ADR records workflow outbox
- package script check:workflow-runtime-spine
- CI runs workflow runtime spine gate
- workflow_runs: created
- workflow_runs: audited marker
- workflow_runs: RLS enabled
- workflow_runs: RLS forced
- workflow_runs: org isolation policy
- workflow_runs: table-qualified grants present
- workflow_runs: org immutable trigger
- workflow_runs: no-delete trigger
- workflow_node_runs: created
- workflow_node_runs: audited marker
- workflow_node_runs: RLS enabled
- workflow_node_runs: RLS forced
- workflow_node_runs: org isolation policy
- workflow_node_runs: table-qualified grants present
- workflow_node_runs: org immutable trigger
- workflow_node_runs: no-delete trigger
- workflow_waiting_tasks: created
- workflow_waiting_tasks: audited marker
- workflow_waiting_tasks: RLS enabled
- workflow_waiting_tasks: RLS forced
- workflow_waiting_tasks: org isolation policy
- workflow_waiting_tasks: table-qualified grants present
- workflow_waiting_tasks: org immutable trigger
- workflow_waiting_tasks: no-delete trigger
- workflow_outbox_events: created
- workflow_outbox_events: audited marker
- workflow_outbox_events: RLS enabled
- workflow_outbox_events: RLS forced
- workflow_outbox_events: org isolation policy
- workflow_outbox_events: table-qualified grants present
- workflow_outbox_events: org immutable trigger
- workflow_outbox_events: no-delete trigger
- workflow_execution_locks: created
- workflow_execution_locks: audited marker
- workflow_execution_locks: RLS enabled
- workflow_execution_locks: RLS forced
- workflow_execution_locks: org isolation policy
- workflow_execution_locks: table-qualified grants present
- workflow_execution_locks: org immutable trigger
- workflow_execution_locks: no-delete trigger
- workflow_runs: same-org compound key available
- workflow_runs: scoped to organization
- workflow_node_runs: same-org compound key available
- workflow_node_runs: scoped to organization
- workflow_waiting_tasks: same-org compound key available
- workflow_waiting_tasks: scoped to organization
- workflow_outbox_events: same-org compound key available
- workflow_outbox_events: scoped to organization
- workflow_node_runs: run same-org FK
- workflow_waiting_tasks: run same-org FK
- workflow_outbox_events: run same-org FK
- workflow_runs field definition_id
- workflow_runs field definition_version
- workflow_runs field idempotency_key
- workflow_runs field correlation_id
- workflow_runs field trace_id
- workflow_runs field object_type
- workflow_runs field object_id
- workflow_runs field initiated_by
- workflow_runs field started_at
- workflow_runs field completed_at
- workflow_runs field failed_at
- workflow_node_runs field node_key
- workflow_node_runs field node_type
- workflow_node_runs field attempt
- workflow_node_runs field input_payload
- workflow_node_runs field output_payload
- workflow_node_runs field error_payload
- workflow_waiting_tasks field waiting_key
- workflow_waiting_tasks field assignee_user_id
- workflow_waiting_tasks field assignee_role_key
- workflow_waiting_tasks field required_policy
- workflow_waiting_tasks field decision_payload
- workflow_waiting_tasks field completed_by
- workflow_waiting_tasks field completed_at
- workflow_waiting_tasks field passkey_assertion_id
- workflow_outbox_events field channel
- workflow_outbox_events field destination_ref
- workflow_outbox_events field payload
- workflow_outbox_events field attempt_count
- workflow_outbox_events field next_attempt_at
- workflow_outbox_events field delivered_at
- workflow_outbox_events field dead_lettered_at
- workflow_execution_locks field lock_key
- workflow_execution_locks field acquired_by
- workflow_execution_locks field expires_at
- durability guard workflow_runtime_no_delete
- durability guard workflow_runtime_org_immutable
- durability guard trg_workflow_runs_no_delete
- durability guard trg_workflow_node_runs_no_delete
- durability guard trg_workflow_waiting_tasks_no_delete
- durability guard trg_workflow_outbox_events_no_delete
- workflow runs bind to definition same-org FK
- workflow run initiator same-org FK
- waiting task assignee same-org FK
- waiting task claimer same-org FK
- waiting task completer same-org FK
- workflow run idempotency per org
- node attempt idempotency per run
- node run identity is scoped to parent run
- waiting/outbox node run must match parent run
- outbox idempotency per org
- outbox delivered status requires timestamp
- outbox dead-letter status requires timestamp and error evidence
- execution lock uniqueness per org
- object binding is explicit
- waiting task has an accountable assignee/policy

── [fast] Workflow runtime M2 strangler dark-landing gate  (cwd: .)
npm notice run check:workflow-runtime-m2-strangler
npm notice run node scripts/check-workflow-runtime-m2-strangler.mjs
Workflow runtime M2 strangler dark-landing gate passed (20 checks).
- workflow_runtime_m2_strangler resolves FALSE for every tenant: org_runtime_flags ships 0 enabled rows across 226 migrations; absent row => OFF via org_runtime_flag_enabled().
- org_runtime_flags table exists
- org_runtime_flags is tenant-scoped to organizations
- org_runtime_flags carries a flag_key
- enabled defaults FALSE (a written row is OFF unless explicitly enabled)
- org_runtime_flags enables RLS
- org_runtime_flags forces RLS (owner cannot bypass)
- org_runtime_flags has org isolation policy
- RLS keys off app.current_org (console_rt row boundary)
- explicit console_rt grants on org_runtime_flags
- console_rt cannot DELETE governance flags (append/update-only; inherited DELETE revoked)
- dark-by-default resolver function exists
- resolver returns boolean for a flag key
- resolver COALESCEs an absent row to FALSE under app.current_org (absent row => OFF)
- console_rt may call the dark-by-default resolver
- workflow_runtime_m2_strangler is a recognized flag key
- migration set is discoverable
- zero enabled rows shipped across 226 migrations
- spine gate remains wired
- package script check:workflow-runtime-m2-strangler is wired
- CI runs the M2 strangler dark-landing gate

── [fast] Workflow runtime M2 Cedar-guard observe-and-record gate  (cwd: .)
npm notice run check:workflow-runtime-m2-cedar-guards
npm notice run node scripts/check-workflow-runtime-m2-cedar-guards.mjs
Workflow runtime M2 Cedar-guard observe-and-record gate passed (35 checks).
- Guards are strictly observe-and-record under DualEngineMode::LegacyOnly: legacy is the sole enforcer, inert Cedar can never deny/grant, and observe_cedar_pbac_decision records ONE shadow audit_events row inside the SAME with_audits transaction as the guarded state change.
- under LegacyOnly the boundary returns evaluate_legacy_contract(request) — legacy is the sole enforcer
- evaluate_legacy_contract takes no CedarEvaluation — legacy enforcement cannot read Cedar
- cedar_required(mode) is defined
- cedar_required enumerates the three Cedar-bearing modes
- cedar_required excludes LegacyOnly — Cedar is never required (or evaluated) under the M2 mode
- legacy decisions are stamped engine=Legacy, mode=LegacyOnly (legacy is the recorded enforcer)
- observe_cedar_pbac_decision is #[must_use] — the shadow observation cannot be silently dropped
- observe_cedar_pbac_decision is defined
- observe_cedar_pbac_decision is FED the already-computed decision — observation cannot change enforcement
- observe_cedar_pbac_decision returns exactly ONE AuthorizationAuditEvent per decision
- the shadow audit event carries the enforced decision verbatim (recorded, not recomputed)
- the shadow Cedar verdict (bundle + reason) is recorded on the audit event with zero enforcement weight
- AuthorizationDecision derives PartialEq — LegacyOnly parity is an exact equality
- with_audits(pool, org, closure) is the same-transaction audited-write helper the guard uses
- with_audits body is present
- with_audits arms app.current_org on the same tx BEFORE the closure (RLS-scoped console_rt write)
- with_audits inserts the audit event(s) and commits in the SAME transaction (atomic with the state change)
- with_audits rolls back on error so neither the state change nor the shadow audit row lands
- the proof pins DualEngineMode::LegacyOnly
- the proof asserts the enforced decision is byte-identical to the legacy decision (legacy sole enforcer)
- the proof exercises the inert Cedar shape CedarEvaluation::NotConfigured
- the proof exercises the inert Cedar shape CedarEvaluation::Allow
- the proof exercises the inert Cedar shape CedarEvaluation::Deny
- the proof exercises the inert Cedar shape CedarEvaluation::Error
- the proof records the shadow decision via observe_cedar_pbac_decision
- the proof asserts observation records — never mutates — the enforced decision
- the proof documents that the single shadow event lands via with_audits (same-txn audit row)
- backend/crates/workflow/runtime/src/authz_guard.rs: guard pins DualEngineMode::LegacyOnly
- backend/crates/workflow/runtime/src/authz_guard.rs: guard records the shadow decision via observe_cedar_pbac_decision
- backend/crates/workflow/runtime/src/authz_guard.rs: guard persists the shadow decision inside a with_audits transaction
- backend/crates/workflow/runtime/src/authz_guard.rs: enforcement never branches on the inert Cedar verdict
- spine gate remains wired
- M2 strangler dark-landing gate remains wired
- package script check:workflow-runtime-m2-cedar-guards is wired
- CI runs the M2 Cedar-guard observe-and-record gate

── [fast] Workflow runtime M2 flag-ON runtime gate  (cwd: .)
npm notice run check:workflow-runtime-m2-runtime
npm notice run node scripts/check-workflow-runtime-m2-runtime.mjs
Workflow runtime M2 flag-ON runtime gate passed (42 checks).
- Flag-ON (test tenant only) E2E drives one run→node FSM through the reused ADR-0018 spine and idempotently stages exactly ONE payroll_draft_runs row landing BLOCKED_LEGAL_GATE (source_label workflow_runtime_m2:run:{run_id}); the drain replay, outbox re-emit, and draft re-insert each add ZERO rows. Proven as the real console_rt role with app.current_org armed; no new runtime tables.
- the E2E is a #[sqlx::test] that applies the real migrations into a fresh DB
- the E2E drops to the genuine non-owner console_rt role (RLS is actually enforced)
- the E2E arms app.current_org so RLS scopes every statement (like with_org_conn)
- every role switch in the E2E targets console_rt (never a superuser/owner/BYPASSRLS role)
- the E2E enrolls the TEST tenant (org_runtime_flags enabled = TRUE) — flag ON
- the E2E resolves the flag through the real org_runtime_flag_enabled() resolver
- the E2E asserts the enrolled TEST tenant resolves the strangler flag ON
- the E2E asserts an un-enrolled tenant stays OFF (per-tenant strangler)
- the E2E drives the spine table workflow_runs
- the E2E drives the spine table workflow_node_runs
- the E2E drives the spine table workflow_outbox_events
- the E2E walks the run FSM through 'STARTING'
- the E2E walks the run FSM through 'RUNNING'
- the E2E walks the run FSM through 'SUCCEEDED'
- the E2E walks the node FSM through 'PENDING'
- the E2E walks the node FSM through 'SUCCEEDED'
- the payroll node emits a JOB outbox event (internal.jobs connector)
- the JOB outbox event targets the internal.jobs connector
- the E2E asserts exactly ONE workflow_runs row is created
- the drainer consumes the outbox with FOR UPDATE SKIP LOCKED
- the drainer stages the draft idempotently on the reused payroll natural key
- re-emitting the outbox event is idempotent on the spine UNIQUE(org_id, idempotency_key)
- the draft natural key is the deterministic per-run source_label workflow_runtime_m2:run:{run_id}
- the E2E asserts the staged draft lands status BLOCKED_LEGAL_GATE
- the E2E asserts the first drain stages exactly ONE payroll draft
- the E2E asserts a drain replay creates ZERO additional drafts
- the E2E asserts re-emitting the outbox event inserts ZERO rows
- the E2E asserts re-inserting the draft inserts ZERO rows
- the E2E asserts exactly ONE payroll_draft_runs row survives the replay
- the E2E asserts the runtime state is strictly tenant-scoped (RLS)
- the E2E creates NO tables — it reuses the spine (0077/0078), payroll (0074), strangler (0095), studio (0069)
- migration set is discoverable
- reuses migration 0069_create_workflow_studio.sql
- reuses migration 0074_create_payroll_readiness.sql
- reuses migration 0077_create_workflow_runtime_spine.sql
- reuses migration 0078_harden_workflow_runtime_integrity.sql
- reuses migration 0095_create_org_runtime_flags.sql
- spine gate remains wired
- M2 strangler dark-landing gate remains wired
- M2 Cedar-guard gate remains wired
- package script check:workflow-runtime-m2-runtime is wired
- CI runs the M2 flag-ON runtime E2E gate

── [fast] Workflow runtime M2 outbox-drainer transactional-idempotency gate  (cwd: .)
npm notice run check:workflow-runtime-m2-drainer
npm notice run node scripts/check-workflow-runtime-m2-drainer.mjs
Workflow runtime M2 drainer gate passed (38 checks).
- The outbox drainer's consume is ONE with_audits/consume txn: the ON CONFLICT DO NOTHING draft insert (reused UNIQUE(org_id, period_start, period_end, source_label), source_label workflow_runtime_m2:run:{run_id}), the outbox DELIVERED update, and the audit row all share that single transaction. A rolled-back drain persists NONE of them (all-or-nothing atomicity, event stays PENDING); a committed drain stages exactly ONE BLOCKED_LEGAL_GATE draft + ONE audit row and marks the event DELIVERED; replays add ZERO rows and the payroll_draft_runs count stays 1 across drains. Proven as the real console_rt role with app.current_org armed; no new runtime tables.
- the E2E is a #[sqlx::test] that applies the real migrations into a fresh DB
- the E2E drops to the genuine non-owner console_rt role (RLS is actually enforced)
- the E2E arms app.current_org so RLS scopes every statement (like with_org_conn)
- every role switch in the E2E targets console_rt (never a superuser/owner/BYPASSRLS role)
- the drainer claims the outbox with FOR UPDATE SKIP LOCKED
- the shared consume body drain_event_in_txn exists
- the consume stages the draft idempotently on the reused payroll natural key
- the draft's natural key is the deterministic per-run source_label workflow_runtime_m2:run:{run_id}
- the consume marks the outbox event DELIVERED in the SAME txn as the draft insert
- the consume lands one audit row in the SAME txn (with_audits/consume), not a separate write
- the audit row records the drain action via the DRAIN_AUDIT_ACTION bind
- the drain audit action is workflow_runtime.outbox_drain (matches the audit_events action regex)
- the consume body does not pool.begin() (it shares the caller's single txn)
- the consume body does not tx.commit() (it shares the caller's single txn)
- the consume body does not tx.rollback() (it shares the caller's single txn)
- drain_payroll_outbox brackets the shared consume body in ONE begin→commit txn
- drain_then_rollback reuses the SAME consume body under ONE begin→rollback txn
- the dedicated drainer transactional-idempotency E2E exists
- the E2E asserts a rolled-back drain persists ZERO drafts (all-or-nothing)
- the E2E asserts a rolled-back drain persists ZERO audit rows (audit shares the txn's fate)
- the E2E asserts a rolled-back drain leaves the event PENDING (the DELIVERED ack rolled back too)
- the E2E asserts the committed drain stages exactly ONE payroll draft
- the E2E asserts the committed consume lands exactly ONE audit row in the same txn
- the E2E asserts the staged draft lands status BLOCKED_LEGAL_GATE
- the E2E asserts the committed drain marks the event DELIVERED
- the E2E asserts replaying the committed drain adds ZERO drafts
- the E2E asserts re-inserting the draft under the same natural key adds ZERO rows
- the E2E asserts the payroll_draft_runs count stays 1 across drains
- the E2E asserts exactly ONE drain audit row survives the replay
- the E2E creates NO tables — it reuses the spine (0077/0078), payroll (0074), strangler (0092)
- migration set is discoverable
- reuses migration 0074_create_payroll_readiness.sql
- reuses migration 0077_create_workflow_runtime_spine.sql
- reuses migration 0078_harden_workflow_runtime_integrity.sql
- reuses migration 0095_create_org_runtime_flags.sql
- spine gate remains wired
- package script check:workflow-runtime-m2-drainer is wired
- CI runs the M2 outbox-drainer transactional-idempotency gate

── [fast] G006 asset equipment dispatch lifecycle gate  (cwd: .)
npm notice run check:g006-asset-dispatch-lifecycle
npm notice run node scripts/check-g006-asset-dispatch-lifecycle.mjs
G006 asset dispatch lifecycle gate passed (409 checks).
- package script check:g006-asset-dispatch-lifecycle
- CI runs G006 asset dispatch lifecycle gate
- G006 asset dispatch lifecycle matrix: present
- enterprise UI route audit register: present
- G006 matrix schema version 1
- G006 matrix goal id
- G006 matrix records live-evidence non-claim policy
- G006 matrix routePaths
- G006 matrix dependency routePaths
- requiredBackendTests
- G006 backend contract inventory
- G006 safety assertions
- G006 route /settings/sites: path
- G006 route /settings/sites: owner marker
- G006 route /settings/sites: required story
- G006 route /equipment: path
- G006 route /equipment: owner marker
- G006 route /equipment: required story
- G006 route /equipment/:id: path
- G006 route /equipment/:id: owner marker
- G006 route /equipment/:id: required story
- G006 route /equipment/manage: path
- G006 route /equipment/manage: owner marker
- G006 route /equipment/manage: required story
- G006 route /equipment/legacy: path
- G006 route /equipment/legacy: owner marker
- G006 route /equipment/legacy: required story
- G006 route /settings/location: path
- G006 route /settings/location: owner marker
- G006 route /settings/location: required story
- G006 route /dispatch: path
- G006 route /dispatch: owner marker
- G006 route /dispatch: required story
- G006 route /dispatch-map: path
- G006 route /dispatch-map: owner marker
- G006 route /dispatch-map: required story
- G006 route /inspection: path
- G006 route /inspection: owner marker
- G006 route /inspection: required story
- G006 route /facilities: path
- G006 route /facilities: owner marker
- G006 route /facilities: required story
- G006 route /ontology: path
- G006 route /ontology: owner marker
- G006 route /ontology: required story
- G006 route group sites: covered
- G006 route group equipment-list: covered
- G006 route group equipment-detail: covered
- G006 route group equipment-manage: covered
- G006 route group legacy-import: covered
- G006 route group geodata: covered
- G006 route group dispatch-board: covered
- G006 route group dispatch-map: covered
- G006 route group maintenance-inspection: covered
- enterprise route audit has G006-owned rows
- route audit /settings/sites: represented in G006 matrix
- route audit /equipment: represented in G006 matrix
- route audit /equipment/:id: represented in G006 matrix
- route audit /equipment/manage: represented in G006 matrix
- route audit /equipment/legacy: represented in G006 matrix
- route audit /settings/location: represented in G006 matrix
- route audit /dispatch: represented in G006 matrix
- route audit /dispatch-map: represented in G006 matrix
- route audit /ontology: represented in G006 matrix
- route audit /inspection: represented in G006 matrix
- route audit /facilities: represented in G006 matrix
- G006 matrix route /settings/sites: exists in route audit
- G006 matrix route /settings/sites: ownerLane contains G006
- G006 matrix route /settings/sites: browser story required
- G006 matrix route /settings/sites: wrong-org denial
- G006 matrix route /settings/sites: KNL operator/affiliate story
- G006 matrix route /settings/sites: sourceObject
- G006 matrix route /settings/sites: lifecycleStates
- G006 matrix route /settings/sites: denialScopeTest
- G006 matrix route /settings/sites: groupScopeStory
- G006 matrix route /settings/sites: no weak unclassified marker
- G006 matrix route /settings/sites: no weak demo marker
- G006 matrix route /settings/sites: no weak placeholder marker
- G006 matrix route /settings/sites: no weak coming soon marker
- G006 matrix route /settings/sites: no weak black background marker
- G006 matrix route /settings/sites: no weak text wall marker
- G006 matrix route /settings/sites: screenshot/trace is explicitly non-closed
- G006 matrix route /equipment: exists in route audit
- G006 matrix route /equipment: ownerLane contains G006
- G006 matrix route /equipment: browser story required
- G006 matrix route /equipment: wrong-org denial
- G006 matrix route /equipment: KNL operator/affiliate story
- G006 matrix route /equipment: sourceObject
- G006 matrix route /equipment: lifecycleStates
- G006 matrix route /equipment: denialScopeTest
- G006 matrix route /equipment: groupScopeStory
- G006 matrix route /equipment: no weak unclassified marker
- G006 matrix route /equipment: no weak demo marker
- G006 matrix route /equipment: no weak placeholder marker
- G006 matrix route /equipment: no weak coming soon marker
- G006 matrix route /equipment: no weak black background marker
- G006 matrix route /equipment: no weak text wall marker
- G006 matrix route /equipment: screenshot/trace is explicitly non-closed
- G006 matrix route /equipment/:id: exists in route audit
- G006 matrix route /equipment/:id: ownerLane contains G006
- G006 matrix route /equipment/:id: browser story required
- G006 matrix route /equipment/:id: wrong-org denial
- G006 matrix route /equipment/:id: KNL operator/affiliate story
- G006 matrix route /equipment/:id: sourceObject
- G006 matrix route /equipment/:id: lifecycleStates
- G006 matrix route /equipment/:id: denialScopeTest
- G006 matrix route /equipment/:id: groupScopeStory
- G006 matrix route /equipment/:id: no weak unclassified marker
- G006 matrix route /equipment/:id: no weak demo marker
- G006 matrix route /equipment/:id: no weak placeholder marker
- G006 matrix route /equipment/:id: no weak coming soon marker
- G006 matrix route /equipment/:id: no weak black background marker
- G006 matrix route /equipment/:id: no weak text wall marker
- G006 matrix route /equipment/:id: screenshot/trace is explicitly non-closed
- G006 matrix route /equipment/manage: exists in route audit
- G006 matrix route /equipment/manage: ownerLane contains G006
- G006 matrix route /equipment/manage: browser story required
- G006 matrix route /equipment/manage: wrong-org denial
- G006 matrix route /equipment/manage: KNL operator/affiliate story
- G006 matrix route /equipment/manage: sourceObject
- G006 matrix route /equipment/manage: lifecycleStates
- G006 matrix route /equipment/manage: denialScopeTest
- G006 matrix route /equipment/manage: groupScopeStory
- G006 matrix route /equipment/manage: no weak unclassified marker
- G006 matrix route /equipment/manage: no weak demo marker
- G006 matrix route /equipment/manage: no weak placeholder marker
- G006 matrix route /equipment/manage: no weak coming soon marker
- G006 matrix route /equipment/manage: no weak black background marker
- G006 matrix route /equipment/manage: no weak text wall marker
- G006 matrix route /equipment/manage: screenshot/trace is explicitly non-closed
- G006 matrix route /equipment/legacy: exists in route audit
- G006 matrix route /equipment/legacy: ownerLane contains G006
- G006 matrix route /equipment/legacy: browser story required
- G006 matrix route /equipment/legacy: wrong-org denial
- G006 matrix route /equipment/legacy: KNL operator/affiliate story
- G006 matrix route /equipment/legacy: sourceObject
- G006 matrix route /equipment/legacy: lifecycleStates
- G006 matrix route /equipment/legacy: denialScopeTest
- G006 matrix route /equipment/legacy: groupScopeStory
- G006 matrix route /equipment/legacy: no weak unclassified marker
- G006 matrix route /equipment/legacy: no weak demo marker
- G006 matrix route /equipment/legacy: no weak placeholder marker
- G006 matrix route /equipment/legacy: no weak coming soon marker
- G006 matrix route /equipment/legacy: no weak black background marker
- G006 matrix route /equipment/legacy: no weak text wall marker
- G006 matrix route /equipment/legacy: screenshot/trace is explicitly non-closed
- G006 matrix route /settings/location: exists in route audit
- G006 matrix route /settings/location: ownerLane contains G006
- G006 matrix route /settings/location: browser story required
- G006 matrix route /settings/location: wrong-org denial
- G006 matrix route /settings/location: KNL operator/affiliate story
- G006 matrix route /settings/location: sourceObject
- G006 matrix route /settings/location: lifecycleStates
- G006 matrix route /settings/location: denialScopeTest
- G006 matrix route /settings/location: groupScopeStory
- G006 matrix route /settings/location: no weak unclassified marker
- G006 matrix route /settings/location: no weak demo marker
- G006 matrix route /settings/location: no weak placeholder marker
- G006 matrix route /settings/location: no weak coming soon marker
- G006 matrix route /settings/location: no weak black background marker
- G006 matrix route /settings/location: no weak text wall marker
- G006 matrix route /settings/location: screenshot/trace is explicitly non-closed
- G006 matrix route /dispatch: exists in route audit
- G006 matrix route /dispatch: ownerLane contains G006
- G006 matrix route /dispatch: browser story required
- G006 matrix route /dispatch: wrong-org denial
- G006 matrix route /dispatch: KNL operator/affiliate story
- G006 matrix route /dispatch: sourceObject
- G006 matrix route /dispatch: lifecycleStates
- G006 matrix route /dispatch: denialScopeTest
- G006 matrix route /dispatch: groupScopeStory
- G006 matrix route /dispatch: no weak unclassified marker
- G006 matrix route /dispatch: no weak demo marker
- G006 matrix route /dispatch: no weak placeholder marker
- G006 matrix route /dispatch: no weak coming soon marker
- G006 matrix route /dispatch: no weak black background marker
- G006 matrix route /dispatch: no weak text wall marker
- G006 matrix route /dispatch: screenshot/trace is explicitly non-closed
- G006 matrix route /dispatch-map: exists in route audit
- G006 matrix route /dispatch-map: ownerLane contains G006
- G006 matrix route /dispatch-map: browser story required
- G006 matrix route /dispatch-map: wrong-org denial
- G006 matrix route /dispatch-map: KNL operator/affiliate story
- G006 matrix route /dispatch-map: sourceObject
- G006 matrix route /dispatch-map: lifecycleStates
- G006 matrix route /dispatch-map: denialScopeTest
- G006 matrix route /dispatch-map: groupScopeStory
- G006 matrix route /dispatch-map: no weak unclassified marker
- G006 matrix route /dispatch-map: no weak demo marker
- G006 matrix route /dispatch-map: no weak placeholder marker
- G006 matrix route /dispatch-map: no weak coming soon marker
- G006 matrix route /dispatch-map: no weak black background marker
- G006 matrix route /dispatch-map: no weak text wall marker
- G006 matrix route /dispatch-map: screenshot/trace is explicitly non-closed
- G006 matrix route /inspection: exists in route audit
- G006 matrix route /inspection: ownerLane contains G006
- G006 matrix route /inspection: browser story required
- G006 matrix route /inspection: wrong-org denial
- G006 matrix route /inspection: KNL operator/affiliate story
- G006 matrix route /inspection: sourceObject
- G006 matrix route /inspection: lifecycleStates
- G006 matrix route /inspection: denialScopeTest
- G006 matrix route /inspection: groupScopeStory
- G006 matrix route /inspection: no weak unclassified marker
- G006 matrix route /inspection: no weak demo marker
- G006 matrix route /inspection: no weak placeholder marker
- G006 matrix route /inspection: no weak coming soon marker
- G006 matrix route /inspection: no weak black background marker
- G006 matrix route /inspection: no weak text wall marker
- G006 matrix route /inspection: screenshot/trace is explicitly non-closed
- G006 matrix route /facilities: exists in route audit
- G006 matrix route /facilities: ownerLane contains G006
- G006 matrix route /facilities: browser story required
- G006 matrix route /facilities: wrong-org denial
- G006 matrix route /facilities: KNL operator/affiliate story
- G006 matrix route /facilities: sourceObject
- G006 matrix route /facilities: lifecycleStates
- G006 matrix route /facilities: denialScopeTest
- G006 matrix route /facilities: groupScopeStory
- G006 matrix route /facilities: no weak unclassified marker
- G006 matrix route /facilities: no weak demo marker
- G006 matrix route /facilities: no weak placeholder marker
- G006 matrix route /facilities: no weak coming soon marker
- G006 matrix route /facilities: no weak black background marker
- G006 matrix route /facilities: no weak text wall marker
- G006 matrix route /facilities: screenshot/trace is explicitly non-closed
- G006 matrix route /ontology: exists in route audit
- G006 matrix route /ontology: ownerLane contains G006
- G006 matrix route /ontology: browser story required
- G006 matrix route /ontology: wrong-org denial
- G006 matrix route /ontology: KNL operator/affiliate story
- G006 matrix route /ontology: sourceObject
- G006 matrix route /ontology: lifecycleStates
- G006 matrix route /ontology: denialScopeTest
- G006 matrix route /ontology: groupScopeStory
- G006 matrix route /ontology: no weak unclassified marker
- G006 matrix route /ontology: no weak demo marker
- G006 matrix route /ontology: no weak placeholder marker
- G006 matrix route /ontology: no weak coming soon marker
- G006 matrix route /ontology: no weak black background marker
- G006 matrix route /ontology: no weak text wall marker
- G006 matrix route /ontology: screenshot/trace is explicitly non-closed
- G006 dependency route /work-orders/:id: exists in route audit
- G006 dependency route /work-orders/:id: work order
- G006 dependency route /work-orders/:id: required story
- G006 dependency route /financial: exists in route audit
- G006 dependency route /financial: asset decision
- G006 dependency route /financial: required story
- G006 dependency route /catalog: exists in route audit
- G006 dependency route /catalog: catalog item
- G006 dependency route /catalog: required story
- backend contract backend/crates/registry/rest/src/lib.rs: present
- backend contract backend/crates/registry/rest/src/lib.rs: rationale
- backend contract backend/crates/registry/rest/src/lib.rs required snippets
- backend contract backend/crates/registry/rest/src/lib.rs: EQUIPMENT_PATH
- backend contract backend/crates/registry/rest/src/lib.rs: EQUIPMENT_LIST_PATH
- backend contract backend/crates/registry/rest/src/lib.rs: EQUIPMENT_IMPORT_PATH
- backend contract backend/crates/registry/rest/src/lib.rs: EQUIPMENT_ID_PATH_TEMPLATE
- backend contract backend/crates/registry/rest/src/lib.rs: EQUIPMENT_TIMELINE_GRAPH_PATH_TEMPLATE
- backend contract backend/crates/registry/rest/src/lib.rs: EQUIPMENT_BY_LOCATION_PATH
- backend contract backend/crates/registry/rest/src/lib.rs: EQUIPMENT_OWNERSHIP_TRANSFER_DECISION_PATH_TEMPLATE
- backend contract backend/crates/registry/rest/src/lib.rs: authorize_equipment_feature(&principal, Feature::EquipmentManage)
- backend contract backend/crates/registry/rest/src/lib.rs: list_equipment
- backend contract backend/crates/registry/rest/src/lib.rs: create_equipment
- backend contract backend/crates/registry/rest/src/lib.rs: update_equipment
- backend contract backend/crates/registry/rest/src/lib.rs: list_equipment_ownership_transfers
- backend contract backend/crates/registry/rest/src/lib.rs: decide_equipment_ownership_transfer
- backend contract backend/crates/registry/application/src/lib.rs: present
- backend contract backend/crates/registry/application/src/lib.rs: rationale
- backend contract backend/crates/registry/application/src/lib.rs required snippets
- backend contract backend/crates/registry/application/src/lib.rs: EquipmentOwnershipTransferStepKey
- backend contract backend/crates/registry/application/src/lib.rs: SendingOrgAdmin
- backend contract backend/crates/registry/application/src/lib.rs: ReceivingOrgAdmin
- backend contract backend/crates/registry/application/src/lib.rs: LegalSignoff
- backend contract backend/crates/registry/application/src/lib.rs: AccountingSignoff
- backend contract backend/crates/registry/application/src/lib.rs: asset_owner
- backend contract backend/crates/registry/application/src/lib.rs: EquipmentListQuery
- backend contract backend/crates/registry/application/src/lib.rs: Free-text search across management_no
- backend contract backend/crates/registry/application/src/lib.rs: VIN
- backend contract backend/crates/registry/adapter-postgres/src/lib.rs: present
- backend contract backend/crates/registry/adapter-postgres/src/lib.rs: rationale
- backend contract backend/crates/registry/adapter-postgres/src/lib.rs required snippets
- backend contract backend/crates/registry/adapter-postgres/src/lib.rs: create_equipment
- backend contract backend/crates/registry/adapter-postgres/src/lib.rs: list_equipment
- backend contract backend/crates/registry/adapter-postgres/src/lib.rs: find_model_by_management_no
- backend contract backend/crates/registry/adapter-postgres/src/lib.rs: create_equipment_ownership_transfer
- backend contract backend/crates/registry/adapter-postgres/src/lib.rs: decide_equipment_ownership_transfer
- backend contract backend/crates/registry/adapter-postgres/src/lib.rs: initial_ownership_transfer_line
- backend contract backend/crates/registry/adapter-postgres/src/lib.rs: apply_ownership_transfer_decision
- backend contract backend/crates/registry/adapter-postgres/src/lib.rs: SET asset_owner = $2
- backend contract backend/crates/registry/adapter-postgres/src/lib.rs: with_audit
- backend contract backend/crates/platform/db/migrations/0007_create_registry.sql: present
- backend contract backend/crates/platform/db/migrations/0007_create_registry.sql: rationale
- backend contract backend/crates/platform/db/migrations/0007_create_registry.sql required snippets
- backend contract backend/crates/platform/db/migrations/0007_create_registry.sql: CREATE TABLE registry_equipment
- backend contract backend/crates/platform/db/migrations/0007_create_registry.sql: equipment_no
- backend contract backend/crates/platform/db/migrations/0007_create_registry.sql: management_no
- backend contract backend/crates/platform/db/migrations/0007_create_registry.sql: vin
- backend contract backend/crates/platform/db/migrations/0007_create_registry.sql: asset_owner
- backend contract backend/crates/platform/db/migrations/0007_create_registry.sql: idx_registry_equipment_branch_management_no
- backend contract backend/crates/platform/db/migrations/0007_create_registry.sql: idx_registry_equipment_status_rented
- backend contract backend/crates/platform/db/migrations/0007_create_registry.sql: idx_registry_equipment_status_spare
- backend contract backend/crates/platform/db/migrations/0007_create_registry.sql: idx_registry_equipment_status_replacement
- backend contract backend/crates/platform/db/migrations/0020_equipment_autocomplete_trgm.sql: present
- backend contract backend/crates/platform/db/migrations/0020_equipment_autocomplete_trgm.sql: rationale
- backend contract backend/crates/platform/db/migrations/0020_equipment_autocomplete_trgm.sql required snippets
- backend contract backend/crates/platform/db/migrations/0020_equipment_autocomplete_trgm.sql: management_no ILIKE
- backend contract backend/crates/platform/db/migrations/0020_equipment_autocomplete_trgm.sql: idx_registry_equipment_management_no_trgm
- backend contract backend/crates/platform/db/migrations/0020_equipment_autocomplete_trgm.sql: idx_registry_equipment_equipment_no_trgm
- backend contract backend/crates/platform/db/migrations/0020_equipment_autocomplete_trgm.sql: idx_registry_equipment_model_trgm
- backend contract backend/crates/platform/db/migrations/0039_add_site_geography.sql: present
- backend contract backend/crates/platform/db/migrations/0039_add_site_geography.sql: rationale
- backend contract backend/crates/platform/db/migrations/0039_add_site_geography.sql required snippets
- backend contract backend/crates/platform/db/migrations/0039_add_site_geography.sql: ADD COLUMN address
- backend contract backend/crates/platform/db/migrations/0039_add_site_geography.sql: ADD COLUMN province
- backend contract backend/crates/platform/db/migrations/0039_add_site_geography.sql: ADD COLUMN city
- backend contract backend/crates/platform/db/migrations/0039_add_site_geography.sql: ADD COLUMN latitude
- backend contract backend/crates/platform/db/migrations/0039_add_site_geography.sql: ADD COLUMN longitude
- backend contract backend/crates/platform/db/migrations/0039_add_site_geography.sql: registry_sites_lat_lon_paired
- backend contract backend/crates/platform/db/migrations/0039_add_site_geography.sql: idx_registry_sites_geo
- backend contract backend/crates/platform/db/migrations/0041_add_site_geofence_radius.sql: present
- backend contract backend/crates/platform/db/migrations/0041_add_site_geofence_radius.sql: rationale
- backend contract backend/crates/platform/db/migrations/0041_add_site_geofence_radius.sql required snippets
- backend contract backend/crates/platform/db/migrations/0041_add_site_geofence_radius.sql: geofence_radius_m
- backend contract backend/crates/platform/db/migrations/0041_add_site_geofence_radius.sql: DEFAULT_GEOFENCE_RADIUS_M
- backend contract backend/crates/platform/db/migrations/0041_add_site_geofence_radius.sql: registry_sites_geofence_radius_positive
- backend contract backend/crates/platform/db/migrations/0044_add_equipment_acquisition.sql: present
- backend contract backend/crates/platform/db/migrations/0044_add_equipment_acquisition.sql: rationale
- backend contract backend/crates/platform/db/migrations/0044_add_equipment_acquisition.sql required snippets
- backend contract backend/crates/platform/db/migrations/0044_add_equipment_acquisition.sql: acquisition_cost_won
- backend contract backend/crates/platform/db/migrations/0044_add_equipment_acquisition.sql: acquisition_date
- backend contract backend/crates/platform/db/migrations/0044_add_equipment_acquisition.sql: DELIBERATELY distinct from `vehicle_value`
- backend contract backend/crates/platform/db/migrations/0044_add_equipment_acquisition.sql: registry_equipment is already RLS-ENABLED
- backend contract backend/crates/platform/db/migrations/0072_create_equipment_ownership_transfers.sql: present
- backend contract backend/crates/platform/db/migrations/0072_create_equipment_ownership_transfers.sql: rationale
- backend contract backend/crates/platform/db/migrations/0072_create_equipment_ownership_transfers.sql required snippets
- backend contract backend/crates/platform/db/migrations/0072_create_equipment_ownership_transfers.sql: equipment_ownership_transfer_requests
- backend contract backend/crates/platform/db/migrations/0072_create_equipment_ownership_transfers.sql: equipment_ownership_transfer_events
- backend contract backend/crates/platform/db/migrations/0072_create_equipment_ownership_transfers.sql: sending_org_admin
- backend contract backend/crates/platform/db/migrations/0072_create_equipment_ownership_transfers.sql: receiving_org_admin
- backend contract backend/crates/platform/db/migrations/0072_create_equipment_ownership_transfers.sql: legal_signoff
- backend contract backend/crates/platform/db/migrations/0072_create_equipment_ownership_transfers.sql: accounting_signoff
- backend contract backend/crates/platform/db/migrations/0072_create_equipment_ownership_transfers.sql: ENABLE ROW LEVEL SECURITY
- backend contract backend/crates/platform/db/migrations/0072_create_equipment_ownership_transfers.sql: CREATE POLICY org_isolation
- backend contract backend/crates/platform/db/migrations/0072_create_equipment_ownership_transfers.sql: equipment ownership transfer requests are a durable approval ledger
- backend contract backend/crates/platform/db/migrations/0072_create_equipment_ownership_transfers.sql: equipment ownership transfer events are append-only
- backend contract backend/crates/dispatch/domain/src/lib.rs: present
- backend contract backend/crates/dispatch/domain/src/lib.rs: rationale
- backend contract backend/crates/dispatch/domain/src/lib.rs required snippets
- backend contract backend/crates/dispatch/domain/src/lib.rs: P1Dispatch
- backend contract backend/crates/dispatch/domain/src/lib.rs: BROADCASTING
- backend contract backend/crates/dispatch/domain/src/lib.rs: AUTO_ASSIGNED
- backend contract backend/crates/dispatch/domain/src/lib.rs: dispatch responses are only allowed while broadcasting
- backend contract backend/crates/dispatch/domain/src/lib.rs: dispatch accept window has expired
- backend contract backend/crates/dispatch/domain/src/lib.rs: force_assign
- backend contract backend/crates/dispatch/rest/src/lib.rs: present
- backend contract backend/crates/dispatch/rest/src/lib.rs: rationale
- backend contract backend/crates/dispatch/rest/src/lib.rs required snippets
- backend contract backend/crates/dispatch/rest/src/lib.rs: /api/v1/work-orders/{work_order_id}/p1-dispatch
- backend contract backend/crates/dispatch/rest/src/lib.rs: /api/v1/p1-dispatches/{dispatch_id}/responses
- backend contract backend/crates/dispatch/rest/src/lib.rs: /api/v1/p1-dispatches/{dispatch_id}/force-assign
- backend contract backend/crates/dispatch/rest/src/lib.rs: schedule_dispatch_jobs
- backend contract backend/crates/dispatch/rest/src/lib.rs: dispatch_accept_window_expired
- backend contract backend/crates/dispatch/rest/src/lib.rs: dispatch_manual_call_required
- backend contract backend/crates/dispatch/adapter-postgres/src/lib.rs: present
- backend contract backend/crates/dispatch/adapter-postgres/src/lib.rs: rationale
- backend contract backend/crates/dispatch/adapter-postgres/src/lib.rs required snippets
- backend contract backend/crates/dispatch/adapter-postgres/src/lib.rs: P1 dispatch requires work-order priority P1
- backend contract backend/crates/dispatch/adapter-postgres/src/lib.rs: dispatch GPS freshness overflows time
- backend contract backend/crates/dispatch/adapter-postgres/src/lib.rs: count_dispatch_targets
- backend contract backend/crates/dispatch/adapter-postgres/src/lib.rs: p1_dispatch.start
- backend contract backend/crates/dispatch/adapter-postgres/src/lib.rs: p1_dispatch.respond
- backend contract backend/crates/dispatch/adapter-postgres/src/lib.rs: p1_dispatch.force_assign
- backend contract backend/crates/dispatch/adapter-postgres/src/lib.rs: claim_fcm_pushes
- backend contract backend/crates/dispatch/adapter-postgres/src/lib.rs: with_audit
- backend contract backend/crates/financial/domain/src/tco.rs: present
- backend contract backend/crates/financial/domain/src/tco.rs: rationale
- backend contract backend/crates/financial/domain/src/tco.rs required snippets
- backend contract backend/crates/financial/domain/src/tco.rs: AcquisitionBasis
- backend contract backend/crates/financial/domain/src/tco.rs: AcquisitionAnchor
- backend contract backend/crates/financial/domain/src/tco.rs: tco_won
- backend contract backend/crates/financial/domain/src/tco.rs: gross_margin_won
- backend contract backend/crates/financial/domain/src/tco.rs: cost_per_month_won
- backend contract backend/crates/financial/domain/src/tco.rs: No explicit acquisition
- backend contract backend/crates/financial/domain/src/tco.rs: Gross margin on a realized sale
- backend contract backend/crates/financial/adapter-postgres/src/lib.rs: present
- backend contract backend/crates/financial/adapter-postgres/src/lib.rs: rationale
- backend contract backend/crates/financial/adapter-postgres/src/lib.rs required snippets
- backend contract backend/crates/financial/adapter-postgres/src/lib.rs: lifecycle_cost_for_equipment
- backend contract backend/crates/financial/adapter-postgres/src/lib.rs: registry_equipment
- backend contract backend/crates/financial/adapter-postgres/src/lib.rs: equipment_cost_ledger
- backend contract backend/crates/financial/adapter-postgres/src/lib.rs: outsource_works
- backend contract backend/crates/financial/adapter-postgres/src/lib.rs: sales_listings
- backend contract backend/crates/financial/adapter-postgres/src/lib.rs: gross_margin_won
- backend contract backend/crates/financial/adapter-postgres/src/lib.rs: acquisition_source
- G006 backend test backend/crates/registry/rest/tests/equipment_admin.rs: present
- G006 backend test backend/crates/registry/adapter-postgres/tests/create_rls_surfaces_as_runtime_role.rs: present
- G006 backend test backend/crates/registry/adapter-postgres/tests/equipment_list_rls_as_runtime_role.rs: present
- G006 backend test backend/crates/registry/adapter-postgres/tests/equipment_lookup_normalization_rls_as_runtime_role.rs: present
- G006 backend test backend/crates/registry/adapter-postgres/tests/master_list_import.rs: present
- G006 backend test backend/crates/registry/adapter-postgres/tests/master_list_import_rls_as_runtime_role.rs: present
- G006 backend test backend/crates/registry/adapter-postgres/tests/site_address_postal_roundtrip_rls_as_runtime_role.rs: present
- G006 backend test backend/crates/dispatch/adapter-postgres/tests/p1_dispatch.rs: present
- G006 backend test backend/crates/financial/adapter-postgres/tests/lifecycle_rls_surfaces_as_runtime_role.rs: present
- G006 backend test backend/crates/compliance/domain/tests/location_consent_fsm.rs: present
- G006 backend test backend/crates/compliance/adapter-postgres/tests/location_consent_status_rls_as_runtime_role.rs: present
- G006 backend test backend/crates/reporting/adapter-postgres/tests/ops_summary.rs: present
- foundation gate mentions legal ownership transfer contract
- foundation gate mentions asset/inventory mapping contract

── [fast] G007 collaboration mail calendar poll mobile lifecycle gate  (cwd: .)
npm notice run check:g007-collaboration-mobile-lifecycle
npm notice run node scripts/check-g007-collaboration-mobile-lifecycle.mjs
G007 collaboration mobile lifecycle gate passed (211 checks).
- package script check:g007-collaboration-mobile-lifecycle
- CI runs G007 collaboration mobile lifecycle gate
- G007 collaboration mobile lifecycle matrix: present
- enterprise UI route audit register: present
- G007 matrix schema version 1
- G007 matrix goal id
- G007 matrix records live-evidence non-claim policy
- G007 matrix routePaths
- G007 matrix dependency routePaths
- requiredBackendTests
- G007 safety assertions
- G007 route /collaboration: path
- G007 route /collaboration: owner marker
- G007 route /collaboration: required story
- G007 route /messenger: path
- G007 route /messenger: owner marker
- G007 route /messenger: required story
- G007 route /mail: path
- G007 route /mail: owner marker
- G007 route /mail: required story
- G007 route group collaboration-hub: covered
- G007 route group messenger: covered
- G007 route group mailbox: covered
- enterprise route audit has G007-owned rows
- route audit /collaboration: represented in G007 matrix
- route audit /messenger: represented in G007 matrix
- route audit /mail: represented in G007 matrix
- G007 matrix route /collaboration: exists in route audit
- G007 matrix route /collaboration: ownerLane contains G007
- G007 matrix route /collaboration: browser/mobile story required
- G007 matrix route /collaboration: private/permission denial
- G007 matrix route /collaboration: group/subsidiary story
- G007 matrix route /collaboration: sourceObject
- G007 matrix route /collaboration: lifecycleStates
- G007 matrix route /collaboration: denialScopeTest
- G007 matrix route /collaboration: groupScopeStory
- G007 matrix route /collaboration: no weak unclassified marker
- G007 matrix route /collaboration: no weak demo marker
- G007 matrix route /collaboration: no weak placeholder marker
- G007 matrix route /collaboration: no weak coming soon marker
- G007 matrix route /collaboration: no weak black background marker
- G007 matrix route /collaboration: no weak text wall marker
- G007 matrix route /collaboration: screenshot/trace is explicitly non-closed
- G007 matrix route /messenger: exists in route audit
- G007 matrix route /messenger: ownerLane contains G007
- G007 matrix route /messenger: browser/mobile story required
- G007 matrix route /messenger: private/permission denial
- G007 matrix route /messenger: group/subsidiary story
- G007 matrix route /messenger: sourceObject
- G007 matrix route /messenger: lifecycleStates
- G007 matrix route /messenger: denialScopeTest
- G007 matrix route /messenger: groupScopeStory
- G007 matrix route /messenger: no weak unclassified marker
- G007 matrix route /messenger: no weak demo marker
- G007 matrix route /messenger: no weak placeholder marker
- G007 matrix route /messenger: no weak coming soon marker
- G007 matrix route /messenger: no weak black background marker
- G007 matrix route /messenger: no weak text wall marker
- G007 matrix route /messenger: screenshot/trace is explicitly non-closed
- G007 matrix route /mail: exists in route audit
- G007 matrix route /mail: ownerLane contains G007
- G007 matrix route /mail: browser/mobile story required
- G007 matrix route /mail: private/permission denial
- G007 matrix route /mail: group/subsidiary story
- G007 matrix route /mail: sourceObject
- G007 matrix route /mail: lifecycleStates
- G007 matrix route /mail: denialScopeTest
- G007 matrix route /mail: groupScopeStory
- G007 matrix route /mail: no weak unclassified marker
- G007 matrix route /mail: no weak demo marker
- G007 matrix route /mail: no weak placeholder marker
- G007 matrix route /mail: no weak coming soon marker
- G007 matrix route /mail: no weak black background marker
- G007 matrix route /mail: no weak text wall marker
- G007 matrix route /mail: screenshot/trace is explicitly non-closed
- G007 dependency route /overview: exists in route audit
- G007 dependency route /overview: messenger
- G007 dependency route /overview: required story
- G007 dependency route /approvals: exists in route audit
- G007 dependency route /approvals: approval
- G007 dependency route /approvals: required story
- G007 backend contract inventory
- backendContracts backend/crates/messenger/rest/src/lib.rs: present
- backendContracts backend/crates/messenger/rest/src/lib.rs: rationale
- backendContracts backend/crates/messenger/rest/src/lib.rs required snippets
- backendContracts backend/crates/messenger/rest/src/lib.rs: /api/messenger/threads
- backendContracts backend/crates/messenger/rest/src/lib.rs: /api/messenger/threads/{threadId}/messages
- backendContracts backend/crates/messenger/rest/src/lib.rs: /api/messenger/threads/{threadId}/read-receipt
- backendContracts backend/crates/messenger/rest/src/lib.rs: /api/messenger/search
- backendContracts backend/crates/messenger/rest/src/lib.rs: create_thread
- backendContracts backend/crates/messenger/rest/src/lib.rs: send_message
- backendContracts backend/crates/messenger/rest/src/lib.rs: mark_thread_read
- backendContracts backend/crates/messenger/rest/src/lib.rs: search_messages
- backendContracts backend/crates/messenger/application/src/lib.rs: present
- backendContracts backend/crates/messenger/application/src/lib.rs: rationale
- backendContracts backend/crates/messenger/application/src/lib.rs required snippets
- backendContracts backend/crates/messenger/application/src/lib.rs: MessagePostedNotification
- backendContracts backend/crates/messenger/application/src/lib.rs: EnsureWorkOrderThreadCommand
- backendContracts backend/crates/messenger/application/src/lib.rs: MarkThreadReadCommand
- backendContracts backend/crates/messenger/application/src/lib.rs: ThreadSummary
- backendContracts backend/crates/messenger/application/src/lib.rs: unread_count
- backendContracts backend/crates/messenger/application/src/lib.rs: messenger_audit_event
- backendContracts backend/crates/messenger/adapter-postgres/src/lib.rs: present
- backendContracts backend/crates/messenger/adapter-postgres/src/lib.rs: rationale
- backendContracts backend/crates/messenger/adapter-postgres/src/lib.rs required snippets
- backendContracts backend/crates/messenger/adapter-postgres/src/lib.rs: list_threads
- backendContracts backend/crates/messenger/adapter-postgres/src/lib.rs: message_page
- backendContracts backend/crates/messenger/adapter-postgres/src/lib.rs: send_message
- backendContracts backend/crates/messenger/adapter-postgres/src/lib.rs: mark_thread_read
- backendContracts backend/crates/messenger/adapter-postgres/src/lib.rs: search_messages
- backendContracts backend/crates/messenger/adapter-postgres/src/lib.rs: with_audit
- backendContracts backend/crates/messenger/adapter-postgres/src/lib.rs: messenger_read_receipts
- backendContracts backend/crates/platform/db/migrations/0012_create_messenger.sql: present
- backendContracts backend/crates/platform/db/migrations/0012_create_messenger.sql: rationale
- backendContracts backend/crates/platform/db/migrations/0012_create_messenger.sql required snippets
- backendContracts backend/crates/platform/db/migrations/0012_create_messenger.sql: CREATE TABLE messenger_threads
- backendContracts backend/crates/platform/db/migrations/0012_create_messenger.sql: CREATE TABLE messenger_thread_members
- backendContracts backend/crates/platform/db/migrations/0012_create_messenger.sql: CREATE TABLE messenger_messages
- backendContracts backend/crates/platform/db/migrations/0012_create_messenger.sql: CREATE TABLE messenger_message_attachments
- backendContracts backend/crates/platform/db/migrations/0012_create_messenger.sql: CREATE TABLE messenger_read_receipts
- backendContracts backend/crates/platform/db/migrations/0012_create_messenger.sql: idx_messenger_messages_search
- backendContracts backend/crates/comms/rest/src/lib.rs: present
- backendContracts backend/crates/comms/rest/src/lib.rs: rationale
- backendContracts backend/crates/comms/rest/src/lib.rs required snippets
- backendContracts backend/crates/comms/rest/src/lib.rs: MAIL_ACCOUNT_PATH
- backendContracts backend/crates/comms/rest/src/lib.rs: MAIL_SEND_PATH
- backendContracts backend/crates/comms/rest/src/lib.rs: MAIL_REPLY_PATH
- backendContracts backend/crates/comms/rest/src/lib.rs: MAIL_FORWARD_PATH
- backendContracts backend/crates/comms/rest/src/lib.rs: MAIL_FOLDERS_PATH
- backendContracts backend/crates/comms/rest/src/lib.rs: MAIL_THREADS_PATH
- backendContracts backend/crates/comms/rest/src/lib.rs: MAIL_THREAD_READ_STATE_PATH
- backendContracts backend/crates/comms/rest/src/lib.rs: MAIL_ATTACHMENT_DOWNLOAD_PATH
- backendContracts backend/crates/comms/rest/src/lib.rs: Feature::MailAccountManage
- backendContracts backend/crates/comms/rest/src/lib.rs: Feature::MailUse
- backendContracts backend/crates/comms/application/src/lib.rs: present
- backendContracts backend/crates/comms/application/src/lib.rs: rationale
- backendContracts backend/crates/comms/application/src/lib.rs required snippets
- backendContracts backend/crates/comms/application/src/lib.rs: AccountView
- backendContracts backend/crates/comms/application/src/lib.rs: SendKind
- backendContracts backend/crates/comms/application/src/lib.rs: Reply
- backendContracts backend/crates/comms/application/src/lib.rs: Forward
- backendContracts backend/crates/comms/application/src/lib.rs: SEND_RATE_BUCKETS
- backendContracts backend/crates/comms/application/src/lib.rs: thread_read_state_audit_event
- backendContracts backend/crates/comms/application/src/lib.rs: MailAttachmentStore
- backendContracts backend/crates/comms/application/src/lib.rs: ThreadQuery
- backendContracts backend/crates/comms/application/src/lib.rs: ThreadView
- backendContracts backend/crates/comms/application/src/lib.rs: thread_grouping_key
- backendContracts backend/crates/comms/adapter-postgres/src/lib.rs: present
- backendContracts backend/crates/comms/adapter-postgres/src/lib.rs: rationale
- backendContracts backend/crates/comms/adapter-postgres/src/lib.rs required snippets
- backendContracts backend/crates/comms/adapter-postgres/src/lib.rs: email_accounts
- backendContracts backend/crates/comms/adapter-postgres/src/lib.rs: email_threads
- backendContracts backend/crates/comms/adapter-postgres/src/lib.rs: email_messages
- backendContracts backend/crates/comms/adapter-postgres/src/lib.rs: email_attachments
- backendContracts backend/crates/comms/adapter-postgres/src/lib.rs: with_audit
- backendContracts backend/crates/comms/adapter-postgres/src/lib.rs: with_org_conn
- backendContracts backend/crates/comms/adapter-postgres/src/lib.rs: unread_count
- backendContracts backend/crates/comms/adapter-postgres/src/lib.rs: set_thread_seen_inner
- backendContracts backend/crates/comms/adapter-postgres/src/lib.rs: recompute_thread_read_state_tx
- backendContracts backend/crates/platform/db/migrations/0053_create_comms_webmail.sql: present
- backendContracts backend/crates/platform/db/migrations/0053_create_comms_webmail.sql: rationale
- backendContracts backend/crates/platform/db/migrations/0053_create_comms_webmail.sql required snippets
- backendContracts backend/crates/platform/db/migrations/0053_create_comms_webmail.sql: CREATE TABLE email_accounts
- backendContracts backend/crates/platform/db/migrations/0053_create_comms_webmail.sql: CREATE TABLE email_folders
- backendContracts backend/crates/platform/db/migrations/0053_create_comms_webmail.sql: CREATE TABLE email_threads
- backendContracts backend/crates/platform/db/migrations/0053_create_comms_webmail.sql: CREATE TABLE email_messages
- backendContracts backend/crates/platform/db/migrations/0053_create_comms_webmail.sql: CREATE TABLE email_attachments
- backendContracts backend/crates/platform/db/migrations/0053_create_comms_webmail.sql: idx_email_messages_unseen
- backendContracts backend/crates/platform/db/migrations/0053_create_comms_webmail.sql: idx_email_threads_linked_wo
- backendContracts backend/crates/platform/db/migrations/0056_create_comms_send_rate.sql: present
- backendContracts backend/crates/platform/db/migrations/0056_create_comms_send_rate.sql: rationale
- backendContracts backend/crates/platform/db/migrations/0056_create_comms_send_rate.sql required snippets
- backendContracts backend/crates/platform/db/migrations/0056_create_comms_send_rate.sql: CREATE TABLE comms_send_rate
- backendContracts backend/crates/platform/db/migrations/0056_create_comms_send_rate.sql: mail_send:1m
- backendContracts backend/crates/platform/db/migrations/0056_create_comms_send_rate.sql: mail_send:1h
- backendContracts backend/crates/platform/db/migrations/0056_create_comms_send_rate.sql: mail_test:1m
- backendContracts backend/crates/platform/db/migrations/0073_create_collaboration_calendar_polls.sql: present
- backendContracts backend/crates/platform/db/migrations/0073_create_collaboration_calendar_polls.sql: rationale
- backendContracts backend/crates/platform/db/migrations/0073_create_collaboration_calendar_polls.sql required snippets
- backendContracts backend/crates/platform/db/migrations/0073_create_collaboration_calendar_polls.sql: CREATE TABLE collaboration_calendar_events
- backendContracts backend/crates/platform/db/migrations/0073_create_collaboration_calendar_polls.sql: CREATE TABLE collaboration_calendar_event_events
- backendContracts backend/crates/platform/db/migrations/0073_create_collaboration_calendar_polls.sql: CREATE TABLE collaboration_polls
- backendContracts backend/crates/platform/db/migrations/0073_create_collaboration_calendar_polls.sql: CREATE TABLE collaboration_poll_options
- backendContracts backend/crates/platform/db/migrations/0073_create_collaboration_calendar_polls.sql: CREATE TABLE collaboration_poll_votes
- backendContracts backend/crates/platform/db/migrations/0073_create_collaboration_calendar_polls.sql: CREATE TABLE collaboration_poll_events
- backendContracts backend/crates/platform/db/migrations/0073_create_collaboration_calendar_polls.sql: trg_collaboration_polls_no_delete
- backendContracts backend/crates/platform/push/src/lib.rs: present
- backendContracts backend/crates/platform/push/src/lib.rs: rationale
- backendContracts backend/crates/platform/push/src/lib.rs required snippets
- backendContracts backend/crates/platform/push/src/lib.rs: FcmPushMessage
- backendContracts backend/crates/platform/push/src/lib.rs: AlimtalkMessage
- backendContracts backend/crates/platform/push/src/lib.rs: idempotency_key
- backendContracts backend/crates/platform/push/src/lib.rs: messages:send
- backendContracts backend/crates/platform/push/src/lib.rs: send-many
- backendContracts backend/crates/platform/push/src/lib.rs: provider_message_id
- backendContracts backend/crates/platform/email/src/lib.rs: present
- backendContracts backend/crates/platform/email/src/lib.rs: rationale
- backendContracts backend/crates/platform/email/src/lib.rs required snippets
- backendContracts backend/crates/platform/email/src/lib.rs: SmtpEmailConfig
- backendContracts backend/crates/platform/email/src/lib.rs: LettreSmtpSender
- backendContracts backend/crates/platform/email/src/lib.rs: STARTTLS
- backendContracts backend/crates/platform/email/src/lib.rs: OCI Email Delivery
- backendContracts backend/crates/platform/email/src/lib.rs: StubEmailSender
- backendContracts backend/crates/platform/email/src/lib.rs: send_otp
- G007 backend test backend/crates/messenger/rest/tests/api.rs: present
- G007 backend test backend/crates/messenger/adapter-postgres/tests/use_cases.rs: present
- G007 backend test backend/crates/messenger/domain/tests/thread_kind.rs: present
- G007 backend test backend/crates/comms/adapter-postgres/tests/mail_account_rls_surfaces_as_runtime_role.rs: present
- G007 backend test backend/crates/comms/adapter-postgres/tests/mail_sync_rls_surfaces_as_runtime_role.rs: present
- foundation gate mentions notification contract
- foundation gate mentions passkey step-up contract

── [fast] G008 import HR payroll readiness gate  (cwd: .)
npm notice run check:g008-payroll-readiness
npm notice run node scripts/check-g008-payroll-readiness.mjs
G008 payroll readiness gate passed (29 checks)

── [fast] People HR lifecycle maturity gate  (cwd: .)
npm notice run check:people-hr-maturity
npm notice run node scripts/check-people-hr-maturity.mjs
people HR maturity gate passed (4 checks)

── [fast] Payroll release-gate contract  (cwd: .)
npm notice run check:payroll-release-gate
npm notice run node scripts/check-payroll-release-gate.mjs
payroll release gate check passed (9 checks)

── [fast] Undeclared imports — every bare specifier must be declared  (cwd: .)
npm notice run check:undeclared-imports
npm notice run node --test scripts/check-undeclared-imports.test.mjs && node scripts/check-undeclared-imports.mjs
▶ undeclared import gate
  ✔ reports a bare specifier that the nearest package.json does not declare (39.212625ms)
  ✔ accepts the same import once the manifest declares it (33.339041ms)
  ✔ resolves against the nearest package.json, not only the root one (33.547792ms)
  ✔ does not report node: builtins or relative specifiers (39.55375ms)
  ✔ covers require() and dynamic import(), not just static import (42.690584ms)
  ✔ reports a side-effect-only bare import under a comment and after a statement (31.342167ms)
  ✔ reduces a subpath import to the package name before consulting the manifest (30.561542ms)
  ✔ reports a scoped package that is absent from the manifest (30.415958ms)
  ✔ does not mistake prose or SQL inside a string literal for an import specifier (32.939459ms)
  ✔ excludes docs/evidence/ without swallowing a sibling directory (36.687583ms)
  ✔ does not resolve a specifier against a package.json above the scan root (34.906583ms)
  ✔ counts the files it scanned, so an empty scan cannot read as coverage (36.142625ms)
  ✔ exits 1 and names the offending specifier when run as a CLI (65.611666ms)
  ✔ exits 1 on the floor alone, with every specifier declared and no findings (68.591667ms)
  ✔ exits 1 rather than passing on a scan that covered nothing (70.830708ms)
  ✔ exits 0 stating what it scanned, against this repository (72.249667ms)
  ✔ classifies docs/evidence as archived rather than scanning it (33.189417ms)
  ✔ excludes only evidence artifacts that no workflow executes (31.946041ms)
  ✔ goes red on the archived artifact the moment the classification is removed (39.232125ms)
  ✔ finds no undeclared import anywhere in this repository (29.8245ms)
✔ undeclared import gate (834.152917ms)
ℹ tests 20
ℹ suites 1
ℹ pass 20
ℹ fail 0
ℹ cancelled 0
ℹ skipped 0
ℹ todo 0
ℹ duration_ms 926.264084
excluded 31 archived evidence files: docs/evidence/console/implementation/2026-09-14-account-lifecycle-execution/lc07/runtime-smoke.mjs, docs/evidence/console/implementation/2026-09-15-auth-transport/candidates/account-command-drain-test-candidate.mjs, docs/evidence/console/implementation/2026-09-15-auth-transport/candidates/account-issuer-closure-test-candidate.mjs, docs/evidence/console/implementation/2026-09-15-refresh-inventory/sources/40b1bfa6b705ee1f018e37922978583dc3e7536d/scripts/check-executed-tests-cfg.mjs, docs/evidence/console/implementation/2026-09-15-refresh-inventory/sources/40b1bfa6b705ee1f018e37922978583dc3e7536d/scripts/check-executed-tests.mjs, docs/evidence/console/implementation/2026-09-15-refresh-inventory/sources/40b1bfa6b705ee1f018e37922978583dc3e7536d/scripts/lib/executed-tests-baseline.mjs, docs/evidence/console/implementation/2026-09-15-refresh-inventory/sources/8efaf972bacdcb9484a9ca3ae6c01c13e8263bd3/scripts/check-executed-tests-cfg.mjs, docs/evidence/console/implementation/2026-09-15-refresh-inventory/sources/8efaf972bacdcb9484a9ca3ae6c01c13e8263bd3/scripts/check-executed-tests.mjs, docs/evidence/console/implementation/2026-09-15-refresh-inventory/sources/8efaf972bacdcb9484a9ca3ae6c01c13e8263bd3/scripts/lib/executed-tests-baseline.mjs, docs/evidence/console/preparation/2026-09-13-production-tdd/completion/browser-r3/playwright/acceptance.spec.cjs, docs/evidence/console/preparation/2026-09-13-production-tdd/completion/browser-r3/playwright/effective-submissions.cjs, docs/evidence/console/preparation/2026-09-13-production-tdd/completion/browser-r3/playwright/fixture.cjs, docs/evidence/console/preparation/2026-09-13-production-tdd/completion/browser-r3/playwright/hydration.spec.cjs, docs/evidence/console/preparation/2026-09-13-production-tdd/completion/browser-r3/playwright/oracle.spec.cjs, docs/evidence/console/preparation/2026-09-13-production-tdd/completion/browser-r3/playwright/playwright.config.cjs, docs/evidence/console/preparation/2026-09-13-production-tdd/completion/browser-r3/playwright/reflow.cjs, docs/evidence/console/preparation/2026-09-13-production-tdd/completion/browser-r4/playwright/acceptance.spec.cjs, docs/evidence/console/preparation/2026-09-13-production-tdd/completion/browser-r4/playwright/effective-submissions.cjs, docs/evidence/console/preparation/2026-09-13-production-tdd/completion/browser-r4/playwright/fixture.cjs, docs/evidence/console/preparation/2026-09-13-production-tdd/completion/browser-r4/playwright/hydration.spec.cjs, docs/evidence/console/preparation/2026-09-13-production-tdd/completion/browser-r4/playwright/oracle.spec.cjs, docs/evidence/console/preparation/2026-09-13-production-tdd/completion/browser-r4/playwright/playwright.config.cjs, docs/evidence/console/preparation/2026-09-13-production-tdd/completion/browser-r4/playwright/reflow.cjs, docs/evidence/console/preparation/2026-09-13-production-tdd/completion/browser-r4/playwright/wasm-observer.cjs, docs/evidence/console/preparation/2026-09-13-production-tdd/completion/browser/acceptance.spec.cjs, docs/evidence/console/preparation/2026-09-13-production-tdd/completion/browser/effective-submissions.cjs, docs/evidence/console/preparation/2026-09-13-production-tdd/completion/browser/oracle.spec.cjs, docs/evidence/console/preparation/2026-09-13-production-tdd/completion/browser/playwright.config.cjs, docs/evidence/console/preparation/2026-09-13-production-tdd/completion/browser/reflow.cjs, docs/evidence/console/wave4/L-F1/browser-window-host.mjs, docs/evidence/console/wave4/manifests/verify-new-rows.mjs
undeclared imports gate passed (176 files scanned)

── [fast] Request-body contract — spec fields must exist on the handler  (cwd: .)
npm notice run check:request-body-contract
npm notice run node --test scripts/check-request-body-contract.test.mjs scripts/check-openapi-refs.test.mjs scripts/check-prototype-chain-lookups.test.mjs && node scripts/check-request-body-contract.mjs && node scripts/check-openapi-refs.mjs && node scripts/check-prototype-chain-lookups.mjs
▶ openapi ref totality gate
  ✔ reports a flow-style foreign-URL $ref whole, prefix included (5.833209ms)
  ✔ reports a flow-style $ref that carries no pointer to find (0.612333ms)
  ✔ reports a quoted $ref with an internal space instead of truncating to a resolvable prefix (1.411791ms)
  ✔ reports a foreign prefix ending in flow delimiters legal inside a quoted scalar (0.716ms)
  ✔ resolves implicit discriminator.mapping schema names and reports the ghost (1.498917ms)
  ✔ reads refs identically across block, flow, quoted, folded and anchored spellings (1.115291ms)
  ✔ resolves nothing through the JS prototype chain (1.405959ms)
  ✔ reports a well-formed local schema ref whose target no fragment defines (0.712208ms)
  ✔ resolves refs into non-schema component sections and reports their absence (1.299333ms)
  ✔ rejects a nested JSON pointer by the same exact-shape rule, without enumerating it (1.607959ms)
  ✔ reports a $ref whose pointer YAML comment rules made null (1.067333ms)
  ✔ terminates on a self-referential alias instead of walking forever (0.6ms)
  ✔ exits 1 naming the floor when the document contains almost no refs (37.318708ms)
  ✔ exits 1 loudly when the document is not parseable YAML at all (37.945417ms)
  ✔ exits 0 against this repository, above both floors (145.792958ms)
✔ openapi ref totality gate (240.002709ms)
▶ prototype-chain lookup census
  ✔ classifies literal keys as out of class (0.688625ms)
  ✔ reports optional-computed and undefined-compare on untrusted keys (RED control) (44.111708ms)
  ✔ reports identifier in-operator and ignores for-in (33.7025ms)
  ✔ ignores literal optional keys and match?.[1] numerics (41.846834ms)
  ✔ passes when every finding is named in the residual register (44.534125ms)
  ✔ fails closed on stale residuals and on examined-zero (84.239542ms)
  ✔ fails closed when a listed subject path is missing on disk (unread ≠ scanned) (32.630584ms)
  ✔ CLI exits non-zero on unknown findings (77.881583ms)
  ✔ live repo subjects exceed the scanned floor (10.153375ms)
  ✔ live repo census is green against the committed residual register (84.676125ms)
✔ prototype-chain lookup census (455.3835ms)
▶ request body contract gate
  ✔ reports a spec property the struct's rename_all makes unreachable (7.969625ms)
  ✔ reports a required spec property that is not a field of the bound struct at all (2.022167ms)
  ✔ reports a handler-required field the spec does not list as required (1.679583ms)
  ✔ reports a handler-required field the spec makes optional when nothing renames it (1.808584ms)
  ✔ does not report the renamed-field mismatch twice, once from each side (1.522625ms)
  ✔ treats an Option field as optional rather than a missing required entry (1.804292ms)
  ✔ reads a raw-identifier field under the name serde publishes it as (2.5485ms)
  ✔ skips a struct without deny_unknown_fields instead of counting it as compared (2.5055ms)
  ✔ flags an anchor operation that stops resolving instead of silently comparing less (62.120916ms)
  ✔ resolves every anchor and stays above the floor against this repository (1448.651917ms)
  ✔ exits 1 naming the floor when the resolver finds nothing to compare (41.321458ms)
  ✔ exits 1 on the floor alone, with every anchor resolved and no findings (133.949834ms)
  ✔ exits 0 stating what it compared, against this repository (1420.742167ms)
  ✔ lets an explicit #[serde(rename)] override rename_all (4.659584ms)
  ✔ treats #[serde(default)] on a non-Option field as optional (1.506167ms)
  ✔ resolves and compares an inline requestBody schema, not only a $ref (1.193291ms)
  ✔ binds the struct in the handler's own file, not a same-named one in another crate (2.7835ms)
  ✔ refuses to guess between same-named structs instead of comparing an arbitrary one (4.4395ms)
  ✔ fails closed when a request struct exists only inside an unexpanded macro (1.144416ms)
✔ request body contract gate (3145.451208ms)
▶ own-property helper rejects Object.prototype keys
  ✔ own() and hasOwnKey() return nothing for every hostile key on an empty map (0.117875ms)
  ✔ own() still returns authored own properties (0.064625ms)
✔ own-property helper rejects Object.prototype keys (0.267917ms)
▶ request-body contract rejects prototype-chain schema resolution
  ✔ jsonRequestSchema resolves nothing through the JS prototype chain (0.138667ms)
  ✔ does not treat Object.prototype names as present in schema.properties (1.340958ms)
✔ request-body contract rejects prototype-chain schema resolution (1.618666ms)
▶ serde rename_all reproduction
  ✔ renames outcome the way serde does (0.146292ms)
  ✔ renames very_tasty the way serde does (0.032958ms)
  ✔ renames a the way serde does (0.019792ms)
  ✔ renames z42 the way serde does (0.018875ms)
✔ serde rename_all reproduction (0.293542ms)
▶ serde enum-variant reproduction
  ✔ uses serde's variant rules rather than its different field rules (0.084541ms)
✔ serde enum-variant reproduction (0.110542ms)
▶ request body enum-variant contract
  ✔ compares a qualified Option enum through a nullable oneOf $ref (2.21025ms)
  ✔ reports a variant the spec advertises but serde rejects (1.511458ms)
  ✔ reports a variant serde accepts but the spec omits (1.218208ms)
  ✔ does not let a top-level line comment hide the following Rust enum variant (2954.30225ms)
  ✔ does not let a char literal close an outer Rust enum body (2920.841292ms)
  ✔ does not let a byte-char literal close an outer Rust enum body (2847.698417ms)
  ✔ discovers no enum from an unexpanded macro_rules token tree at module scope (2849.295291ms)
  ✔ discovers no cfg-disabled enum nested in a function body (2925.587958ms)
  ✔ discovers no cfg-disabled enum nested in a const initializer block (2839.209333ms)
  ✔ discovers no cfg-disabled enum nested in an impl method body (2758.773708ms)
  ✔ discovers no enum from async, closure, trait, or static initializer bodies (1.68075ms)
  ✔ resolves an enum through its explicit inline-module path (1.427167ms)
  ✔ resolves a grouped import from an inline module without guessing another module (1.142917ms)
  ✔ resolves a qualified enum declared in a file-backed module (1.678542ms)
  ✔ follows a file-backed module's path attribute instead of its physical-name decoy (4.744542ms)
  ✔ uses Rust's relative path rules in file modules and inline modules (8.858ms)
  ✔ ignores path-shaped comments, strings, and unrelated attributes (1.482ms)
  ✔ propagates cfg uncertainty through a path-remapped file module (1.8655ms)
  ✔ propagates inner cfg_attr uncertainty from a path target with valid rustc configurations (230.96925ms)
  ✔ propagates inner cfg_attr after Rust file shebang and BOM preludes (841.497125ms)
  ✔ fails closed on misplaced, duplicate, or unsupported Rust file preludes (9.8925ms)
  ✔ propagates direct, conditional, duplicate, and conflicting inner cfg attributes (3.95125ms)
  ✔ keeps lint-only inner cfg_attr modules resolvable (1.405833ms)
  ✔ fails closed on malformed or unsupported inner module attributes (6.276625ms)
  ✔ fails closed on unknown, duplicate, conflicting, conditional, or malformed path mappings (8.237625ms)
  ✔ leaves missing, non-Rust, and ambiguous ordinary module targets unresolved (4.175958ms)
  ✔ resolves a qualified enum through an imported module alias (2.120334ms)
  ✔ does not resolve an unknown qualified path by bare-name fallback (1.552458ms)
  ✔ fails closed on a cfg-conditional module-scope enum (1.687583ms)
  ✔ propagates cfg uncertainty from an inline module to its enum (1.230375ms)
  ✔ fails closed when a field enum exists only inside an unexpanded macro (1.434834ms)
  ✔ keeps the outer enum boundary across every supported Rust lexical form (5.114125ms)
  ✔ does not discover enum items fabricated inside comments or literals (1.448209ms)
  ✔ fails closed on lexically invalid or unbalanced Rust item bodies (5.656042ms)
  ✔ keeps variants visible across line, doc, comma-bearing, and nested block comments (5.339375ms)
  ✔ treats comments as whitespace instead of fabricating joined variant names (2.367458ms)
  ✔ does not read comment syntax or commas inside discriminant literals as enum structure (1.220084ms)
  ✔ fails closed on syntax-bearing attributes even when their strings look like comments (1.6115ms)
  ✔ reports a serde enum when OpenAPI leaves the string unrestricted (2.063209ms)
  ✔ registers a String-backed spec enum instead of pretending to compare it (1.0905ms)
  ✔ registers tagged/data enums and unsupported variant attributes instead of guessing (2.608875ms)
  ✔ refuses an ambiguous bare enum name (1.634ms)
  ✔ normalizes placeholder names without normalizing literal path bytes (1.266375ms)
  ✔ fails closed when placeholder normalization makes two operations collide (1.561833ms)
  ✔ makes enum findings fatal in the CLI (41.780791ms)
  ✔ enforces the enum floor independently of body resolution (43.33225ms)
✔ request body enum-variant contract (21357.542917ms)
▶ undecidable register is exact and fail-closed
  ✔ rejects a missing, malformed, or duplicate register (4.475167ms)
  ✔ rejects unknown reasons, reason drift, stale entries, and equal-count substitution (3.373541ms)
  ✔ makes register drift fatal in the CLI (42.548375ms)
✔ undecidable register is exact and fail-closed (50.552166ms)
▶ live request body census
  ✔ binds the exact source-first body and enum populations to the reviewed register (1763.5805ms)
✔ live request body census (1763.647791ms)
ℹ tests 103
ℹ suites 10
ℹ pass 103
ℹ fail 0
ℹ cancelled 0
ℹ skipped 0
ℹ todo 0
ℹ duration_ms 27112.575959
request body contract gate passed (resolved 53, skipped 238)
request body census 291; enum candidates 22, resolved 7, skipped 15
openapi ref gate passed (5010 refs, 27 mapping entries, 0 findings)
prototype-chain lookup census passed (scanned 54, residuals 3, findings 3)

── [fast] Governed command-database DARK wiring regression  (cwd: .)
✔ database-backed CI and release probes reconcile, migrate, and serve with separate identities (2.058209ms)
✔ the dev boot path never aliases command URLs to DATABASE_URL (0.520583ms)
✔ append-only migration 0167 declares serving-role bounds and nonclaims (0.338333ms)
✔ topology reconciliation drains every serving role after changing defaults (0.236125ms)
✔ live Argo, base, prod, and secret wiring remain DARK-topology-free (38.20625ms)
✔ DARK overlays opt into the portable governed command-database component (0.377875ms)
✔ governed command-database component declares seven roles, topology readback, ordering, and bounded Job networking (1.234375ms)
✔ DARK OCI and self-host renders include the governed topology without changing live prod (332.295166ms)
✔ DARK operating contract locks whole-Application activation, credentials, rotation, and capacity (0.583084ms)
✔ DARK secrets component contains exactly three typed ExternalSecrets and live wiring does not reference it (0.450167ms)
ℹ tests 10
ℹ suites 0
ℹ pass 10
ℹ fail 0
ℹ cancelled 0
ℹ skipped 0
ℹ todo 0
ℹ duration_ms 427.13075

── [fast] Render manifests and NetworkPolicy enforcement preflight  (cwd: .)
npm notice run check:k8s
npm notice run npm run check:k8s:render && npm run check:k8s:networkpolicy
npm notice run check:k8s:render
npm notice run tmpdir="${RUNNER_TEMP:-/tmp}/console-rendered-k8s" && scripts/render-k8s-manifests.sh "$tmpdir"
render-k8s: wrote /tmp/console-rendered-k8s/console-prod.yaml and /tmp/console-rendered-k8s/argocd-apps.yaml
    1460 /tmp/console-rendered-k8s/console-prod.yaml
     583 /tmp/console-rendered-k8s/argocd-apps.yaml
    2043 total
npm notice run check:k8s:networkpolicy
npm notice run scripts/check-networkpolicy-enforcement.sh
PASS  render includes workload objects
PASS  render includes console-mox resources
PASS  app/worker egress to mox is explicitly allowed
PASS  mox ingress is restricted to app/worker and monitoring
PASS  mox egress is default-denied
PASS  mox can reach the internal app webhook only
PASS  app config points at the in-cluster mox webapi
PASS  webapi port is present for internal service traffic
PASS  IMAP port is present for internal service traffic
PASS  metrics port is present for observability
PASS  no NodePort services are rendered
PASS  no LoadBalancer services are rendered
PASS  public SMTP/MX port 25 is not enabled
PASS  public submission port 587 is not enabled
PASS  public IMAPS port 993 is not enabled
PASS  mox does not bind host ports

Static NetworkPolicy proof passed. To prove runtime enforcement on a cluster,
first confirm the CNI enforces NetworkPolicy (plain flannel does not), then run
operator-owned smoke pods with these labels:
  allowed:   app=console-app    -> http://console-mox.console.svc:1080/webapi/v0/
  denied:    app=console-deny   -> same URL must time out/fail
  webhook:   app=console-mox    -> http://console-app.console.svc:8080/readyz allowed
Keep public MX disabled until that live CNI smoke is recorded in the runbook.
networkpolicy-preflight: WARNING: could not read Kubernetes networking.k8s.io API resources; check kubeconfig, RBAC, and target cluster context
networkpolicy-preflight: CI/render validation continues, but this is NOT live NetworkPolicy enforcement proof.
networkpolicy-preflight: WARNING: cluster admin@talos-default-1 does not advertise networking.k8s.io NetworkPolicy resources
networkpolicy-preflight: CI/render validation continues, but this is NOT live NetworkPolicy enforcement proof.

── [fast] Production hardening contract  (cwd: .)
npm notice run check:production-hardening
npm notice run node scripts/check-production-hardening.mjs
Production hardening check passed (239 checks across 4 groups).
global:
- package script check:production-hardening: node scripts/check-production-hardening.mjs
- package script check:k8s: npm run check:k8s:render && npm run check:k8s:networkpolicy
- package script check:k8s:networkpolicy: scripts/check-networkpolicy-enforcement.sh
- PR 473 typed migration gate manifest: present
- PR 473 typed migration gate manifest: canonical JSON
- PR 473 typed migration gate manifest: exact schema keys
- PR 473 typed migration gate schema version: 1
- PR 473 typed migration gate pull request: 473
- PR 473 typed migration gate rollback floor: "f6ff236b9770c79301a3d07da6afb56be1e27bbf"
- PR 473 typed migration gate expand phase: "expand"
- PR 473 typed migration gate nondeploy: false
- PR 473 typed migration gate nonclaim: false
- PR 473 production-authority fields: all false
- PR 473 guarded tests: 11 unique tuples and names
- PR 473 guarded tests: exact expected 3 ontology and 8 leave tuples
- PR 473 gate document docs/release/PR-473-ONTOLOGY-EXPAND-CONTRACT.md: present
- PR 473 document directives form canonical block: docs/release/PR-473-ONTOLOGY-EXPAND-CONTRACT.md
- PR 473 document directive occurs once: docs/release/PR-473-ONTOLOGY-EXPAND-CONTRACT.md <!-- PR473-MIGRATION-GATE: release_phase=expand -->
- PR 473 document directive occurs once: docs/release/PR-473-ONTOLOGY-EXPAND-CONTRACT.md <!-- PR473-MIGRATION-GATE: deployment_authorized=false -->
- PR 473 document directive occurs once: docs/release/PR-473-ONTOLOGY-EXPAND-CONTRACT.md <!-- PR473-MIGRATION-GATE: command_only_claim_authorized=false -->
- PR 473 document directive occurs once: docs/release/PR-473-ONTOLOGY-EXPAND-CONTRACT.md <!-- PR473-MIGRATION-GATE: production_authority=production_cardinality,old_runtime_drain,rollback_floor_raise -->
- PR 473 gate document docs/release/PR-473-EMPLOYEE-IMPORT-EXPAND-CONTRACT.md: present
- PR 473 document directives form canonical block: docs/release/PR-473-EMPLOYEE-IMPORT-EXPAND-CONTRACT.md
- PR 473 document directive occurs once: docs/release/PR-473-EMPLOYEE-IMPORT-EXPAND-CONTRACT.md <!-- PR473-MIGRATION-GATE: release_phase=expand -->
- PR 473 document directive occurs once: docs/release/PR-473-EMPLOYEE-IMPORT-EXPAND-CONTRACT.md <!-- PR473-MIGRATION-GATE: deployment_authorized=false -->
- PR 473 document directive occurs once: docs/release/PR-473-EMPLOYEE-IMPORT-EXPAND-CONTRACT.md <!-- PR473-MIGRATION-GATE: command_only_claim_authorized=false -->
- PR 473 document directive occurs once: docs/release/PR-473-EMPLOYEE-IMPORT-EXPAND-CONTRACT.md <!-- PR473-MIGRATION-GATE: production_authority=production_cardinality,old_runtime_drain,rollback_floor_raise -->
- PR 473 package alias: exact wrapper command
- PR 473 unit-test package alias: exact test command
- PR 473 CI wrapper invocation: exactly one active command
- PR 473 CI wrapper runs after PostgreSQL role topology
- PR 473 backend topology step invokes the exact pinned reconcile and Apalis database provisioning commands
- PR 473 named CI wrapper step runs the exact command
- PR 473 CI wrapper runs from repository root
- CI workflow: present
- Security workflow: present
- image-release workflow: present
- production promotion authority verifier: present
- production promotion authorization record: present
- production cardinality evidence template: present
- production promotion contract: present
- production promotion authorization: canonical schema-v2 false record
- production promotion contract: mutable-main activation block is explicit
- production-hardening tests execute the production promotion authority suite
- production authority blocked evaluator: explicit-SHA CLI wiring present
- CI runs production-hardening contract as an active step
- Security workflow runs production-hardening contract as an active step
- image-release admission: completed CI wake-up, immutable release classifier, and exact CI/Security proof before publication
- image-release recovery: required exact-SHA first-attempt dev dispatch
- image-release production promotion: explicit required false-by-default boolean dispatch input
- image-release production promotion: manual dispatch on dev with explicit true input
- image-release production promotion: unprotected read-only authorization preflight
- image-release production promotion: mutation job bound to production environment
- image-release production promotion: exact-SHA authorization and consumption
- image-release production promotion: immutable-dev recheck precedes one push
- image-release production promotion: no rebase or retry path
- production promotion verifier: immutable typed authorization state machine
- image-release production promotion: exact independent Team reviewer contract
- image-release release-probe: job-level contents read permission
- image-release release-probe: pinned credential-free checkout precedes local topology script use
- image-release release-probe: post-migration canonical-enforce
- image-release portable gate: active Trivy image scan fails HIGH/CRITICAL
- image-release portable gate: active cosign signing
- image-release portable gate: cosign installer pinned to upstream sigstore commit
- image-release portable gate: provenance attestation pinned to upstream commit
- image-release portable gate: active provenance attestation
- image-release portable gate: active bump-prod-digests
- security workflow portable gate: active Trivy filesystem vuln/secret scan
- security workflow portable gate: active Trivy config scan
- security workflow portable gate: active cargo audit
- security workflow portable gate: active cargo deny
- security workflow portable gate: active npm audit
- security workflow portable gate: unfiltered production npm audit
- security workflow portable gate: fail-closed dev/codegen npm exceptions
- security workflow portable gate: scoped Trivy exceptions
- security workflow portable gate: canonical Trivy exception projection
- wrapper-argv0 gate: expected executed-test-source inventory present
- wrapper-argv0 gate: .github/workflows/ci.yml runs test/check binaries directly (384 expected executed sources)
- wrapper-argv0 gate: .github/workflows/security.yml runs test/check binaries directly (384 expected executed sources)
- wrapper-argv0 gate: .github/workflows/image-release.yml runs test/check binaries directly (384 expected executed sources)
- CI runs Kubernetes render/NetworkPolicy preflight contract
- NetworkPolicy preflight has warning/required modes
- NetworkPolicy preflight distinguishes manifest render from CNI enforcement
- CI gates document required NetworkPolicy enforcement preflight
- deployment checklist requires live NetworkPolicy enforcement preflight
- release-please PR/token path documented
- maintenance runtime ConfigMap: present
- console-app workload manifest: present
- console-worker workload manifest: present
- SMTP production credential refs: console-app, console-worker
- prod overlay kustomization: present
- prod overlay digest pins: 1 (console-app)
- prod overlay has no mutable newTag values
- deploy/argocd/root.yaml: present
- deploy/argocd/root.yaml tracks main
- deploy/argocd/apps/console.yaml: present
- deploy/argocd/apps/console.yaml tracks main
- deploy automation script: present
- deploy automation rollouts covered: console-app
- deploy automation kubectl prerequisite: fail-closed
- deploy automation rollout skip path absent
- deploy automation digest-bump-only mode: truthful non-verification
- deploy automation production authorization precedes mutation and is consumed
- deploy automation immutable-dev recheck precedes push
- deploy automation remote and Argo revisions are rechecked around refresh
- deploy automation has no rebase or retry path
- deploy automation Argo hard refresh: active
- deploy automation rollout status commands: 1
- deploy automation rollout failures are not swallowed
- deploy automation final success follows rollout and endpoint checks
- admission-audit component: present
- admission-audit runbook: present
- admission audit policy: kind: ClusterImagePolicy
- admission audit policy: mode: warn
- admission audit policy: ghcr.io/jason931225/console-app
- admission audit policy: https://token.actions.githubusercontent.com
- admission audit policy: image-release\.yml@refs/(heads/dev|tags/v[0-9].*)
- admission audit policy: https://fulcio.sigstore.dev
- admission audit policy: https://rekor.sigstore.dev
- backend request envelope: TimeoutLayer::with_status_code
- backend request envelope: DefaultBodyLimit::max(MAX_REQUEST_BODY_BYTES)
- backend request envelope: http_trace_layer()
- backend request envelope: with_metrics(router, &state)
- backend request envelope: http_route = %cardinality_safe_http_route(request)
- backend request envelope: router_layer_tests
- backend request envelope: default_request_timeout_is_thirty_seconds
- OpenSLO availability objective: present
- OpenSLO latency objective: present
- Prometheus ServiceMonitor: present
- PrometheusRule SLO alerts: present
- monitoring portable contract: /metrics
- monitoring portable contract: ConsoleApiAvailabilityBurn
- monitoring portable contract: ConsoleApiLatencyP99High
- monitoring portable contract: Prometheus Operator
- mox dark stack: kind: StatefulSet
- mox dark stack: name: console-mox
- mox dark stack: r.xmox.nl/mox@sha256
- mox dark stack: WebAPIHTTP
- mox dark stack: MetricsHTTP
- mox dark stack: volumeClaimTemplates
- mox app wiring: CONSOLE_MAIL_MOX_BASE_URL
- mox app wiring: http://console-mox.console.svc:1080
- mox network policy: allow-app-egress-mox
- mox network policy: allow-mox-ingress-internal
- mox network policy: default-deny-egress-mox
- mox network policy: allow-mox-egress-app-webhook
- mox observability: name: console-mox
- mox observability: port: metrics
- mox observability: ConsoleMoxDown
- mox observability: ConsoleMoxWebhookFailures
- mox observability: ConsoleMoxQueueBacklog
- mox observability: ConsoleMoxPvcSaturation
- mox dark stack excludes NodePort
- mox dark stack excludes LoadBalancer
- mox dark stack excludes port: 25
- mox dark stack excludes AdminHTTP
- mox dark stack excludes Submission:
- mox dark stack excludes Submissions:
action-pins:
- action pins: 10 workflow files enumerated from .github/workflows
- action pins: 84 remote action references SHA-pinned across 10 workflow files (11 local composite references exempt)
oci-guest:
- oci-guest CNPG base instances: 1
- oci-guest CNPG base storage: default/local-path-compatible (no pinned storageClass)
- oci-guest CNPG checksum workaround: retained for OCI Object Storage
- oci-guest prod overlay: inherits maintenance base
- oci-guest prod overlay: does not opt into on-prem HA storage patch
- oci-guest prod overlay CNPG shape: does not patch instances or storageClass
- oci-guest runbook: present
- oci-guest runbook identity: explicit
- oci-guest secret recovery source: OCI Vault documented
- oci-guest topology: A1 single-node substrate documented
- oci-guest topology: one schedulable control-plane documented
- oci-guest topology: reserved IP documented
- oci-guest free-tier guardrail: no accidental second A1
- oci-guest secrets runbook: present
- oci-guest secrets source: OCI Vault/manual bootstrap documented
- oci-guest secrets upgrade path: External Secrets or Sealed Secrets documented
- oci-guest secrets runbook: mail KEK remains documented
- oci-guest database/ObjectStore manifest: present
- oci-guest CNPG backup object: ObjectStore present
- oci-guest CNPG backup bucket: s3://mnt-db-backups/
- oci-guest CNPG backup endpoint: https://axdotp9iv3ua.compat.objectstorage.ap-chuncheon-1.oraclecloud.com
- oci-guest CNPG backup credential/schedule: oci-objectstore-creds
- oci-guest CNPG backup credential/schedule: ACCESS_KEY_ID
- oci-guest CNPG backup credential/schedule: ACCESS_SECRET_KEY
- oci-guest CNPG backup credential/schedule: kind: ScheduledBackup
- oci-guest CNPG backup retention posture: explicit
- oci-guest OCI-specific Barman checksum workaround: labeled and scoped
- oci-guest enterprise readiness note: present
- oci-guest HA honesty: single-node posture documented
- oci-guest HA honesty: restore-not-failover documented
- oci-guest image-release workflow: present
- oci-guest image platform: current arm64 target explicit
- oci-guest image platform: arm64 rationale scoped to OCI/A1
- oci-guest DR policy: present
- oci-guest DR policy: RPO: <= 5 minutes
- oci-guest DR policy: RTO: <= 1 hour
- oci-guest DR policy: pitr_drill_complete=ok
on-prem-ha:
- on-prem-ha CNPG overlay path: patches the base cluster
- on-prem-ha CNPG overlay target: Cluster/console-db
- on-prem-ha CNPG object-store endpoint: http://console-object-store-s3.console-object-store.svc.cluster.local:8333
- on-prem-ha CNPG checksum behavior: removes inherited OCI-only AWS checksum env overrides
- on-prem-ha CNPG env removal scope: base env contains only OCI checksum overrides
- on-prem-ha CNPG HA instances: 3
- on-prem-ha CNPG HA storageClass: console-pg-hot
- on-prem-ha CNPG HA synchronous replication/failover posture: present
- on-prem-ha CNPG HA scheduling spread: hostname anti-affinity/topology spread present
- on-prem-ha storage contract: StorageClass/console-pg-hot
- on-prem-ha storage provisioner: driver.longhorn.io
- on-prem-ha storage replicas: 3
- on-prem-ha storage reclaim policy: Retain
- on-prem-ha storage binding mode: WaitForFirstConsumer
- on-prem-ha runbook: present
- on-prem-ha runbook identity: explicit ADR-0024
- on-prem-ha secret root: OpenBao documented
- on-prem-ha secret projection: External Secrets documented
- on-prem-ha secret operations: unseal/audit/backup expectations documented
- on-prem-ha secret handling: no committed/pasted unseal or root material
- on-prem-ha object store: accepted self-hosted S3 reference documented
- on-prem-ha object store: CNPG Barman endpoint requirements documented
- on-prem-ha object store: credentials/buckets/TLS from portable secret path documented
- on-prem-ha object store: independent retention/replication failure domain documented
- on-prem-ha object store: OCI checksum workaround not blindly copied
- on-prem-ha topology: three control-plane/etcd members required
- on-prem-ha topology: worker/storage failure domains required
- on-prem-ha topology: stable API endpoint/VIP required
- on-prem-ha topology: site NTP and real fabric MTU required
- on-prem-ha topology: no OCI IP/hostPort assumptions
- on-prem-ha DARK boundary: no live Argo cutover without operator activation
- on-prem-ha image platform: multi-arch/x86 readiness decision documented
- on-prem-ha enterprise readiness note: present
- on-prem-ha readiness: three Talos control-plane nodes documented
- on-prem-ha readiness: replicated storage and CNPG instances: 3 documented
- on-prem-ha readiness: DARK artifacts are not live HA evidence
- on-prem-ha storage runbook: present
- on-prem-ha storage runbook: not synced into current OCI guest
- on-prem-ha storage runbook: three storage failure domains before activation
- on-prem-ha observability runbook: present
- on-prem-ha observability: self-hosted telemetry stack staged
- on-prem-ha observability: preserves portable /metrics and monitoring contract

── [fast] Production hardening regression tests  (cwd: .)
npm notice run test:production-hardening
npm notice run npm run test:pr473-migration-operational && python3 scripts/check-production-promotion-authority.test.py && node --test scripts/check-production-authority-blocked.test.mjs scripts/check-production-hardening.test.mjs scripts/check-image-release-workflow.test.mjs scripts/account-custody-orchestration.test.mjs scripts/auth-launch-callers.test.mjs scripts/lib/dev-account-custody.test.mjs
npm notice run test:pr473-migration-operational
npm notice run python3 scripts/check-pr473-migration-operational.test.py
...................
----------------------------------------------------------------------
Ran 19 tests in 0.011s

OK
................
----------------------------------------------------------------------
Ran 16 tests in 16.808s

OK
✔ Compose gates both serving roles on finalization and confines admin transport (5.123208ms)
✔ cmdUp devAuth=false: migration then finalization precedes seed and launch (1.269416ms)
✔ cmdUp devAuth=false: finalizer failure prevents seed and launch (1.18975ms)
✔ cmdBootstrap devAuth=false: migration then finalization precedes seed and launch (0.996458ms)
✔ cmdBootstrap devAuth=true: migration then finalization precedes seed and launch (0.701917ms)
✔ cmdBootstrap devAuth=false: finalizer failure prevents seed and launch (0.855959ms)
✔ cmdBootstrap devAuth=true: finalizer failure prevents seed and launch (1.234458ms)
✔ dev-up actual finalizer adapter propagates nonzero compose result (0.942417ms)
✔ Argo includes ordered separate operator job without app secret or API token (2.9355ms)
✔ image smoke declares a gating finalizer between actual migration and application boot (3.140083ms)
✔ LC07 machinery: nominal controls accept unrelated fixed image path and unpublished local image (1.817291ms)
✔ LC07 machinery: Compose rejects sleep-only finalizer (0.677416ms)
✔ LC07 machinery: Compose rejects replacement entrypoint (0.631583ms)
✔ LC07 machinery: Compose rejects missing independent inventory (0.177167ms)
✔ LC07 machinery: Compose rejects DSN-derived expected OID override (0.118083ms)
✔ LC07 machinery: Compose rejects missing CA (0.072791ms)
✔ LC07 machinery: Compose rejects writable password mount (0.059542ms)
✔ LC07 machinery: Compose rejects password environment exposure (0.078791ms)
✔ LC07 machinery: Compose rejects serving env_file imports unknown secrets (0.059375ms)
✔ LC07 machinery: Compose rejects admin volume renamed in application (0.240292ms)
✔ LC07 machinery: Compose rejects admin secret reference (0.223209ms)
✔ LC07 machinery: Argo rejects unrelated image (0.085583ms)
✔ LC07 machinery: Argo rejects sleep command (0.083459ms)
✔ LC07 machinery: Argo rejects unrelated secret instead of target descriptor (0.056375ms)
✔ LC07 machinery: Argo rejects literal target OID (0.06225ms)
✔ LC07 machinery: Argo rejects optional target inventory (0.058666ms)
✔ LC07 machinery: Argo rejects target-readback init container (0.172875ms)
✔ LC07 machinery: Argo rejects serving secret reused (0.085667ms)
✔ LC07 machinery: Argo rejects unverified TLS override (0.257042ms)
✔ LC07 machinery: smoke rejects echo-only false finalization (1.932708ms)
✔ LC07 machinery: smoke rejects trailing caller command (0.102833ms)
✔ LC07 machinery: smoke rejects wrong database override (0.084875ms)
✔ LC07 machinery: smoke rejects missing inventory mount (0.07325ms)
✔ LC07 machinery: smoke rejects ignored failure (0.048041ms)
✔ LC07 machinery: smoke rejects recomputed target descriptor (0.071542ms)
✔ LC07 machinery: smoke rejects entrypoint replacement (0.065583ms)
✔ LC07 machinery: smoke rejects literal single-quoted image variable (0.052542ms)
✔ LC07 machinery: smoke rejects unquoted output redirection (0.064542ms)
✔ LC07 machinery: smoke rejects unquoted input redirection (0.043041ms)
✔ LC07 machinery: packaging rejects omitted observer or checksum, mutable base and mismatched wrapper path (0.278625ms)
✔ LC07 machinery: wrong Compose subcommand, selected stack and caller override fail (0.116208ms)
✔ dev-up actual finalizer adapter returns on successful run (0.659209ms)
✔ dev-up actual finalizer adapter rejects spawn failure (0.912542ms)
✔ LC07 machinery: Kubernetes serving secret alias via projected volume is rejected (0.174709ms)
✔ LC07 machinery: smoke rejects missing private temp (0.109541ms)
✔ LC07 machinery: smoke rejects unbounded temp (0.072834ms)
✔ LC07 machinery: smoke rejects executable temp (0.0565ms)
✔ LC07 machinery: smoke rejects wrong temp path (0.045125ms)
✔ dev-up actual buildAppEnv api confines ambient operator environment (0.85925ms)
✔ dev-up actual buildAppEnv worker confines ambient operator environment (0.452667ms)
✔ dev-up actual buildAppEnv migrate confines ambient operator environment (0.409208ms)
✔ actual dev credential definitions reuse canonical override and distinct local fallback (1.784083ms)
✔ actual dev URL helpers preserve reserved credentials for owner runtime and narrow roles (1.695458ms)
✔ actual shared dev URL helper preserves a database name with reserved characters (0.960959ms)
✔ actual dev api receives only its required auth transport and no inherited password (1.080125ms)
✔ actual dev worker receives only its required auth transport and no inherited password (0.946541ms)
✔ actual dev migrate receives only its required auth transport and no inherited password (0.613167ms)
✔ actual dev bringUpDeps passes same auth credential and container target to Compose model (0.95925ms)
✔ actual dev reconcileDatabaseTopology passes same auth credential and container target to Compose model (1.045292ms)
✔ actual dev finalizeDatabaseCustody passes same auth credential and container target to Compose model (0.897333ms)
✔ actual dev cmdDown passes same auth credential and container target to Compose model (1.416583ms)
✔ actual Compose render binds explicit AUTH URL only to API and raw credential only to topology (421.504667ms)
✔ CI actual boot step provisions and delivers the same distinct auth credential (source guard) (5.131083ms)
✔ image release actual provisioning and boot preserve one auth credential (source guard) (2.479167ms)
✔ workflow guard positive controls reject omitted delivery wrong-role reuse and regenerated auth (1.387958ms)
✔ actual dev api selects local explicitly and preserves supplied policy without fallback (4.723958ms)
✔ actual dev worker selects local explicitly and preserves supplied policy without fallback (2.770916ms)
✔ actual dev migrate selects local explicitly and preserves supplied policy without fallback (3.495958ms)
✔ actual dev bringUpDeps supplies policy and complete local Compose interpolation inputs (3.474042ms)
✔ actual dev reconcileDatabaseTopology supplies policy and complete local Compose interpolation inputs (3.127958ms)
✔ actual dev finalizeDatabaseCustody supplies policy and complete local Compose interpolation inputs (2.787209ms)
✔ actual dev runSeed supplies policy and complete local Compose interpolation inputs (2.645458ms)
✔ actual dev cmdDown supplies policy and complete local Compose interpolation inputs (2.775417ms)
✔ .github/workflows/ci.yml scopes explicit local policy to its actual synthetic API boot (source guard) (2.205416ms)
✔ .github/workflows/image-release.yml scopes explicit local policy to its actual synthetic API boot (source guard) (0.857084ms)
▶ Image Release protected workflow shape
  ✔ keeps admission read-only and gates every privileged publication stage (1.657ms)
  ✔ does not alter either protected production-promotion job (6.464166ms)
  ✔ keeps cache deletion on its independent schedule or manual trigger (5.382333ms)
  ✔ installs locked dependencies before the dependency-backed hardening suite (0.112167ms)
✔ Image Release protected workflow shape (14.235458ms)
▶ Image Release live admission shell
  ✔ admits one immutable exact-SHA release with exact CI and Security (3091.673708ms)
  ✔ admits the exact pinned-transport squash identity (2970.606708ms)
  ✔ classifies an unchanged manifest as an ordinary green no-op (664.507084ms)
  ✔ cleanly ignores an automatic stale candidate (431.216667ms)
  ✔ fails red when current-main readback is unavailable during polling (1050.9905ms)
  ✔ fails red instead of treating malformed main refs as stale (897.231042ms)
  ✔ fails closed on a mutable, draft, or prerelease source release (3423.880334ms)
  ✔ rejects every exact-release snapshot disagreement (9056.319ms)
  ✔ rejects every release-commit authority disagreement (15502.830375ms)
  ✔ rejects every pinned-transport author disagreement (3754.781083ms)
  ✔ requires native proof and an exact same-tree protected release head (1703.434625ms)
  ✔ rejects every merged release-PR provenance disagreement (18996.557875ms)
  ✔ rejects mixed release-PR creator and squash-author classes (1525.664625ms)
  ✔ rejects every protected release-head disagreement (15455.213458ms)
  ✔ rejects every protected Release Please run disagreement (10324.114ms)
  ✔ rejects every native Release Please proof-job disagreement (17543.299333ms)
  ✔ rejects release PR, protected head, or proof-run movement on final readback (8171.712667ms)
  ✔ fails closed when exact Security is terminally red (1567.282625ms)
  ✔ fails closed when a workflow attempt advances during its jobs read (1725.785166ms)
  ✔ fails closed if the immutable tag moves during the final readback (1962.160667ms)
  ✔ polls bounded pending Security evidence and then admits it (3552.786ms)
  ✔ outlasts the former twelve-poll bound while remaining finite (19157.377084ms)
  ✔ polls a not-yet-visible release only for an explicit 404 (4506.768542ms)
  ✔ uses the same immutable release, CI, and Security proof for manual recovery (2591.279875ms)
  ✔ turns a terminally failed source CI wake-up into a green no-op (344.151083ms)
  ✔ turns a successful source CI rerun wake-up into a green no-op (335.7775ms)
  ✔ rejects malformed release intent and protected-workflow identity (5705.177ms)
  ✔ rejects every generic CI and Security run-identity disagreement (23318.476875ms)
  ✔ rejects missing, duplicate, or red CI and Security aggregate jobs (18486.271167ms)
  ✔ rejects a shell-normalizable workflow run count before extraction (1541.959041ms)
  ✔ rejects Image Release reruns before any API read (6.6015ms)
✔ Image Release live admission shell (199367.215042ms)
▶ production authority blocked observation CLI
  ✔ rejects bad argument forms with stable empty stdout (259.174292ms)
  ✔ evaluates from the canonical repository root when the executable path uses a filesystem alias (221.221167ms)
  ✔ rejects every non-exact SHA form before touching Git (424.730292ms)
  ✔ suppresses raw Git diagnostics and candidate object values on unavailable objects (314.422416ms)
  ✔ rejects valid blob, tree, and tag objects after the one type query (275.665792ms)
  ✔ emits the exact compact blocked observation from the committed blobs (206.428667ms)
  ✔ fails closed on escaped-equivalent duplicate JSON keys and a failed observation (402.7245ms)
  ✔ keeps committed evaluation deterministic across cwd, locale, dirty and deleted working trees (899.942167ms)
  ✔ uses exactly one object query and five fixed-order blob reads from the evaluator repository root (196.850458ms)
  ✔ attempts every fixed blob read before reporting a missing input (492.496ms)
  ✔ enforces JSON stage precedence and exact nested schema/value observations (1645.389708ms)
  ✔ rejects consumed YAML ambiguity and nonmatching required wildcard shapes (1478.476208ms)
  ✔ rejects compact project item continuation members that do not align with the first key (245.159917ms)
  ✔ ignores unconsumed comments, flow values, anchors, aliases, and duplicate keys (234.0985ms)
  ✔ gives recursive unknown keys global precedence over missing cardinality keys (239.960542ms)
  ✔ rejects consumed metadata aliases and accepts reordered, consistently-indented project maps (460.449541ms)
  ✔ accepts the actual committed HEAD blobs rather than only minimal fixtures (121.225833ms)
  ✔ keeps all consumed YAML ambiguity ahead of every observation nonmatch (1235.9835ms)
  ✔ treats project list placement and cardinality as nonmatches while rejecting block scalars (963.485125ms)
  ✔ reports fatal UTF-8 JSON as JSON malformed (238.101541ms)
  ✔ keeps own-key JSON unknown precedence for inherited-looking names (728.354458ms)
  ✔ handles deeply nested valid unknown JSON without leaking an internal error (229.2825ms)
  ✔ accepts only column-zero document markers in their permitted positions (1463.529667ms)
  ✔ rejects direct route merge keys but permits nested opaque special syntax (1418.72475ms)
  ✔ evaluates the fixed object and blob topology without any extra Git operation (91.993ms)
  ✔ rejects unknown, missing, type-wrong, decoded-duplicate, and wrong settled JSON values at every semantic path (94.40375ms)
  ✔ preserves JSON precedence across both documents and later YAML inputs (87.717667ms)
  ✔ binds formatting-only commit changes to raw Git blob digests while retaining the fixed observation (414.908333ms)
  ✔ covers every compact AppProject list cardinality and continuation-column contract (103.539333ms)
  ✔ rejects consumed Application route aliases, tags, flow values, duplicate keys, and invalid map indentation (86.124125ms)
  ✔ classifies every root and console targetRevision route mutation (84.689041ms)
  ✔ classifies group and kind mutations in both AppProject wildcard lists (89.681875ms)
  ✔ rejects empty consumed AppProject list scalar members as YAML ambiguity (85.114833ms)
✔ production authority blocked observation CLI (15535.9535ms)
▶ Account custody deployment
  ✔ executes orchestration and local provisioning security controls (39.318959ms)
✔ Account custody deployment (39.8715ms)
▶ production authority blocked observation static integration
  ✔ requires the explicit-SHA evaluator package wiring and focused hardening suite inclusion (0.366292ms)
✔ production authority blocked observation static integration (0.452833ms)
▶ post-pivot production operation HOLD
  ✔ hard-fails every retained backup/restore entrypoint before substantive setup (0.391334ms)
  ✔ the shared guard has no success path on this candidate (19.448417ms)
✔ post-pivot production operation HOLD (19.977083ms)
▶ production hardening SMTP deployment config
  ✔ rejects production-like SMTP non-secret fields without explicit required credential refs (1.08675ms)
  ✔ accepts complete SMTP config with required secret-backed credentials (1.02925ms)
  ✔ does not block explicit dev/e2e stub configs that omit SMTP relay fields (0.3975ms)
  ✔ rejects no-relay production-like configs without explicit stub mode (0.091208ms)
✔ production hardening SMTP deployment config (3.080125ms)
▶ production hardening CNPG context checks
  ✔ accepts the oci-guest single-instance base and the on-prem HA overlay (0.973042ms)
  ✔ rejects an HA overlay with fewer than three CNPG instances (0.346084ms)
  ✔ rejects an HA overlay that points CNPG at local-path storage (0.107083ms)
  ✔ rejects an on-prem overlay that inherits the OCI-only checksum workaround (0.072333ms)
  ✔ rejects removing /spec/env when the base env contains non-checksum entries (0.097ms)
  ✔ rejects an oci-guest prod overlay that patches the CNPG instance shape (0.072083ms)
  ✔ keeps the oci-guest/base CNPG posture single-instance (0.051584ms)
✔ production hardening CNPG context checks (1.825917ms)
▶ production hardening on-prem authority identity
  ✔ rejects an on-prem runbook that does not explicitly identify ADR-0024 (0.996875ms)
✔ production hardening on-prem authority identity (1.056083ms)
▶ production hardening global image checks
  ✔ accepts immutable digest pins without mutable tags (0.215167ms)
  ✔ rejects missing digest pins and mutable image tags (0.059167ms)
  ✔ rejects digest pins and mutable tags that appear only in comments (0.480125ms)
✔ production hardening global image checks (0.806417ms)
▶ production hardening PR 473 typed operational gate
  ✔ accepts the canonical typed manifest, directives, alias, and ordered CI wrapper (1.403125ms)
  ✔ rejects malformed and nondeploy-mutated manifests (0.436292ms)
  ✔ rejects duplicate and substituted guarded test tuples (0.651125ms)
  ✔ rejects missing and duplicated canonical document directives (0.961166ms)
  ✔ rejects a commented-out or duplicated workflow invocation (1.163292ms)
  ✔ rejects a wrapper step before topology and an inexact package alias (0.25575ms)
  ✔ binds the exact topology command and wrapper ordering to the rehearsal job (0.436792ms)
  ✔ rejects shell-control topology command bypasses (0.335084ms)
  ✔ rejects an inexact Apalis contract database name (0.438209ms)
  ✔ rejects an Apalis contract database not owned by console_app (0.330667ms)
  ✔ rejects an unpinned PostgreSQL image for Apalis provisioning (0.178958ms)
  ✔ requires all three exact Apalis database URL exports (0.385125ms)
  ✔ requires both generated Apalis role passwords to be masked (0.268583ms)
✔ production hardening PR 473 typed operational gate (7.476916ms)
▶ production hardening wrapper-argv0 gate
  ✔ refuses source/./timeout argv0 wrappers around the cargo-audit binary (c236 residual) (65.8875ms)
  ✔ keeps intact workflows green and ignores the legit reindeer `source` setup (18.43075ms)
  ✔ scans literal block-scalar indicators for wrapped executors (36.25275ms)
  ✔ folds run: > bodies before classifying the wrapper (15.819667ms)
  ✔ classifies wrappers behind shell control-flow prefixes (46.692ms)
  ✔ parses the `--` option terminator before classifying the sourced target (33.142833ms)
  ✔ scans the image-release workflow for wrapped executors (16.5065ms)
  ✔ fails closed on a malformed executed-test-source inventory (44.986375ms)
  ✔ refuses a protected executor in a non-gating step (18.220084ms)
  ✔ refuses a shell override on a protected executor (17.807959ms)
  ✔ fails closed on an unparseable run command surface (20.073167ms)
  ✔ strips YAML comments before classifying the block-scalar indicator (19.692917ms)
  ✔ reads workflow defaults.run.shell when accepting protected executors (19.822083ms)
  ✔ rejects a protected executor whose exit status is masked (15.814125ms)
  ✔ parses YAML indentation indicators in block scalars (23.002583ms)
  ✔ fails closed on a wrapper whose target cannot be classified (17.179041ms)
  ✔ scans a workflow whose jobs key carries a YAML comment (16.126333ms)
  ✔ inspects protected executors masked inside a nested shell -c command (19.892916ms)
  ✔ gates the node audit-policy evaluator exit status (17.267917ms)
  ✔ classifies a wrapper behind the builtin prefix (19.584792ms)
  ✔ detects a multiline conditional masking a must-gate executor (20.557292ms)
  ✔ detects a must-gate executor masked inside a shell function (29.239792ms)
  ✔ does not prune commands after a conditional exit (19.56425ms)
  ✔ does not classify here-document data as commands (18.715709ms)
  ✔ accepts a quoted shell: bash scalar (17.791959ms)
  ✔ unquotes an inline run scalar before classifying it (17.331959ms)
  ✔ recognizes a combined shell invocation flag with -c (19.872375ms)
  ✔ ignores set options on unexecuted conditional branches (23.640208ms)
  ✔ classifies env -S split-string transparently (24.839875ms)
  ✔ decodes YAML escape sequences in a double-quoted run scalar (16.695208ms)
  ✔ classifies the command operand after command -p (20.720083ms)
✔ production hardening wrapper-argv0 gate (732.234041ms)
▶ production hardening workflow gates
  ✔ rejects missing blocked-observation evaluator wiring, alias, and focused suite (33.675709ms)
  ✔ accepts active CI, security, and image-release workflow gates (10.646291ms)
  ✔ pins the finite image-release admission convergence budget (10.01975ms)
  ✔ binds the documented GitHub environment Team response shape exactly (19.394708ms)
  ✔ rejects removing the canonical Python promotion suite (10.0685ms)
  ✔ rejects a non-false production authorization or missing unprotected preflight (32.786334ms)
  ✔ rejects missing one-shot reset, immutable verifier inputs, or rebase behavior (32.654042ms)
  ✔ rejects recovery without an exact required candidate SHA (12.296125ms)
  ✔ rejects production digest promotion without an explicit required false-by-default dispatch input (12.380208ms)
  ✔ rejects production digest promotion on push or outside dev (14.804834ms)
  ✔ rejects production digest promotion without the production environment (10.751ms)
  ✔ rejects production promotion without exact independent Team reviewer enforcement (118.387583ms)
  ✔ rejects workflow reruns in both preflight and protected promotion jobs (13.634167ms)
  ✔ rejects release-probe checkout without explicit job-level contents read (10.87475ms)
  ✔ rejects a mutable release-probe checkout reference (17.468333ms)
  ✔ rejects release-probe topology use before checkout (12.895875ms)
  ✔ rejects release-probe without post-migration canonical-enforce (12.372625ms)
  ✔ rejects release-probe canonical-enforce sequenced after boot (11.515666ms)
  ✔ rejects persisted release-probe checkout credentials (10.715209ms)
  ✔ does not let the following preflight job satisfy release-probe checks (13.165625ms)
  ✔ rejects workflow gates that only appear in comments or unused literals (1.135209ms)
✔ production hardening workflow gates (422.601416ms)
▶ production hardening deploy automation checks
  ✔ accepts a deploy path that actively gates on kubectl, Argo refresh, both rollouts, and endpoints (1.225125ms)
  ✔ rejects deploy scripts that skip rollout verification but keep claiming success (0.16925ms)
  ✔ rejects digest-bump-only modes that claim verified rollout (0.10025ms)
  ✔ rejects deploy scripts that swallow rollout status failures (0.042209ms)
  ✔ rejects removing one-shot, remote, or Argo revision guards from deploy automation (1.080083ms)
✔ production hardening deploy automation checks (2.700083ms)
▶ deploy.sh rollout verification fail-closed behavior
  ✔ fails instead of claiming deployment success when kubectl is missing (12.197541ms)
  ✔ fails instead of claiming deployment success when the cluster is unavailable (297.639375ms)
  ✔ exits successfully in explicit digest-bump-only modes without claiming verified rollout (551.477916ms)
  ✔ never reaches Argo refresh when main advances on the digest-no-op pre-refresh path (414.478542ms)
✔ deploy.sh rollout verification fail-closed behavior (1275.92925ms)
▶ recovery evidence oracle
  ✔ executes the independent restore-verification controls (389.985959ms)
✔ recovery evidence oracle (390.044583ms)
✔ fresh provisioning uses bounded runtime and private files; retained inventory is immutable (8.936458ms)
✔ second invocation reuses certificate and password without rewriting retained inventory (3.741708ms)
✔ partial externally supplied transport fails before provisioning (1.166666ms)
✔ timeout refuses publication of local operator paths (2.033708ms)
✔ invalid password "" rejected (0.804417ms)
✔ invalid password "line\nbreak" rejected (0.761791ms)
✔ invalid password "carriage\rreturn" rejected (1.182208ms)
✔ custody directory symlink is refused without modifying unrelated target (1.545959ms)
✔ empty descriptor symlink is refused without writing unrelated target (1.503875ms)
✔ group-readable retained password refused rather than silently reused (2.668083ms)
✔ partial existing certificate pair is refused rather than overwriting retained identity (3.435792ms)
✔ corrupt retained certificate refuses reuse (3.349625ms)
✔ retained password mismatch refuses credential rotation without overwrite (2.846041ms)
✔ malformed inventory capture never replaces previously frozen descriptor (2.478167ms)
✔ expired certificate fails without silent renewal (1.671917ms)
✔ different private key cannot reuse retained certificate (60.399083ms)
✔ lost create response still performs owner-scoped removal and absence inspection (2.062833ms)
✔ lost removal response still inspects absence and never publishes operator paths (1.331291ms)
✔ unrelated ownership after lost create response refuses removal (1.606333ms)
✔ dangling TLS key symlink refused before external target can be created (1.832834ms)
✔ present pinned image is inspected once and never pulled (1.931875ms)
✔ exact missing pinned image pulls before isolated provisioning (2.270083ms)
✔ image inspection refusal {"imageInspectError":"Cannot connect to the Docker daemon"} never pulls or provisions (1.463584ms)
✔ image inspection refusal {"imageInspectError":"Error response from daemon: No such image: unrelated:latest"} never pulls or provisions (1.043833ms)
✔ image inspection refusal {"imageInspectTimeout":true} never pulls or provisions (2.479958ms)
✔ pinned image pull refusal {"pullFailure":true} never provisions (1.702792ms)
✔ pinned image pull refusal {"pullTimeout":true} never provisions (1.063958ms)
✔ missing guest bind fails without published files and confirms named container absence (1.3095ms)
✔ CA certificate cannot be reused as PostgreSQL TLS leaf (1.780292ms)
ℹ tests 266
ℹ suites 16
ℹ pass 266
ℹ fail 0
ℹ cancelled 0
ℹ skipped 0
ℹ todo 0
ℹ duration_ms 199622.9285

── [fast] Domain crate unit tests  (cwd: .)
   Compiling console-platform-db v0.1.0 (/private/tmp/console-production-tdd-preparation-20260913/backend/crates/platform/db)
   Compiling console-platform-test-support v0.1.0 (/private/tmp/console-production-tdd-preparation-20260913/backend/crates/platform/test-support)
   Compiling console-workorder-domain v0.1.0 (/private/tmp/console-production-tdd-preparation-20260913/backend/crates/workorder/domain)
   Compiling console-workflow-runtime v0.1.0 (/private/tmp/console-production-tdd-preparation-20260913/backend/crates/workflow/runtime)
   Compiling console-gate-writer-ownership v0.1.0 (/private/tmp/console-production-tdd-preparation-20260913/backend/ci/gates/writer-ownership)
   Compiling console-intelligence-application v0.1.0 (/private/tmp/console-production-tdd-preparation-20260913/backend/crates/intelligence/application)
   Compiling console-ontology-canonical-domain v0.1.0 (/private/tmp/console-production-tdd-preparation-20260913/backend/crates/ontology/canonical-domain)
   Compiling console-workflow-domain v0.1.0 (/private/tmp/console-production-tdd-preparation-20260913/backend/crates/workflow/domain)
   Compiling console-workorder-application v0.1.0 (/private/tmp/console-production-tdd-preparation-20260913/backend/crates/workorder/application)
   Compiling console-dispatch-application v0.1.0 (/private/tmp/console-production-tdd-preparation-20260913/backend/crates/dispatch/application)
   Compiling console-platform-group v0.1.0 (/private/tmp/console-production-tdd-preparation-20260913/backend/crates/platform/group)
   Compiling console-platform-auth v0.1.0 (/private/tmp/console-production-tdd-preparation-20260913/backend/crates/platform/auth)
   Compiling console-attendance-adapter-postgres v0.1.0 (/private/tmp/console-production-tdd-preparation-20260913/backend/crates/attendance/adapter-postgres)
   Compiling console-workflow-runtime-adapter-postgres v0.1.0 (/private/tmp/console-production-tdd-preparation-20260913/backend/crates/workflow/adapter-postgres)
   Compiling console-platform-request-context v0.1.0 (/private/tmp/console-production-tdd-preparation-20260913/backend/crates/platform/request-context)
   Compiling console-platform-storage v0.1.0 (/private/tmp/console-production-tdd-preparation-20260913/backend/crates/platform/storage)
   Compiling console-inbox-adapter-postgres v0.1.0 (/private/tmp/console-production-tdd-preparation-20260913/backend/crates/inbox/adapter-postgres)
   Compiling console-ontology-canonical-adapter-postgres v0.1.0 (/private/tmp/console-production-tdd-preparation-20260913/backend/crates/ontology/canonical-adapter-postgres)
   Compiling console-payroll-adapter-postgres v0.1.0 (/private/tmp/console-production-tdd-preparation-20260913/backend/crates/payroll/adapter-postgres)
   Compiling console-governance-adapter-postgres v0.0.0 (/private/tmp/console-production-tdd-preparation-20260913/backend/crates/governance/adapter-postgres)
   Compiling console-registry-adapter-postgres v0.1.0 (/private/tmp/console-production-tdd-preparation-20260913/backend/crates/registry/adapter-postgres)
   Compiling console-messenger-adapter-postgres v0.1.0 (/private/tmp/console-production-tdd-preparation-20260913/backend/crates/messenger/adapter-postgres)
   Compiling console-identity-adapter-postgres v0.1.0 (/private/tmp/console-production-tdd-preparation-20260913/backend/crates/identity/adapter-postgres)
   Compiling console-reporting-adapter-postgres v0.1.0 (/private/tmp/console-production-tdd-preparation-20260913/backend/crates/reporting/adapter-postgres)
   Compiling console-dispatch-adapter-postgres v0.1.0 (/private/tmp/console-production-tdd-preparation-20260913/backend/crates/dispatch/adapter-postgres)
   Compiling console-workorder-adapter-postgres v0.1.0 (/private/tmp/console-production-tdd-preparation-20260913/backend/crates/workorder/adapter-postgres)
   Compiling console-platform-authz-rest v0.0.0 (/private/tmp/console-production-tdd-preparation-20260913/backend/crates/platform/authz-rest)
   Compiling console-ontology-adapter-postgres v0.0.0 (/private/tmp/console-production-tdd-preparation-20260913/backend/crates/ontology/adapter-postgres)
   Compiling console-docs-adapter-postgres v0.1.0 (/private/tmp/console-production-tdd-preparation-20260913/backend/crates/docs/adapter-postgres)
   Compiling console-benefit-adapter-postgres v0.1.0 (/private/tmp/console-production-tdd-preparation-20260913/backend/crates/benefit/adapter-postgres)
   Compiling console-leave-adapter-postgres v0.1.0 (/private/tmp/console-production-tdd-preparation-20260913/backend/crates/leave/adapter-postgres)
   Compiling console-notifications-adapter-postgres v0.1.0 (/private/tmp/console-production-tdd-preparation-20260913/backend/crates/notifications/adapter-postgres)
   Compiling console-comms-adapter-postgres v0.1.0 (/private/tmp/console-production-tdd-preparation-20260913/backend/crates/comms/adapter-postgres)
   Compiling console-financial-adapter-postgres v0.0.0 (/private/tmp/console-production-tdd-preparation-20260913/backend/crates/financial/adapter-postgres)
   Compiling console-governance-rest v0.0.0 (/private/tmp/console-production-tdd-preparation-20260913/backend/crates/governance/rest)
   Compiling console-logistics-adapter-postgres v0.1.0 (/private/tmp/console-production-tdd-preparation-20260913/backend/crates/logistics/adapter-postgres)
   Compiling console-inventory-adapter-postgres v0.1.0 (/private/tmp/console-production-tdd-preparation-20260913/backend/crates/inventory/adapter-postgres)
   Compiling console-compliance-adapter-postgres v0.1.0 (/private/tmp/console-production-tdd-preparation-20260913/backend/crates/compliance/adapter-postgres)
   Compiling console-benefit-rest v0.1.0 (/private/tmp/console-production-tdd-preparation-20260913/backend/crates/benefit/rest)
   Compiling console-dispatch-rest v0.1.0 (/private/tmp/console-production-tdd-preparation-20260913/backend/crates/dispatch/rest)
   Compiling console-leave-rest v0.1.0 (/private/tmp/console-production-tdd-preparation-20260913/backend/crates/leave/rest)
   Compiling console-reporting-rest v0.1.0 (/private/tmp/console-production-tdd-preparation-20260913/backend/crates/reporting/rest)
   Compiling console-platform-realtime v0.1.0 (/private/tmp/console-production-tdd-preparation-20260913/backend/crates/platform/realtime)
   Compiling console-production-rest v0.0.0 (/private/tmp/console-production-tdd-preparation-20260913/backend/crates/production/rest)
   Compiling console-docs-rest v0.0.0 (/private/tmp/console-production-tdd-preparation-20260913/backend/crates/docs/rest)
   Compiling console-identity-rest v0.1.0 (/private/tmp/console-production-tdd-preparation-20260913/backend/crates/identity/rest)
   Compiling console-registry-rest v0.1.0 (/private/tmp/console-production-tdd-preparation-20260913/backend/crates/registry/rest)
   Compiling console-workorder-rest v0.1.0 (/private/tmp/console-production-tdd-preparation-20260913/backend/crates/workorder/rest)
   Compiling console-financial-rest v0.0.0 (/private/tmp/console-production-tdd-preparation-20260913/backend/crates/financial/rest)
   Compiling console-logistics-rest v0.1.0 (/private/tmp/console-production-tdd-preparation-20260913/backend/crates/logistics/rest)
   Compiling console-inventory-rest v0.1.0 (/private/tmp/console-production-tdd-preparation-20260913/backend/crates/inventory/rest)
   Compiling console-compliance-rest v0.1.0 (/private/tmp/console-production-tdd-preparation-20260913/backend/crates/compliance/rest)
   Compiling console-ontology-rest v0.0.0 (/private/tmp/console-production-tdd-preparation-20260913/backend/crates/ontology/rest)
   Compiling console-payroll-rest v0.1.0 (/private/tmp/console-production-tdd-preparation-20260913/backend/crates/payroll/rest)
   Compiling console-comms-rest v0.1.0 (/private/tmp/console-production-tdd-preparation-20260913/backend/crates/comms/rest)
   Compiling console-support-adapter-postgres v0.1.0 (/private/tmp/console-production-tdd-preparation-20260913/backend/crates/support/adapter-postgres)
   Compiling console-integrity v0.1.0 (/private/tmp/console-production-tdd-preparation-20260913/backend/crates/compliance/integrity)
   Compiling console-evaluation-adapter-postgres v0.1.0 (/private/tmp/console-production-tdd-preparation-20260913/backend/crates/evaluation/adapter-postgres)
   Compiling console-attendance-rest v0.1.0 (/private/tmp/console-production-tdd-preparation-20260913/backend/crates/attendance/rest)
   Compiling console-consulting-rest v0.1.0 (/private/tmp/console-production-tdd-preparation-20260913/backend/crates/consulting/rest)
   Compiling console-platform-audit-chain v0.1.0 (/private/tmp/console-production-tdd-preparation-20260913/backend/crates/platform/audit-chain)
   Compiling console-orgchange-adapter-postgres v0.1.0 (/private/tmp/console-production-tdd-preparation-20260913/backend/crates/orgchange/adapter-postgres)
   Compiling console-facilities-rest v0.1.0 (/private/tmp/console-production-tdd-preparation-20260913/backend/crates/facilities/rest)
    Finished `test` profile [unoptimized + debuginfo] target(s) in 33.02s
warning: the following packages contain code that will be rejected by a future version of Rust: proc-macro-error2 v2.0.1
note: to see what the problems were, use the option `--future-incompat-report`, or run `cargo report future-incompatibilities --id 1`
     Running unittests src/lib.rs (/private/tmp/console-account30-cargo/debug/deps/console_action_inbox_application-c1d33f34599dd545)

running 13 tests
test tests::merge_orders_by_immutable_created_at_then_namespaced_id ... ok
test tests::complete_traversal_fails_closed_when_a_source_repeats_an_item_id ... ok
test tests::cursor_round_trips_and_rejects_invalid_or_future_boundaries ... ok
test tests::all_sources_are_payroll_and_governance_inclusive ... ok
test tests::urgency_and_wire_projection_preserve_the_existing_rest_shape ... ok
test tests::complete_traversal_fails_closed_when_a_total_is_not_exact ... ok
test tests::merge_sums_source_totals_preserves_inexactness_and_pages_without_duplicates ... ok
test tests::complete_traversal_rejects_nonadvancing_or_repeated_cursors ... ok
test tests::complete_traversal_stops_before_a_sixth_short_page_when_the_page_budget_is_exhausted ... ok
test tests::complete_traversal_fails_closed_when_the_exact_total_drifts_between_pages ... ok
test tests::complete_traversal_collects_every_creation_order_page_for_priority_consumers ... ok
test tests::complete_traversal_fails_closed_when_the_snapshot_exceeds_its_budget ... ok
test tests::list_action_inbox_pages_more_than_four_hundred_items_without_drift_or_duplicates ... ok

test result: ok. 13 passed; 0 failed; 0 ignored; 0 measured; 0 filtered out; finished in 0.00s

     Running unittests src/lib.rs (/private/tmp/console-account30-cargo/debug/deps/console_analytics_quant_service-d235b525753b43f4)

running 6 tests
test tests::student_t4_quantile_is_symmetric_and_centered ... ok
test tests::rejects_bad_input_fail_closed ... ok
test tests::zero_volatility_money_is_exact ... ok
test tests::zero_volatility_percent_is_exact ... ok
test tests::deterministic_same_input_same_output ... ok
test tests::ci_contains_point_and_cvar_below_p5 ... ok

test result: ok. 6 passed; 0 failed; 0 ignored; 0 measured; 0 filtered out; finished in 0.02s

     Running unittests src/lib.rs (/private/tmp/console-account30-cargo/debug/deps/console_attendance_adapter_postgres-17c1cbdeeef10aa8)

running 22 tests
test tests::historical_leave_coverage_fails_closed_for_unknown_or_malformed_intent ... ok
test tests::cancellation_statement_targets_migration_0188_state_columns ... ok
test tests::candidate_query_uses_half_open_substitution_intervals ... ok
test tests::candidate_queries_enforce_every_eligibility_exclusion ... ok
test tests::exception_projections_use_migration_0188_resolution_timestamp ... ok
test tests::historical_leave_coverage_uses_schema_backed_full_and_half_day_windows ... ok
test tests::historical_interval_contract_covers_full_partial_and_no_coverage ... ok
test tests::historical_leave_coverage_query_uses_authoritative_leave_columns ... ok
test tests::close_checks_decoder_rejects_missing_wrong_and_negative_values ... ok
test tests::week52_fails_closed_for_repeated_or_missing_clock_pairs ... ok
test tests::week52_clips_pairs_crossing_both_week_boundaries ... ok
test tests::created_period_lock_requires_and_emits_its_audit_receipt ... ok
test tests::month_after_advances_december_and_rejects_an_unrepresentable_next_month ... ok
test tests::substitution_eligibility_lock_uses_the_platform_coordination_contract ... ok
test tests::week52_active_rows_preserve_identity_shape ... ok
test tests::unrelated_sql_errors_are_not_downgraded_to_conflicts ... ok
test tests::week52_ack_replay_keeps_timestamp_and_writes_no_duplicate_audit ... ok
test tests::week52_derives_only_real_complete_clock_pairs ... ok
test tests::week52_includes_authorized_active_employee_with_zero_hours_and_stable_ack ... ok
test tests::week52_pairs_persisted_events_by_timestamp_not_input_order ... ok
test tests::canonical_whitespace_has_the_same_persisted_fingerprint ... ok
test tests::fingerprint_changes_for_every_immutable_request_field ... ok

test result: ok. 22 passed; 0 failed; 0 ignored; 0 measured; 0 filtered out; finished in 0.00s

     Running unittests src/lib.rs (/private/tmp/console-account30-cargo/debug/deps/console_attendance_application-bf99d54f9c7478d8)

running 10 tests
test tests::close_requires_no_open_exception ... ok
test tests::org_wide_scope_is_the_only_scope_that_can_omit_a_branch ... ok
test tests::branch_scope_never_expands ... ok
test self_service::tests::own_week52_requires_an_iso_monday ... ok
test tests::monitor_thresholds_are_server_policy ... ok
test self_service::tests::own_week52_accessor_rejects_a_bypassed_non_monday_input ... ok
test tests::week52_start_must_be_an_iso_monday ... ok
test idempotency_tests::duplicate_assignment_is_replay_only_for_same_request ... ok
test idempotency_tests::exception_list_normalizes_status_and_pagination_bounds ... ok
test self_service::tests::own_exception_query_accepts_only_date_status_and_pagination ... ok

test result: ok. 10 passed; 0 failed; 0 ignored; 0 measured; 0 filtered out; finished in 0.00s

     Running unittests src/lib.rs (/private/tmp/console-account30-cargo/debug/deps/console_attendance_domain-c2d465640433d2db)

running 10 tests
test tests::overtime_resolution_has_a_kind_action_matrix ... ok
test tests::historical_coverage_requires_full_same_day_interval ... ok
test tests::strict_duration_arithmetic_rejects_negative_and_overflow ... ok
test tests::strict_pairs_clip_boundary_crossings_and_ignore_zero_length_pairs ... ok
test tests::strict_duration_window_rejects_invalid_bounds ... ok
test tests::strict_pairs_sort_reversed_input_and_ignore_intermediate_events ... ok
test tests::selected_month_is_explicit_and_bounded ... ok
test tests::strict_pairs_fail_the_entire_window_for_malformed_sequences ... ok
test tests::strict_pairs_order_same_time_events_by_id ... ok
test tests::strict_pairs_isolate_employees_but_fail_if_any_timeline_is_invalid ... ok

test result: ok. 10 passed; 0 failed; 0 ignored; 0 measured; 0 filtered out; finished in 0.00s

     Running unittests src/lib.rs (/private/tmp/console-account30-cargo/debug/deps/console_attendance_rest-ff51ed1c9465d6ed)

running 20 tests
test tests::attendance_read_surfaces_are_static_and_complete ... ok
test tests::no_implicit_unbounded_listing ... ok
test tests::http_boundary_allows_an_explicit_allowed_branch_for_every_endpoint_family ... ok
test self_service::tests::own_week52_available_response_has_only_status_and_projection ... ok
test tests::http_boundary_rejects_a_foreign_branch_for_every_endpoint_family ... ok
test tests::invalid_close_month_is_a_stable_validation_error ... ok
test tests::candidate_lookup_uses_substitution_manage_at_the_explicit_branch ... ok
test self_service::tests::own_week52_not_available_response_omits_projection ... ok
test tests::candidate_query_requires_every_strict_selector ... ok
test tests::http_boundary_rejects_omitted_branch_for_limited_scope_and_allows_org_scope ... ok
test tests::candidate_dto_serializes_the_stable_public_fields ... ok
test tests::malformed_query_uses_a_stable_json_error_contract ... ok
test tests::explicit_range_needs_both_bounds ... ok
test tests::self_service_paths_extend_but_do_not_change_manager_route_inventory ... ok
test tests::every_query_endpoint_maps_unknown_parameters_to_the_stable_error ... ok
test tests::assignment_body_rejects_client_owned_worker_snapshots ... ok
test tests::week52_read_and_ack_reject_non_monday_week_starts ... ok
test tests::list_query_modes_are_mutually_exclusive ... ok
test tests::week52_ack_rejects_client_supplied_branch ... ok
test tests::work_date_selector_is_exclusive ... ok

test result: ok. 20 passed; 0 failed; 0 ignored; 0 measured; 0 filtered out; finished in 0.00s

     Running unittests src/lib.rs (/private/tmp/console-account30-cargo/debug/deps/console_benefit_application-0e30eb9bd7b1a9c5)

running 2 tests
test tests::update_fields_empty_checks_all_mutable_columns ... ok
test tests::lifecycle_binding_uses_canonical_object_type ... ok

test result: ok. 2 passed; 0 failed; 0 ignored; 0 measured; 0 filtered out; finished in 0.00s

     Running unittests src/lib.rs (/private/tmp/console-account30-cargo/debug/deps/console_benefit_domain-38d5bcd2a840fc80)

running 4 tests
test tests::category_and_code_parse_canonical_values ... ok
test tests::rate_money_and_text_validators_reject_invalid_values ... ok
test tests::benefit_vocab_roundtrips_parse_and_db_str ... ok
test tests::condition_value_matches_the_typed_openapi_contract ... ok

test result: ok. 4 passed; 0 failed; 0 ignored; 0 measured; 0 filtered out; finished in 0.00s

     Running unittests src/lib.rs (/private/tmp/console-account30-cargo/debug/deps/console_benefit_rest-23c5d25698e477dd)

running 3 tests
test tests::route_surface_has_no_benefit_specific_lifecycle_transition ... ok
test tests::member_is_denied_benefit_read_and_manage ... ok
test tests::create_body_rejects_caller_supplied_tenant_identity ... ok

test result: ok. 3 passed; 0 failed; 0 ignored; 0 measured; 0 filtered out; finished in 0.00s

     Running unittests src/lib.rs (/private/tmp/console-account30-cargo/debug/deps/console_comms_adapter_imap-aa32fea98ca2eb66)

running 18 tests
test parse::tests::attachment_byte_budget_enforces_per_part_and_per_message_limits ... ok
test ssrf::tests::denies_cloud_metadata_and_private ... ok
test ssrf::tests::pick_pinned_rejects_any_private_and_empty ... ok
test tests::leaf_segment_handles_nested_paths ... ok
test tests::classify_role_maps_well_known_folders ... ok
test ssrf::tests::denies_ipv6_loopback_ula_linklocal_and_mapped ... ok
test ssrf::tests::allows_public_addresses ... ok
test parse::tests::non_message_bytes_return_none_or_empty_safely ... ok
test parse::tests::internal_date_overrides_header_date ... ok
test parse::tests::flags_are_carried_from_imap_not_mime ... ok
test parse::tests::parses_attachment_part_with_bytes ... ok
test tests::tls_config_builds_with_webpki_roots ... ok
test parse::tests::parses_headers_addresses_and_body ... ok
test tests::resolve_and_pin_accepts_public_literal ... ok
test tests::resolve_and_pin_rejects_private_and_metadata_literals ... ok
test parse::tests::caps_attachment_count_and_metadata ... ok
test parse::tests::caps_hostile_header_body_and_recipient_volume ... ok
test parse::tests::skips_oversized_attachment_part_before_cloning_bytes ... ok

test result: ok. 18 passed; 0 failed; 0 ignored; 0 measured; 0 filtered out; finished in 0.12s

     Running unittests src/lib.rs (/private/tmp/console-account30-cargo/debug/deps/console_comms_adapter_mox-8a3c3bfae8c6b9a5)

running 6 tests
test tests::send_result_parses_message_id ... ok
test tests::incoming_falls_back_to_to_header_when_no_rcpt ... ok
test tests::send_request_serializes_to_mox_shape ... ok
test tests::incoming_maps_to_fetched_message ... ok
test tests::test_connection_reports_ok_on_authenticated_success ... ok
test tests::test_connection_reports_failure_on_wrong_credentials ... ok

test result: ok. 6 passed; 0 failed; 0 ignored; 0 measured; 0 filtered out; finished in 0.00s

     Running unittests src/lib.rs (/private/tmp/console-account30-cargo/debug/deps/console_comms_adapter_smtp-67d034fe68a97131)

running 17 tests
test ssrf::tests::denies_cloud_metadata_endpoint ... ok
test ssrf::tests::denies_ipv4_mapped_ipv6_metadata ... ok
test ssrf::tests::denies_loopback_and_rfc1918 ... ok
test ssrf::tests::denies_ipv4_compatible_ipv6 ... ok
test ssrf::tests::pick_pinned_rejects_empty ... ok
test ssrf::tests::allows_public_addresses ... ok
test ssrf::tests::denies_ipv6_loopback_ula_linklocal ... ok
test ssrf::tests::denies_cgnat_and_reserved ... ok
test ssrf::tests::pick_pinned_rejects_when_any_address_is_private ... ok
test ssrf::tests::pick_pinned_returns_first_public_address ... ok
test tests::generate_message_id_uses_sender_domain ... ok
test tests::resolve_and_pin_accepts_public_literal ... ok
test tests::resolve_and_pin_rejects_loopback_literal ... ok
test tests::resolve_and_pin_rejects_metadata_literal ... ok
test tests::reply_sets_in_reply_to_and_references ... ok
test tests::builds_message_with_from_to_cc_and_message_id ... ok
test tests::attachment_produces_multipart ... ok

test result: ok. 17 passed; 0 failed; 0 ignored; 0 measured; 0 filtered out; finished in 0.00s

     Running unittests src/lib.rs (/private/tmp/console-account30-cargo/debug/deps/console_comms_application-3d441f39013ef418)

running 15 tests
test tests::rate_bucket_caps_are_sane ... ok
test tests::floor_to_window_aligns_to_grid ... ok
test tests::sanitize_filename_neutralizes_paths_and_empties ... ok
test tests::mail_attachment_key_is_org_prefixed_and_sanitized ... ok
test tests::send_kind_audit_actions ... ok
test tests::port_allowlists_reject_non_mail_ports ... ok
test tests::account_view_omits_password_fields ... ok
test tests::thread_grouping_subjectless_is_singleton_by_uid ... ok
test tests::reply_requires_in_reply_to ... ok
test tests::thread_grouping_prefers_references_root ... ok
test tests::thread_grouping_falls_back_to_in_reply_to_then_subject ... ok
test tests::references_group_a_korean_reply_with_stripped_headers ... ok
test tests::send_rejects_empty_to_and_over_cap ... ok
test tests::uidvalidity_reset_refetches_from_floor ... ok
test tests::sync_is_idempotent_over_the_same_uid_range ... ok

test result: ok. 15 passed; 0 failed; 0 ignored; 0 measured; 0 filtered out; finished in 0.00s

     Running unittests src/lib.rs (/private/tmp/console-account30-cargo/debug/deps/console_comms_credential_cipher-6aac02cfea6ddb04)

running 17 tests
test tests::aad_encoding_is_unambiguous ... ok
test tests::bad_master_key_inputs_are_rejected ... ok
test tests::wrong_aad_org_fails_auth ... ok
test tests::wrong_aad_field_fails_auth ... ok
test tests::tampered_dek_nonce_fails_auth ... ok
test tests::ciphertext_is_not_plaintext_and_nonces_are_24_bytes ... ok
test tests::tampered_nonce_fails_auth ... ok
test tests::tampered_wrapped_dek_fails_auth ... ok
test tests::tampered_ciphertext_fails_auth ... ok
test tests::wrong_nonce_length_is_rejected ... ok
test tests::round_trip_recovers_plaintext ... ok
test tests::wrong_aad_account_fails_auth ... ok
test tests::wrong_kek_fails_to_decrypt ... ok
test tests::wrong_key_version_is_rejected ... ok
test tests::empty_plaintext_round_trips ... ok
test tests::secret_debug_is_redacted ... ok
test tests::fresh_dek_and_nonce_per_call_yield_distinct_ciphertext ... ok

test result: ok. 17 passed; 0 failed; 0 ignored; 0 measured; 0 filtered out; finished in 0.00s

     Running unittests src/lib.rs (/private/tmp/console-account30-cargo/debug/deps/console_comms_domain-390ff22576421650)

running 14 tests
test tests::db_str_roundtrips ... ok
test tests::message_address_trims_and_validates ... ok
test tests::imap_flag_spellings ... ok
test tests::mail_security_rejects_plaintext ... ok
test tests::parse_rejects_unknown ... ok
test tests::ssl_tls_maps_to_tls_token ... ok
test tests::thread_key_handles_empty_subject ... ok
test tests::normalize_subject_all_prefix_becomes_empty ... ok
test tests::normalize_subject_strips_counters ... ok
test tests::normalize_subject_strips_plain_text ... ok
test tests::normalize_subject_does_not_strip_word_starting_with_prefix ... ok
test tests::thread_key_scopes_by_account_and_normalizes ... ok
test tests::normalize_subject_strips_korean_prefixes ... ok
test tests::normalize_subject_strips_reply_and_forward_prefixes ... ok

test result: ok. 14 passed; 0 failed; 0 ignored; 0 measured; 0 filtered out; finished in 0.00s

     Running unittests src/lib.rs (/private/tmp/console-account30-cargo/debug/deps/console_comms_mailbox-1bba8d6fe2737441)

running 7 tests
test tests::hosted_domain_and_local_part_are_normalized_and_validated ... ok
test tests::smtp_rejects_relay_and_unknown_local_recipients ... ok
test tests::smtp_accepts_local_delivery_and_completes_on_dot ... ok
test tests::directory_accepts_only_known_local_recipients_and_rejects_relay ... ok
test tests::smtp_rset_clears_transaction_without_losing_greeting ... ok
test tests::smtp_enforces_command_order_and_recipient_limit ... ok
test tests::smtp_data_mode_dot_unstuffs_and_defers_size_error_until_final_dot ... ok

test result: ok. 7 passed; 0 failed; 0 ignored; 0 measured; 0 filtered out; finished in 0.00s

     Running unittests src/lib.rs (/private/tmp/console-account30-cargo/debug/deps/console_comms_rest-61afa546929122f4)

running 5 tests
test tests::blank_password_keeps_existing_secret ... ok
test tests::credential_eq_rejects_256_length_delta ... ok
test tests::credential_eq_accepts_exact_match ... ok
test tests::credential_eq_rejects_wrong_value_same_length ... ok
test tests::non_empty_password_is_passed_through_verbatim ... ok

test result: ok. 5 passed; 0 failed; 0 ignored; 0 measured; 0 filtered out; finished in 0.00s

     Running unittests src/lib.rs (/private/tmp/console-account30-cargo/debug/deps/console_compliance_domain-c31e3189f393a65f)

running 10 tests
test geofence_tests::returning_is_arrival ... ok
test geofence_tests::first_ping_inside_is_arrival ... ok
test geofence_tests::first_ping_outside_is_not_an_event ... ok
test geofence_tests::leaving_is_departure ... ok
test geofence_tests::staying_inside_emits_nothing ... ok
test compliance_domain_tests::org_scope_rejects_resource_refs ... ok
test compliance_domain_tests::site_scope_requires_branch_for_deny_by_omission_filtering ... ok
test compliance_domain_tests::evidence_status_rejects_terminal_reopen ... ok
test compliance_domain_tests::code_validation_requires_prefix_and_four_digits ... ok
test compliance_domain_tests::compliance_enums_use_persisted_wire_values_for_json ... ok

test result: ok. 10 passed; 0 failed; 0 ignored; 0 measured; 0 filtered out; finished in 0.00s

     Running unittests src/lib.rs (/private/tmp/console-account30-cargo/debug/deps/console_compliance_rest-86047cbb0ce8a2ff)

running 4 tests
test tests::evidence_accept_without_compliance_read_is_forbidden ... ok
test tests::evidence_acceptance_error_mapping_preserves_forbidden_conflict_and_unavailable_truth ... ok
test tests::location_ping_accepts_fractional_rfc3339_timestamp ... ok
test tests::evidence_link_without_compliance_read_is_forbidden ... ok

test result: ok. 4 passed; 0 failed; 0 ignored; 0 measured; 0 filtered out; finished in 0.00s

     Running unittests src/lib.rs (/private/tmp/console-account30-cargo/debug/deps/console_consulting_rest-0aa41f8e2e66c697)

running 3 tests
test tests::idempotency_payload_mismatch_is_a_conflict ... ok
test tests::missing_org_request_context_fails_closed ... ok
test tests::request_hash_is_stable_lowercase_sha256 ... ok

test result: ok. 3 passed; 0 failed; 0 ignored; 0 measured; 0 filtered out; finished in 0.00s

     Running unittests src/lib.rs (/private/tmp/console-account30-cargo/debug/deps/console_dispatch_application-a1f042ef02fd1990)

running 2 tests
test tests::queue_statuses_are_bounded_and_deduplicated ... ok
test tests::queue_cursor_rejects_malformed_unknown_and_future_payloads ... ok

test result: ok. 2 passed; 0 failed; 0 ignored; 0 measured; 0 filtered out; finished in 0.00s

     Running unittests src/lib.rs (/private/tmp/console-account30-cargo/debug/deps/console_dispatch_domain-e7fcb2a8245be781)

running 5 tests
test tests::dispatch_wire_enums_roundtrip_db_str_and_reject_unknown ... ok
test tests::no_accepts_escalate_to_manager_force_pending ... ok
test tests::auto_assign_requires_two_acceptances ... ok
test tests::dispatch_status_display_uses_db_wire_tag ... ok
test tests::no_consent_candidate_uses_schedule_fallback_not_gps_rank ... ok

test result: ok. 5 passed; 0 failed; 0 ignored; 0 measured; 0 filtered out; finished in 0.00s

     Running unittests src/lib.rs (/private/tmp/console-account30-cargo/debug/deps/console_dispatch_rest-a764d0fe98f03e5d)

running 2 tests
test tests::dispatch_route_surface_includes_bounded_console_reads ... ok
test tests::dispatch_queue_request_rejects_unknown_query_contract ... ok

test result: ok. 2 passed; 0 failed; 0 ignored; 0 measured; 0 filtered out; finished in 0.00s

     Running unittests src/lib.rs (/private/tmp/console-account30-cargo/debug/deps/console_docs_adapter_postgres-01b7642d3ef1c710)

running 1 test
test tests::custody_event_digest_is_stable_sha256_hex ... ok

test result: ok. 1 passed; 0 failed; 0 ignored; 0 measured; 0 filtered out; finished in 0.00s

     Running unittests src/lib.rs (/private/tmp/console-account30-cargo/debug/deps/console_docs_application-8d5ba3209022fad7)

running 1 test
test tests::evidence_audit_event_uses_valid_action_and_target ... ok

test result: ok. 1 passed; 0 failed; 0 ignored; 0 measured; 0 filtered out; finished in 0.00s

     Running unittests src/lib.rs (/private/tmp/console-account30-cargo/debug/deps/console_docs_domain-e9bef741f0258186)

running 6 tests
test tests::legal_hold_active_blocks_destructive_operations ... ok
test tests::admissibility_distinguishes_ready_review_blocked_and_inadmissible ... ok
test tests::evidence_vocab_roundtrips_parse_and_db_str ... ok
test tests::evidence_copy_kind_enforces_original_and_derivative_shape ... ok
test tests::evidence_copy_evidentiary_status_has_no_derivative_equivalence ... ok
test tests::sha256_digest_accepts_hex_and_normalizes_lowercase ... ok

test result: ok. 6 passed; 0 failed; 0 ignored; 0 measured; 0 filtered out; finished in 0.00s

     Running unittests src/lib.rs (/private/tmp/console-account30-cargo/debug/deps/console_docs_rest-4ad9514466d2fcdd)

running 5 tests
test tests::evidence_store_unavailability_has_a_stable_distinct_error_code ... ok
test tests::generic_service_unavailability_keeps_the_generic_error_code ... ok
test tests::verdict_folds_copy_statuses ... ok
test tests::normalize_accepts_hex_and_base64_and_rejects_junk ... ok
test tests::register_cursor_round_trips_as_an_opaque_base64url_token ... ok

test result: ok. 5 passed; 0 failed; 0 ignored; 0 measured; 0 filtered out; finished in 0.00s

     Running unittests src/lib.rs (/private/tmp/console-account30-cargo/debug/deps/console_equipment_domain-5a857b9f90bfdd91)

running 8 tests
test tests::disposition_kinds_map_to_contract_availability_targets ... ok
test tests::allows_each_legal_availability_transition ... ok
test tests::allows_each_legal_case_transition ... ok
test tests::disposition_state_machine_is_open_to_completed_only ... ok
test tests::rejects_illegal_and_terminal_case_transitions ... ok
test tests::rejects_illegal_and_terminal_availability_transitions ... ok
test tests::from_db_fails_closed_on_empty_case_and_near_miss_wires ... ok
test tests::db_round_trip_covers_every_state ... ok

test result: ok. 8 passed; 0 failed; 0 ignored; 0 measured; 0 filtered out; finished in 0.00s

     Running unittests src/lib.rs (/private/tmp/console-account30-cargo/debug/deps/console_erp_domain-6044692cb0927015)

running 7 tests
test tests::maps_dates_to_official_six_month_vat_tax_periods ... ok
test tests::posts_procurement_invoice_to_inventory_vat_receivable_and_ap ... ok
test tests::gates_e_tax_invoice_relay_on_verified_registered_erp_credentials ... ok
test tests::consumes_inventory_to_work_order_without_negative_stock ... ok
test tests::posts_sales_tax_invoice_to_ar_revenue_and_vat_payable ... ok
test tests::release_gate_requires_tax_accountant_validated_golden_case ... ok
test tests::validates_double_entry_and_rejects_unbalanced_journals ... ok

test result: ok. 7 passed; 0 failed; 0 ignored; 0 measured; 0 filtered out; finished in 0.00s

     Running unittests src/lib.rs (/private/tmp/console-account30-cargo/debug/deps/console_evaluation_adapter_postgres-bb3021322844fdcb)

running 1 test
test tests::review_relationships_are_kind_aware_and_fail_closed_without_employee_link ... ok

test result: ok. 1 passed; 0 failed; 0 ignored; 0 measured; 0 filtered out; finished in 0.00s

     Running unittests src/lib.rs (/private/tmp/console-account30-cargo/debug/deps/console_evaluation_application-0e630012968073a3)

running 1 test
test tests::wire_shapes_match_the_design_contract ... ok

test result: ok. 1 passed; 0 failed; 0 ignored; 0 measured; 0 filtered out; finished in 0.00s

     Running unittests src/lib.rs (/private/tmp/console-account30-cargo/debug/deps/console_evaluation_domain-fb15cd829799a1bd)

running 5 tests
test tests::cycle_transitions_form_one_forward_chain ... ok
test tests::database_vocabulary_round_trips ... ok
test tests::review_kind_path_segments_parse_and_reject ... ok
test tests::subject_state_prefers_the_most_advanced_fact ... ok
test tests::transitions_fail_closed_from_any_other_stage ... ok

test result: ok. 5 passed; 0 failed; 0 ignored; 0 measured; 0 filtered out; finished in 0.00s

     Running unittests src/lib.rs (/private/tmp/console-account30-cargo/debug/deps/console_facilities_rest-ab6b1d6b2ab64586)

running 4 tests
test transition_tests::allows_the_scheduled_hvac_happy_path_transitions ... ok
test transition_tests::permits_rework_only_from_a_rejected_acceptance ... ok
test transition_tests::rejects_a_terminal_case_transition ... ok
test transition_tests::rejected_acceptance_requires_a_non_blank_reason ... ok

test result: ok. 4 passed; 0 failed; 0 ignored; 0 measured; 0 filtered out; finished in 0.00s

     Running unittests src/lib.rs (/private/tmp/console-account30-cargo/debug/deps/console_finance_gl_domain-33c289240bbe9ff3)

running 5 tests
test tests::reversal_of_a_balanced_voucher_nets_to_zero ... ok
test tests::balance_gate_requires_equal_positive_sides ... ok
test tests::fsm_allows_the_forward_chain_only ... ok
test tests::debit_credit_wire_roundtrips_and_rejects_aliases ... ok
test tests::voucher_status_wire_roundtrips_terminal_matrix_and_rejects_unknown ... ok

test result: ok. 5 passed; 0 failed; 0 ignored; 0 measured; 0 filtered out; finished in 0.00s

     Running unittests src/lib.rs (/private/tmp/console-account30-cargo/debug/deps/console_financial_domain-cc7866b019aaaed4)

running 17 tests
test tco::tests::acquisition_falls_back_to_vehicle_value ... ok
test tco::tests::cost_per_hour_none_on_null_hours ... ok
test tco::tests::acquisition_none_when_both_absent ... ok
test tco::tests::cost_per_hour_none_on_zero_hours ... ok
test tco::tests::acquisition_prefers_explicit_over_vehicle_value ... ok
test tco::tests::cost_per_hour_divides_when_hours_positive ... ok
test tco::tests::cost_per_month_divides_when_months_positive ... ok
test tco::tests::cost_per_month_floors_to_integer_krw ... ok
test tco::tests::cost_per_month_none_on_unknown_date ... ok
test tco::tests::cost_per_month_none_on_negative_months ... ok
test tco::tests::gross_margin_allows_loss ... ok
test tco::tests::cost_per_month_none_on_zero_months ... ok
test tco::tests::gross_margin_is_none_until_sold ... ok
test tco::tests::gross_margin_profit ... ok
test tco::tests::tco_is_acquisition_plus_maintenance ... ok
test tco::tests::tco_uses_vehicle_value_fallback_exactly_once ... ok
test tco::tests::tco_without_any_acquisition_is_just_maintenance ... ok

test result: ok. 17 passed; 0 failed; 0 ignored; 0 measured; 0 filtered out; finished in 0.00s

     Running unittests src/lib.rs (/private/tmp/console-account30-cargo/debug/deps/console_financial_rest-188249ae1e2c5a09)

running 6 tests
test tests::missing_step_up_error_uses_precondition_required_code ... ok
test tests::empty_sensitive_financial_body_is_decoded_as_missing_step_up ... ok
test tests::purchase_request_collection_parser_accepts_only_repeated_status_keys ... ok
test tests::purchase_request_collection_parser_rejects_ambiguous_or_malformed_keys ... ok
test tests::step_up_dependency_error_is_not_reported_as_credential_denial ... ok
test tests::denied_step_up_audit_event_contains_no_assertion_material ... ok

test result: ok. 6 passed; 0 failed; 0 ignored; 0 measured; 0 filtered out; finished in 0.00s

     Running unittests src/lib.rs (/private/tmp/console-account30-cargo/debug/deps/console_gate_dev_auth_absence-3823994b544731d5)

running 6 tests
test tests::fails_when_the_feature_is_missing_entirely ... ok
test tests::fails_when_dev_auth_is_directly_in_default ... ok
test tests::fails_when_dev_auth_is_transitively_in_default ... ok
test tests::passes_when_dev_auth_is_not_in_default ... ok
test tests::passes_when_default_only_enables_unrelated_features ... ok
test tests::a_same_named_feature_on_a_dependency_does_not_count ... ok

test result: ok. 6 passed; 0 failed; 0 ignored; 0 measured; 0 filtered out; finished in 0.00s

     Running unittests src/lib.rs (/private/tmp/console-account30-cargo/debug/deps/console_gate_iac_tier-3a42aecf3c19dadd)

running 6 tests
test tests::argocd_app_referencing_aws_iam_role_is_flagged ... ok
test tests::argocd_app_referencing_oci_primitive_is_flagged ... ok
test tests::clean_tiers_have_no_violations ... ok
test tests::opentofu_defining_pod_manifest_is_flagged ... ok
test tests::violations_are_sorted_by_tier_kind_path ... ok
test tests::real_deploy_tree_has_no_violations ... ok

test result: ok. 6 passed; 0 failed; 0 ignored; 0 measured; 0 filtered out; finished in 0.03s

     Running unittests src/lib.rs (/private/tmp/console-account30-cargo/debug/deps/console_gate_layer_boundary-7e1c44ab2b29fef4)

running 23 tests
test tests::allowed_deps_kernel_is_empty ... ok
test tests::allowed_deps_domain_only_kernel ... ok
test tests::classify_app ... ok
test tests::allowed_deps_app_includes_ui ... ok
test tests::allowed_deps_ui_is_contracts_and_ui ... ok
test tests::classify_adapter ... ok
test tests::classify_domain ... ok
test tests::domain_forbidden_external ... ok
test tests::classify_application ... ok
test tests::ui_forbids_sqlx_and_allows_tokio_axum ... ok
test tests::classify_gate ... ok
test tests::classify_kernel ... ok
test tests::classify_platform ... ok
test tests::classify_ui_by_chartered_suffix_not_adapter_fallback ... ok
test tests::classify_rest ... ok
test tests::classify_ui_suffix_before_platform_path ... ok
test tests::classify_worker ... ok
test tests::gate_allowed_everything ... ok
test ui_surface::tests::needles_include_view_macro_and_axum_html ... ok
test conflict_marker_tests::skips_non_utf8_binary_files ... ok
test conflict_marker_tests::flags_files_containing_markers_and_passes_clean_files ... ok
test ui_surface::tests::rust_sources_skips_target_dir ... ok
test conflict_marker_tests::real_repo_tracked_files_are_marker_free ... ok

test result: ok. 23 passed; 0 failed; 0 ignored; 0 measured; 0 filtered out; finished in 0.37s

     Running unittests src/lib.rs (/private/tmp/console-account30-cargo/debug/deps/console_gate_tenant_isolation-26266883a6678234)

running 21 tests
test tests::audit_events_nullable_org_is_allowed_without_not_null ... ok
test tests::dynamic_array_rls_credits_each_table ... ok
test tests::alter_set_org_column_not_null_passes ... ok
test tests::rls_without_force_is_flagged ... ok
test tests::alter_add_org_column_not_null_passes ... ok
test tests::global_allowlisted_table_is_not_unclassified ... ok
test tests::sanitize_sql_is_char_boundary_safe_on_multibyte_comment ... ok
test tests::clean_tenant_table_passes ... ok
test tests::nullable_org_column_tenant_table_is_flagged_even_with_rls ... ok
test tests::non_local_set_config_is_flagged ... ok
test tests::org_column_without_rls_is_flagged ... ok
test tests::builtin_catalog_allowlist_is_owner_only_and_rejects_runtime_grants ... ok
test tests::pre_auth_device_login_handoff_is_classified_global ... ok
test tests::em_dash_inside_dollar_quoted_body_does_not_panic ... ok
test tests::org_id_primary_key_is_treated_as_not_null ... ok
test tests::local_set_config_passes_guc_check ... ok
test tests::unclassified_table_is_flagged ... ok
test tests::rls_without_policy_is_flagged ... ok
test tests::owner_only_table_is_classified_but_direct_runtime_grant_is_forbidden ... ok
test tests::account_catalog_tables_are_owner_only ... ok
test tests::account_catalog_rejects_direct_runtime_and_public_grants ... ok

test result: ok. 21 passed; 0 failed; 0 ignored; 0 measured; 0 filtered out; finished in 0.01s

     Running unittests src/lib.rs (/private/tmp/console-account30-cargo/debug/deps/console_gate_vendor_lockin-4f50e5a2dbde25ba)

running 1 test
test tests::detector_canonicalizes_known_oci_managed_cloud_markers ... ok

test result: ok. 1 passed; 0 failed; 0 ignored; 0 measured; 0 filtered out; finished in 0.00s

     Running unittests src/lib.rs (/private/tmp/console-account30-cargo/debug/deps/console_gate_writer_ownership-85a6aa37851deb86)

running 10 tests
test tests::a_dependency_without_the_rename_form_records_only_its_key ... ok
test tests::text_scan_skips_package_rename_directives ... ok
test tests::a_marker_in_the_target_position_is_unresolved_not_absent ... ok
test tests::flattening_every_token_into_the_statement_reading_manufactures_writes ... ok
test tests::non_dml_uses_of_the_verbs_are_not_writes ... ok
test tests::every_target_spelling_resolves_to_the_table ... ok
test tests::comments_are_resolved_inside_the_literal_that_holds_them ... ok
test tests::a_block_comment_does_not_close_on_a_later_literals_text ... ok
test tests::cfg_truth_is_evaluated_with_test_false ... ok
test tests::cargo_metadata_records_workspace_inherited_package_renames ... ok

test result: ok. 10 passed; 0 failed; 0 ignored; 0 measured; 0 filtered out; finished in 0.03s

     Running unittests src/lib.rs (/private/tmp/console-account30-cargo/debug/deps/console_governance_domain-e0eb1abb31d9f8a4)

running 11 tests
test tests::all_satisfied_allows ... ok
test tests::authority_deny_is_hard_stop ... ok
test tests::base_fsm_allows_documented_edges_and_rejects_the_rest ... ok
test tests::gates_are_reported_in_fixed_order ... ok
test tests::four_eyes_false_is_pending_not_allow ... ok
test tests::gate_kind_order_is_authority_checklist_four_eyes_egress ... ok
test tests::impact_preflight_allows_when_only_detach_dependents ... ok
test tests::missing_required_gate_fails_closed ... ok
test tests::natural_person_four_eyes_scopes_only_company_hr_payroll_kinds ... ok
test tests::restrict_dependent_blocks_impact ... ok
test tests::unrequired_gates_do_not_block ... ok

test result: ok. 11 passed; 0 failed; 0 ignored; 0 measured; 0 filtered out; finished in 0.00s

     Running unittests src/lib.rs (/private/tmp/console-account30-cargo/debug/deps/console_identity_adapter_postgres-40aeaa3a4cdd7494)

running 4 tests
test ensure_branch_rewrite_in_scope_tests::allows_in_scope_membership_rewrite ... ok
test ensure_branch_rewrite_in_scope_tests::still_refuses_branch_addition_outside_caller_scope ... ok
test ensure_branch_rewrite_in_scope_tests::refuses_branch_removal_outside_caller_scope ... ok
test ensure_branch_rewrite_in_scope_tests::all_scope_allows_cross_branch_rewrite ... ok

test result: ok. 4 passed; 0 failed; 0 ignored; 0 measured; 0 filtered out; finished in 0.00s

     Running unittests src/lib.rs (/private/tmp/console-account30-cargo/debug/deps/console_identity_application-b09fefb9bb2157ba)

running 2 tests
test org::tests::branch_audit_event_carries_branch_scope ... ok
test org::tests::user_audit_event_is_org_global ... ok

test result: ok. 2 passed; 0 failed; 0 ignored; 0 measured; 0 filtered out; finished in 0.00s

     Running unittests src/lib.rs (/private/tmp/console-account30-cargo/debug/deps/console_identity_domain-df4d2a48f4b565e9)

running 7 tests
test tests::directory_search_is_trimmed_casefolded_and_bounded ... ok
test tests::display_name_is_trimmed_and_required ... ok
test tests::display_name_length_is_bounded ... ok
test tests::optional_phone_length_is_bounded ... ok
test tests::optional_phone_normalizes_blank_to_none ... ok
test tests::team_round_trips_through_db_str ... ok
test tests::unknown_team_is_rejected ... ok

test result: ok. 7 passed; 0 failed; 0 ignored; 0 measured; 0 filtered out; finished in 0.00s

     Running unittests src/lib.rs (/private/tmp/console-account30-cargo/debug/deps/console_identity_rest-460a3abd1860b5a5)

running 19 tests
test directory_query_tests::directory_request_rejects_malformed_filters ... ok
test directory_query_tests::directory_scope_denies_principal_without_role_or_runtime_grant ... ok
test directory_query_tests::directory_scope_unions_only_live_membership_intersections ... ok
test authorize_user_write_tests::allows_in_scope_membership_rewrite ... ok
test policy_role_template_tests::operational_persona_templates_cover_approved_role_set ... ok
test authorize_user_write_tests::still_refuses_branch_addition_outside_caller_scope ... ok
test policy_role_template_tests::assignment_ceiling_rejects_capability_actor_does_not_hold ... ok
test policy_role_template_tests::assignment_ceiling_requires_elevated_grant_for_user_management_roles ... ok
test policy_role_template_tests::assignment_ceiling_requires_custom_grant_scope_to_cover_role_scope ... ok
test authorize_user_write_tests::refuses_branch_removal_outside_caller_scope ... ok
test directory_query_tests::directory_scope_intersects_custom_grants_with_live_membership ... ok
test policy_role_template_tests::policy_studio_quarantines_deferred_ai_assist_until_adapter_exists ... ok
test policy_role_template_tests::role_templates_are_unique_non_empty_and_never_grant_elevated_policy_features ... ok
test policy_role_template_tests::policy_condition_validation_accepts_scoped_abac_pbac_metadata_only ... ok
test system_roles_changed_tests::unchanged_role_set_in_a_different_order_is_not_a_change ... ok
test system_roles_changed_tests::role_set_membership_difference_is_a_change ... ok
test directory_query_tests::directory_person_json_omits_phone_while_user_summary_keeps_it ... ok
test directory_query_tests::identity_face_composes_directory_schemas ... ok
test cedar_shadow_wiring_tests::cedar_error_or_deny_never_changes_role_manage_enforcement ... ok

test result: ok. 19 passed; 0 failed; 0 ignored; 0 measured; 0 filtered out; finished in 0.01s

     Running unittests src/lib.rs (/private/tmp/console-account30-cargo/debug/deps/console_inbox_application-7529538b6c2017cb)

running 1 test
test tests::filter_parses_aliases_and_defaults_to_all ... ok

test result: ok. 1 passed; 0 failed; 0 ignored; 0 measured; 0 filtered out; finished in 0.00s

     Running unittests src/lib.rs (/private/tmp/console-account30-cargo/debug/deps/console_inbox_domain-56d9046077e6ac89)

running 5 tests
test tests::source_ref_must_be_paired ... ok
test tests::legal_notice_requires_notice_type ... ok
test tests::blank_and_overlong_title_rejected ... ok
test tests::payslip_rejects_notice_type_and_requires_object_payload ... ok
test tests::kind_roundtrip_and_receipt_semantics ... ok

test result: ok. 5 passed; 0 failed; 0 ignored; 0 measured; 0 filtered out; finished in 0.00s

     Running unittests src/lib.rs (/private/tmp/console-account30-cargo/debug/deps/console_inspection_domain-89ba9095b6e7f5a4)

running 3 tests
test tests::inspection_enums_roundtrip_db_str_and_reject_unknown ... ok
test tests::validate_interval_days_is_fail_closed_for_non_positive ... ok
test tests::db_wire_tags_are_stable_screaming_snake ... ok

test result: ok. 3 passed; 0 failed; 0 ignored; 0 measured; 0 filtered out; finished in 0.00s

     Running unittests src/lib.rs (/private/tmp/console-account30-cargo/debug/deps/console_integrity-9677b7d1d39f3d11)

running 6 tests
test domain::tests::severity_from_score ... ok
test domain::tests::severity_roundtrip ... ok
test domain::tests::status_roundtrip ... ok
test domain::tests::triage_memo_validation ... ok
test domain::tests::price_outlier_sparse_below_min_sample ... ok
test domain::tests::price_outlier_detects_extreme_value ... ok

test result: ok. 6 passed; 0 failed; 0 ignored; 0 measured; 0 filtered out; finished in 0.00s

     Running unittests src/lib.rs (/private/tmp/console-account30-cargo/debug/deps/console_intelligence_application-97d26d0ace9667d4)

running 7 tests
test tests::not_wired_error_display_is_stable_token ... ok
test tests::crate_manifest_forbids_io_clients ... ok
test tests::draft_actor_has_no_group_id ... ok
test tests::intelligence_draft_port_is_object_safe ... ok
test tests::draft_query_dispatch_target_is_roster_member ... ok
test tests::draft_dto_has_no_file_or_rid_fields ... ok
test tests::not_wired_port_returns_not_wired_yet ... ok

test result: ok. 7 passed; 0 failed; 0 ignored; 0 measured; 0 filtered out; finished in 0.00s

     Running unittests src/lib.rs (/private/tmp/console-account30-cargo/debug/deps/console_inventory_adapter_postgres-3b12b4104b308f5a)

running 3 tests
test tests::occurrence_time_fingerprint_distinguishes_presence_and_canonicalizes_instants ... ok
test tests::cycle_approval_fingerprint_covers_actor_memo_and_optimistic_payload ... ok
test tests::receipt_fingerprint_is_payload_stable_and_source_ref_is_fail_closed ... ok

test result: ok. 3 passed; 0 failed; 0 ignored; 0 measured; 0 filtered out; finished in 0.00s

     Running unittests src/lib.rs (/private/tmp/console-account30-cargo/debug/deps/console_inventory_domain-0d2209eb5b3716df)

running 8 tests
test tests::positive_consumption_rejects_zero_or_negative ... ok
test tests::consumption_rejects_archived_item ... ok
test tests::consumption_tracks_before_after_low_stock_and_cost ... ok
test tests::dispatch_source_carries_dispatch_and_derived_work_order ... ok
test tests::quantity_and_safety_stock_reject_negative_values ... ok
test tests::consumption_rejects_stock_going_negative ... ok
test tests::code_and_unit_are_canonicalized ... ok
test tests::cycle_count_movement_and_variance_wires_match_0191_constraints ... ok

test result: ok. 8 passed; 0 failed; 0 ignored; 0 measured; 0 filtered out; finished in 0.00s

     Running unittests src/lib.rs (/private/tmp/console-account30-cargo/debug/deps/console_inventory_rest-46990ab560288a61)

running 13 tests
test tests::requested_branch_outside_read_scope_is_forbidden ... ok
test tests::route_surface_exposes_reads_and_a_single_audited_consumption_write ... ok
test tests::store_forbidden_maps_to_typed_forbidden_response ... ok
test tests::malformed_inbound_traceparent_is_rejected ... ok
test tests::mutation_reuses_valid_inbound_traceparent ... ok
test tests::inventory_read_and_consume_default_deny_members ... ok
test tests::consume_is_denied_without_the_consume_feature_even_on_a_member_branch ... ok
test tests::custom_grant_order_cannot_false_deny_an_authorized_branch ... ok
test tests::custom_inventory_read_grant_is_intersected_with_membership_scope ... ok
test tests::consume_body_rejects_caller_tenant_or_branch_identity ... ok
test tests::custom_consume_grant_is_narrowed_before_cycle_mutations_reach_the_store ... ok
test tests::consumption_idempotency_key_matches_the_authoritative_character_contract ... ok
test tests::cycle_mutation_bodies_are_strict_camel_case_and_versioned ... ok

test result: ok. 13 passed; 0 failed; 0 ignored; 0 measured; 0 filtered out; finished in 0.00s

     Running unittests src/lib.rs (/private/tmp/console-account30-cargo/debug/deps/console_kernel_core-c68e8b4a865e1a9d)

running 43 tests
test clock::tests::fixed_clock_returns_pinned_instant ... ok
test branch::tests::empty_scope_denies_everything ... ok
test clock::tests::system_clock_is_utc_and_monotonic_enough ... ok
test access_scope::tests::group_scope_projects_to_member_read_scope ... ok
test access_scope::tests::branch_scope_uses_matching_projection_only ... ok
test branch::tests::all_scope_allows_any_branch ... ok
test audit::tests::action_serde_enforces_validation ... ok
test branch::tests::intersection_never_widens_scope ... ok
test branch::tests::disjoint_intersection_is_empty_explicit_scope ... ok
test audit::tests::audit_event_serde_roundtrip_with_snapshots ... ok
test audit::tests::invalid_actions_rejected ... ok
test branch::tests::explicit_scope_allows_only_members ... ok
test access_scope::tests::legacy_org_scope_projects_to_today_behavior ... ok
test audit::tests::valid_actions_accepted ... ok
test ids::tests::fresh_ids_are_unique ... ok
test error::tests::display_includes_kind_and_message ... ok
test ids::tests::invalid_uuid_string_is_rejected ... ok
test price_intel::tests::confidence_tiers ... ok
test error::tests::kind_serializes_snake_case ... ok
test price_intel::tests::high_suspicion_for_extreme_outlier ... ok
test branch::tests::scope_serde_roundtrip ... ok
test audit::tests::audit_event_serde_roundtrip_with_request_context_and_classification ... ok
test ids::tests::ids_are_distinct_types_and_roundtrip_serde ... ok
test ids::tests::ids_parse_from_canonical_uuid_strings ... ok
test redact::tests::short_values_are_fully_masked_to_their_length ... ok
test price_intel::tests::no_flag_for_below_mean ... ok
test validation::tests::accepts_in_range_coordinates ... ok
test price_intel::tests::percentile_median_for_middle_value ... ok
test price_intel::tests::sparse_below_min_sample ... ok
test price_intel::tests::uniform_distribution_no_mad_ratio ... ok
test redact::tests::debug_does_not_leak_raw_value ... ok
test redact::tests::display_masks_all_but_last_four_digits ... ok
test redact::tests::reveal_returns_unmasked_value ... ok
test trace::tests::generated_context_is_valid_by_construction ... ok
test trace::tests::rejects_wrong_lengths_and_uppercase ... ok
test transition::tests::transition_error_maps_to_kernel_invalid_transition ... ok
test validation::tests::bounded_text_counts_code_points_not_bytes ... ok
test trace::tests::serde_roundtrip_validates ... ok
test validation::tests::customer_site_name_bound_matches_db_check ... ok
test validation::tests::coordinate_pair_must_be_complete ... ok
test validation::tests::haversine_meters_is_correct ... ok
test validation::tests::rejects_non_finite_coordinates ... ok
test validation::tests::rejects_out_of_range_coordinates ... ok

test result: ok. 43 passed; 0 failed; 0 ignored; 0 measured; 0 filtered out; finished in 0.00s

     Running unittests src/lib.rs (/private/tmp/console-account30-cargo/debug/deps/console_leave_adapter_postgres-eb61ae9edf034d8c)

running 7 tests
test exact_charge_tests::one_date_can_never_charge_hundreds_of_days ... ok
test statutory_notice_tests::a_round_one_notice_states_the_unused_day_count_and_the_ten_day_reply_duty ... ok
test statutory_notice_tests::the_period_tag_separates_two_leave_years_on_the_same_employee ... ok
test statutory_notice_tests::the_refusal_notice_never_announces_that_the_pay_obligation_is_extinguished ... ok
test exact_charge_tests::policy_pinned_half_day_fractions_are_not_guessed ... ok
test statutory_notice_tests::a_round_two_notice_states_the_designated_dates_it_claims_to_designate ... ok
test statutory_notice_tests::designated_dates_survive_the_notice_payload_round_trip ... ok

test result: ok. 7 passed; 0 failed; 0 ignored; 0 measured; 0 filtered out; finished in 0.00s

     Running unittests src/lib.rs (/private/tmp/console-account30-cargo/debug/deps/console_leave_domain-3dc1397b5e60999b)

running 31 tests
test consult::tests::ample_coverage_makes_time_change_ineligible ... ok
test consult::tests::exited_peers_are_excluded_from_active_headcount_arithmetic ... ok
test consult::tests::coverage_shortfall_is_eligible_when_solo_employee_would_leave_branch_empty ... ok
test consult::tests::second_exercise_in_leave_year_raises_repeat_audit_flag ... ok
test consult::tests::overlapping_approved_leave_can_create_shortfall ... ok
test consult::tests::zero_headcount_cannot_invoke_the_proviso ... ok
test promotion::tests::annual_second_round_deadline_matches_the_published_fiscal_year_answer ... ok
test promotion::tests::first_year_late_track_uses_the_five_day_and_ten_day_periods ... ok
test promotion::tests::month_subtraction_clamps_to_the_end_of_a_shorter_month ... ok
test consult::tests::worker_alternate_cannot_change_leave_type ... ok
test promotion::tests::annual_first_round_window_matches_the_published_fiscal_year_answer ... ok
test promotion::tests::first_year_early_track_uses_the_three_month_and_one_month_periods ... ok
test consult::tests::worker_alternate_dates_must_differ_from_original ... ok
test promotion::tests::round_zero_and_three_are_rejected ... ok
test consult::tests::grounds_code_roundtrip ... ok
test promotion::tests::round_two_waits_out_the_workers_ten_day_reply_window ... ok
test promotion::tests::round_two_requires_a_recorded_round_one ... ok
test promotion::tests::annual_round_one_boundaries_are_inclusive_and_closed_on_both_sides ... ok
test promotion::tests::refusal_requires_a_recorded_round_two_and_stays_inside_the_leave_period ... ok
test promotion::tests::round_two_boundaries_close_on_the_two_month_deadline ... ok
test promotion::tests::a_round_two_notice_must_actually_designate_dates ... ok
test promotion::tests::track_round_trips_through_its_wire_form ... ok
test tests::decision_semantics ... ok
test tests::kr_charter_annual_leave_never_demands_a_reason ... ok
test tests::kr_charter_refusal_is_not_a_decision ... ok
test tests::leave_type_and_status_roundtrip ... ok
test tests::push_validation_routes_each_kind_to_its_statutory_rule ... ok
test tests::new_request_validation ... ok
test tests::time_change_needs_the_employer_grounds_comment ... ok
test tests::historical_balance_amounts_preserve_signed_exact_values ... ok
test tests::leave_units_are_exact_to_one_millionth ... ok

test result: ok. 31 passed; 0 failed; 0 ignored; 0 measured; 0 filtered out; finished in 0.00s

     Running unittests src/lib.rs (/private/tmp/console-account30-cargo/debug/deps/console_leave_rest-2a19e4d03501de5b)

running 10 tests
test tests::missing_leave_command_capability_maps_to_stable_503 ... ok
test tests::kr_charter_refusal_decisions_are_unprocessable ... ok
test tests::exact_leave_units_parser_never_uses_floating_point ... ok
test tests::expected_version_is_the_positive_request_cas_token ... ok
test tests::branch_admin_can_read_and_manage_its_branch ... ok
test tests::member_is_denied_read_and_manage ... ok
test tests::kr_charter_create_body_has_no_reason_field ... ok
test tests::v1_decide_body_accepts_deployed_shape_without_request_cas ... ok
test tests::v2_create_body_requires_stable_submission_key ... ok
test tests::v2_decide_body_requires_request_cas_and_rejects_charge_version ... ok

test result: ok. 10 passed; 0 failed; 0 ignored; 0 measured; 0 filtered out; finished in 0.00s

     Running unittests src/lib.rs (/private/tmp/console-account30-cargo/debug/deps/console_logistics_domain-30fc6f3ab9f6a9b0)

running 4 tests
test tests::allows_each_legal_fulfillment_transition ... ok
test tests::database_state_round_trips_to_the_same_transition_vocabulary ... ok
test tests::fulfillment_state_wire_and_illegal_matrix ... ok
test tests::rejects_illegal_and_terminal_fulfillment_transitions ... ok

test result: ok. 4 passed; 0 failed; 0 ignored; 0 measured; 0 filtered out; finished in 0.00s

     Running unittests src/lib.rs (/private/tmp/console-account30-cargo/debug/deps/console_logistics_rest-c67632badd2285c8)

running 2 tests
test published_evidence_reference_contract::flow_mapping_end_tolerates_ecma_quantifier_inside_quoted_pattern ... ok
test published_evidence_reference_contract::published_schema_and_validator_agree_on_concrete_references ... ok

test result: ok. 2 passed; 0 failed; 0 ignored; 0 measured; 0 filtered out; finished in 0.02s

     Running unittests src/lib.rs (/private/tmp/console-account30-cargo/debug/deps/console_messenger_application-25e53b3c43deef8e)

running 1 test
test tests::read_receipt_serializes_fractional_timestamps_as_rfc3339_strings ... ok

test result: ok. 1 passed; 0 failed; 0 ignored; 0 measured; 0 filtered out; finished in 0.00s

     Running unittests src/lib.rs (/private/tmp/console-account30-cargo/debug/deps/console_messenger_domain-33ad7f96c6d1bd04)

running 7 tests
test tests::presence_status_for_age_thresholds ... ok
test tests::thread_visibility_default_for_named_team_is_channel_else_direct ... ok
test tests::thread_kind_db_str_roundtrip_and_rejects_unknown ... ok
test tests::extract_mention_user_ids_boundary_dedupe_and_mid_word_ignore ... ok
test tests::thread_visibility_db_str_roundtrip_and_rejects_unknown ... ok
test tests::message_body_rejects_empty_whitespace_and_over_max_accepts_valid ... ok
test tests::extract_object_code_refs_wo_shape_rejects_noise_and_caps ... ok

test result: ok. 7 passed; 0 failed; 0 ignored; 0 measured; 0 filtered out; finished in 0.00s

     Running unittests src/lib.rs (/private/tmp/console-account30-cargo/debug/deps/console_notices_domain-4a44e5d1da38fc86)

running 6 tests
test tests::audience_enforces_branch_ids_iff_branches_scope ... ok
test tests::category_roundtrips_and_rejects_unknown ... ok
test tests::new_notice_validates_both_fields ... ok
test tests::body_rejects_blank_and_overlong ... ok
test tests::status_roundtrips_and_rejects_unknown ... ok
test tests::title_rejects_blank_and_overlong ... ok

test result: ok. 6 passed; 0 failed; 0 ignored; 0 measured; 0 filtered out; finished in 0.00s

     Running unittests src/lib.rs (/private/tmp/console-account30-cargo/debug/deps/console_notifications_domain-83a3449cf2b4a0f9)

running 5 tests
test tests::kind_defaults_to_info_and_rejects_blank_and_overlong ... ok
test tests::category_rejects_blank_and_overlong ... ok
test tests::body_rejects_blank_and_overlong ... ok
test tests::policy_scope_enforces_shape_exclusivity ... ok
test tests::link_roundtrips_and_validates ... ok

test result: ok. 5 passed; 0 failed; 0 ignored; 0 measured; 0 filtered out; finished in 0.00s

     Running unittests src/lib.rs (/private/tmp/console-account30-cargo/debug/deps/console_ontology_adapter_postgres-10a2650c7bd3bd14)

running 4 tests
test instances::tests::fixity_recomputes_and_detects_tamper ... ok
test tests::ontology_database_markers_map_only_by_exact_code_and_message ... ok
test tests::unknown_database_errors_are_not_downgraded_to_domain_errors ... ok
test instances::tests::verify_chain_accepts_a_valid_chain_and_rejects_a_broken_one ... ok

test result: ok. 4 passed; 0 failed; 0 ignored; 0 measured; 0 filtered out; finished in 0.00s

     Running unittests src/lib.rs (/private/tmp/console-account30-cargo/debug/deps/console_ontology_application-5ea7cdc0b198fa37)

running 48 tests
test owner28::limits_tests::owner_protocol_duplicate_nested_keys_and_container_limits_refuse ... ok
test draft::schema::tests::unsupported_registered_container_assertion_refuses ... ok
test draft::schema::tests::conflicting_registered_reference_sibling_refuses ... ok
test owner28::limits_tests::owner_protocol_rejects_tag_oversize_and_noncanonical_json ... ok
test owner28::limits_tests::owner_protocol_shared_parse_budget_and_numeric_diagnostics_are_bounded ... ok
test owner28::limits_tests::owner_protocol_truncation_every_boundary_and_trailing_bytes ... ok
test owner28::limits_tests::owner_protocol_schema_and_identity_refusals_do_not_use_fixture_matching ... ok
test owner28::schema::tests::definition_resource_rewrite_preserves_ref_sibling_constraints ... ok
test owner28::schema::tests::missing_reachable_schema_fails_and_decimal_bounds_are_exact ... ok
test owner28::schema::tests::all_fifty_five_registered_input_validators_compile ... ok
test owner28_codec_tests::rust_owner_case_response_matches_independent_literal_bytes ... ok
test owner28_codec_tests::rust_owner_attempt_create_run_matches_independent_literal_bytes ... ok
test owner28_codec_tests::rust_owner_decoder_rejects_public_numeric_tokens_duplicate_keys_and_future_gate_digest ... ok
test owner28_codec_tests::rust_owner_direct_wage_matches_independent_literal_bytes ... ok
test prepared::tests::a_failing_criterion_is_reported_not_raised ... ok
test owner28_codec_tests::rust_owner_gated_calculate_matches_independent_literal_bytes ... ok
test prepared::tests::an_unknown_control_point_refuses_the_whole_command ... ok
test prepared::tests::an_undeclared_param_is_refused ... ok
test prepared::tests::four_eyes_binds_to_the_instance_for_an_edit_and_the_type_for_a_create ... ok
test prepared::tests::gates_read_checklist_and_egress_from_the_one_prepared_command ... ok
test owner28_codec_tests::rust_owner_publication_matches_independent_literal_bytes ... ok
test prepared::tests::malformed_edits_are_refused_at_preparation_not_at_writeback ... ok
test prepared::tests::projected_actions_report_criteria_they_cannot_evaluate ... ok
test prepared::tests::preparation_does_not_require_the_writeback_only_inputs ... ok
test prepared::tests::the_edits_resolve_against_the_base_the_gates_were_evaluated_from ... ok
test prepared::tests::the_writeback_requires_a_command_id ... ok
test tests::edits_resolve_value_and_param_and_reject_ambiguity ... ok
test prepared::tests::the_writeback_requires_an_expected_revision_for_an_instance_edit ... ok
test tests::control_points_parse_and_reject_unknown_gate ... ok
test tests::egress_auto_clears_only_when_no_side_effects ... ok
test tests::evaluation_context_lets_params_win ... ok
test tests::params_enforce_declared_keys_and_required ... ok
test tests::submission_criteria_pass_fail_and_fail_closed ... ok
test draft_patch_snapshot_tests::strict_patch_decoder_preserves_decimal_strings_and_rejects_raw_ambiguity ... ok
test draft_patch_snapshot_tests::set_preserves_full_hidden_sibling_and_basis ... ok
test draft_patch_snapshot_tests::invalid_identity_parent_anchor_and_scope_preserve_entire_input ... ok
test draft_patch_snapshot_tests::duplicate_item_ids_across_registered_collections_refuse ... ok
test draft_patch_snapshot_tests::registered_element_kind_bound_and_partial_minimum_are_distinct ... ok
test draft_patch_snapshot_tests::insert_requires_fresh_live_id_before_later_removal ... ok
test draft_patch_snapshot_tests::source_touch_records_user_then_equal_user_set_is_noop ... ok
test draft_patch_snapshot_tests::schema_binding_and_existing_snapshot_identity_corruption_refuse ... ok
test draft_patch_snapshot_tests::incomplete_text_is_exact_and_typed_repair_preserves_item_identity ... ok
test draft_patch_snapshot_tests::ordered_insert_then_same_address_incomplete_move_and_remove ... ok
test draft_patch_snapshot_tests::clear_unsets_without_removing_and_null_is_distinct ... ok
test draft_patch_snapshot_tests::create_nested_containers_then_edit_children_uses_fixed_paths ... ok
test draft_patch_snapshot_tests::create_container_requires_fresh_live_id_before_subtree_removal ... ok
test draft_patch_snapshot_tests::removing_parent_requires_each_descendant_and_move_preserves_subtree ... ok
test draft_patch_snapshot_tests::structural_refusals_cannot_reset_or_clear_containers_or_guess_parent ... ok

test result: ok. 48 passed; 0 failed; 0 ignored; 0 measured; 0 filtered out; finished in 0.51s

     Running unittests src/lib.rs (/private/tmp/console-account30-cargo/debug/deps/console_ontology_canonical_adapter_postgres-ddde037272d6ef57)

running 8 tests
test company::port_error_kind_tests::blocked_is_validation_and_database_is_internal ... ok
test company::port_error_kind_tests::digest_conflict_is_conflict_not_internal ... ok
test employment::port_error_kind_tests::ambiguous_binding_is_validation ... ok
test employment::port_error_kind_tests::frozen_window_is_conflict_not_internal ... ok
test org_unit_binding::binding_seam_tests::uuid_source_ids_are_unambiguous ... ok
test employment::port_error_kind_tests::digest_conflict_is_conflict_not_internal ... ok
test employment::port_error_kind_tests::frozen_unparseable_date_is_validation_not_internal ... ok
test org_unit_binding::binding_seam_tests::free_text_labels_never_mint_authority ... ok

test result: ok. 8 passed; 0 failed; 0 ignored; 0 measured; 0 filtered out; finished in 0.00s

     Running unittests src/lib.rs (/private/tmp/console-account30-cargo/debug/deps/console_ontology_canonical_domain-b7da2fbfd3d28961)

running 11 tests
test canonical_contract::thirteen_dispatch_targets_verbatim ... ok
test canonical_contract::receipt_owner_roster_is_sized_against_object_key_all ... ok
test canonical_contract::blocked_maps_to_validation_and_database_to_internal ... ok
test canonical_contract::digest_conflict_maps_to_conflict_not_internal ... ok
test canonical_contract::every_object_key_owns_at_least_one_dispatch_target ... ok
test canonical_contract::every_roster_round_trips_over_all ... ok
test canonical_contract::preflight_is_pure_and_reports_blockers ... ok
test canonical_contract::receipt_preserves_the_six_migration_0177_properties ... ok
test canonical_contract::six_named_ports_exist_and_pin_their_object ... ok
test canonical_contract::six_projected_stable_object_keys_verbatim ... ok
test canonical_contract::writer_ownership_registry_is_total_over_object_keys ... ok

test result: ok. 11 passed; 0 failed; 0 ignored; 0 measured; 0 filtered out; finished in 0.00s

     Running unittests src/lib.rs (/private/tmp/console-account30-cargo/debug/deps/console_ontology_domain-8b80d8831057af81)

running 14 tests
test tests::backing_kind_link_cardinality_and_action_dispatch_roundtrip ... ok
test tests::field_kind_known_tags_roundtrip_and_are_known ... ok
test tests::field_kind_degrades_unknown_tag_without_panicking ... ok
test tests::illegal_jumps_are_rejected ... ok
test tests::instance_fsm_allows_discarding_a_never_activated_draft ... ok
test tests::instance_fsm_allows_the_forward_path_and_reversible_archive ... ok
test tests::instance_fsm_rejects_illegal_and_post_dispose_moves ... ok
test tests::instance_lifecycle_state_roundtrips ... ok
test tests::protection_forbids_direct_draft_to_published ... ok
test tests::registry_enum_wire_tags_reject_unknown ... ok
test tests::schema_lifecycle_state_roundtrips ... ok
test tests::supersede_and_retire_are_legal_terminal_moves ... ok
test tests::schema_reviewer_may_return_proposal_to_draft ... ok
test tests::without_protection_draft_may_publish_directly ... ok

test result: ok. 14 passed; 0 failed; 0 ignored; 0 measured; 0 filtered out; finished in 0.00s

     Running unittests src/lib.rs (/private/tmp/console-account30-cargo/debug/deps/console_ontology_rest-3385706f5e9daccf)

running 21 tests
test job_position::tests::free_text_title_alone_is_not_a_job_position_identity ... ok
test job_position::tests::org_entity_summary_shape_is_refused ... ok
test job_position::tests::receipt_result_round_trips_canonical_ids ... ok
test tests::divergent_child_identity_conflict_maps_to_http_409 ... ok
test tests::missing_ontology_command_capability_maps_to_stable_503 ... ok
test tests::command_digest_canonicalizer_sorts_nested_payload_keys ... ok
test projected_dispatch_derivation::every_dispatch_target_in_the_contract_resolves_to_a_port ... ok
test projected_dispatch_derivation::a_roster_target_with_no_port_fails_closed ... ok
test tests::stale_key_precondition_maps_to_412_with_current_etag_and_no_store ... ok
test projected_dispatch_derivation::a_payload_that_decodes_as_a_different_target_is_refused ... ok
test projected_dispatch_derivation::a_subject_bearing_payload_without_target_id_is_refused ... ok
test projected_dispatch_derivation::a_canonical_target_requires_the_idempotency_key ... ok
test projected_dispatch_derivation::a_payload_whose_subject_differs_from_target_id_is_refused ... ok
test tests::command_digest_ignores_current_instance_attributes ... ok
test projected_dispatch_derivation::an_unknown_target_still_fails_closed ... ok
test tests::projected_preflight_reports_the_ports_pure_blockers ... ok
test tests::object_type_if_match_requires_one_strong_key_validator ... ok
test projected_dispatch_derivation::digest_conflict_from_port_surfaces_as_conflict_not_internal ... ok
test projected_dispatch_derivation::diagnostic_unknown_prefix_does_not_classify_an_operation_error ... ok
test projected_dispatch_derivation::a_canonical_target_routes_through_the_derivation ... ok
test projected_dispatch_derivation::typed_completion_unknown_ignores_changing_private_display ... ok

test result: ok. 21 passed; 0 failed; 0 ignored; 0 measured; 0 filtered out; finished in 0.00s

     Running unittests src/lib.rs (/private/tmp/console-account30-cargo/debug/deps/console_orgchange_adapter_postgres-bf69316d3dde5ea1)

running 2 tests
test org_unit_binding::binding_seam_tests::free_text_labels_never_mint_authority ... ok
test org_unit_binding::binding_seam_tests::uuid_source_ids_are_unambiguous ... ok

test result: ok. 2 passed; 0 failed; 0 ignored; 0 measured; 0 filtered out; finished in 0.00s

     Running unittests src/lib.rs (/private/tmp/console-account30-cargo/debug/deps/console_orgchange_domain-0e6f9889afced0b5)

running 8 tests
test tests::terminal_statuses_are_exactly_the_four_documented_ones ... ok
test tests::status_round_trips_through_db_vocabulary ... ok
test tests::rejects_illegal_terminal_and_skip_transitions ... ok
test tests::allows_each_documented_transition ... ok
test tests::approval_chain_order_and_settlement_catalog_are_fixed ... ok
test tests::proposal_validation_fails_closed_on_unbounded_or_no_op_input ... ok
test tests::summary_serializes_effective_date_as_iso_calendar_date ... ok
test tests::proposal_ops_round_trip_their_wire_tags ... ok

test result: ok. 8 passed; 0 failed; 0 ignored; 0 measured; 0 filtered out; finished in 0.00s

     Running unittests src/lib.rs (/private/tmp/console-account30-cargo/debug/deps/console_payroll_adapter_postgres-5db6c393f47c1c77)

running 15 tests
test lifecycle::tests::a_run_with_no_release_gate_record_at_all_is_refused ... ok
test lifecycle::tests::source_amount_selection_is_deterministic_and_fail_closed ... ok
test lifecycle::tests::lifecycle_into_pg_payroll_error_preserves_kernel_kinds ... ok
test lifecycle::tests::release_gate_record_whose_official_source_url_list_holds_a_non_string_is_refused ... ok
test lifecycle::tests::release_gate_record_carries_a_declared_pension_standard_monthly_income_into_the_kernel ... ok
test lifecycle::tests::release_gate_record_whose_nts_tax_row_omits_a_field_is_refused ... ok
test lifecycle::tests::release_gate_record_with_a_negative_stored_amount_is_refused_by_the_kernel ... ok
test lifecycle::tests::release_gate_record_whose_golden_case_omits_calculation_inputs_is_refused ... ok
test lifecycle::tests::release_gate_record_whose_golden_case_amounts_are_not_json_integers_is_refused ... ok
test lifecycle::tests::release_gate_record_whose_golden_case_pay_date_is_unparseable_is_refused ... ok
test pay_run::port_error_kind_tests::digest_conflict_is_conflict_not_internal ... ok
test pay_run::port_error_kind_tests::lifecycle_variants_preserve_kernel_kinds ... ok
test lifecycle::tests::release_gate_record_copied_from_the_rest_fixture_parses_and_has_its_expected_total_compared ... ok
test lifecycle::tests::release_gate_record_with_no_parseable_golden_case_list_is_refused ... ok
test lifecycle::tests::release_gate_record_pins_both_reviewer_kinds_and_refuses_any_third ... ok

test result: ok. 15 passed; 0 failed; 0 ignored; 0 measured; 0 filtered out; finished in 0.00s

     Running unittests src/lib.rs (/private/tmp/console-account30-cargo/debug/deps/console_payroll_domain-047b64c52d8168b9)

running 49 tests
test tests::every_rate_row_carries_an_instrument_article_and_effective_date ... ok
test tests::fsm_refuses_calculate_command_unconditionally ... ok
test tests::health_premium_floor_binds_for_a_low_paid_part_timer ... ok
test tests::golden_case_refuses_withholding_and_is_not_issuable ... ok
test tests::line_calculation_matches_draft_builder_amounts_exactly ... ok
test tests::approval_requires_exact_closed_month_and_is_idempotent_after_persistence ... ok
test tests::approval_fails_closed_on_missing_close_lock_or_exception ... ok
test tests::industrial_accident_emits_null_basis_and_null_rate_never_a_zero ... ok
test tests::line_calculation_refuses_blank_table_version_and_negative_tax ... ok
test tests::builds_severance_pay_from_moel_average_wage_formula ... ok
test tests::caps_national_pension_basis_by_effective_limit ... ok
test tests::approval_rejects_creator_self_approval ... ok
test tests::golden_case_gc_2026_07_kr_monthly_a_matches_the_hand_calculation_to_the_won ... ok
test tests::minimum_wage_check_fails_a_sub_floor_contract_and_refuses_to_pass_without_hours ... ok
test tests::golden_case_survives_the_2026_11_27_ratio_amendment ... ok
test tests::fsm_refuses_mark_issued_command_citing_unimplemented_controls ... ok
test tests::builds_employee_deduction_draft_from_effective_rates_and_supplied_nts_row ... ok
test tests::long_term_care_reads_the_computed_health_premium_not_remuneration ... ok
test tests::release_gate_recomputes_a_case_on_its_declared_pension_standard_monthly_income ... ok
test tests::ordinary_wage_floor_governs_when_three_month_window_is_depressed ... ok
test tests::no_rate_row_is_in_force_before_the_instrument_that_sets_it ... ok
test tests::refuses_to_estimate_income_tax_without_an_nts_table_row ... ok
test tests::release_gate_names_the_case_whose_declared_inputs_cannot_be_recomputed ... ok
test tests::release_gate_accepts_a_golden_case_whose_declared_inputs_recompute_to_its_expected_total ... ok
test tests::release_gate_recomputes_every_golden_case_and_not_only_the_first ... ok
test tests::release_gate_rejects_a_blank_rate_table_version ... ok
test tests::release_gate_rejects_a_blank_reviewer_reference ... ok
test tests::release_gate_rejects_a_case_marked_not_professionally_validated ... ok
test tests::release_gate_rejects_a_case_signed_against_a_different_rate_table_version ... ok
test tests::release_gate_rejects_a_gate_carrying_no_golden_case_at_all ... ok
test tests::release_gate_rejects_a_golden_case_total_the_kernel_does_not_recompute ... ok
test tests::release_gate_rejects_an_absent_professional_validation ... ok
test tests::no_instrument_the_draft_emits_post_dates_the_pay_date_it_is_emitted_on ... ok
test tests::release_gate_rejects_an_artifact_digest_that_is_not_64_hex ... ok
test tests::release_gate_requires_validated_golden_case_and_professional_artifact ... ok
test tests::selects_2026_rates_and_effective_dated_pension_limits ... ok
test tests::severance_pay_refuses_short_service_or_missing_wage_basis ... ok
test tests::the_agreement_gate_blocks_rather_than_picking_a_rounding_default ... ok
test tests::truncates_the_pension_basis_below_1_000_won_before_applying_the_rate ... ok
test tests::severance_pay_refuses_missing_ordinary_wage_floor ... ok
test tests::the_naive_direct_rate_on_remuneration_is_two_won_wrong_for_long_term_care ... ok
test tests::release_gate_rejects_an_empty_official_source_url_list ... ok
test tests::the_withholding_table_version_is_resolved_per_pay_date_across_all_of_2026 ... ok
test tests::the_truncate_clamp_order_is_unobservable_only_because_every_band_bound_is_a_10_000_multiple ... ok
test tests::property_full_payslip_lines_sum_to_totals_and_net_never_exceeds_gross ... ok
test tests::property_net_never_exceeds_gross_and_deductions_are_never_negative ... ok
test tests::national_pension_truncates_the_10_won_remainder_under_article_117 ... ok
test tests::property_component_lines_sum_to_the_stated_total ... ok
test tests::the_agreement_gate_blocks_6_762_of_9_001_sampled_wages ... ok

test result: ok. 49 passed; 0 failed; 0 ignored; 0 measured; 0 filtered out; finished in 0.04s

     Running unittests src/lib.rs (/private/tmp/console-account30-cargo/debug/deps/console_payroll_rest-ff8e6e29aeb9786c)

running 10 tests
test payslip_draft::tests::expected_working_days_counts_weekdays_and_not_calendar_days ... ok
test payslip_draft::tests::period_end_is_derived_not_assumed_to_be_the_31st ... ok
test payslip_draft::tests::an_absent_partial_or_unbalanced_timesheet_blocks_and_a_complete_one_does_not ... ok
test tests::branch_scoped_admin_is_denied_run_read ... ok
test tests::member_is_denied_run_read ... ok
test lifecycle::tests::manage_gate_mirrors_read_gate_exactly ... ok
test payslip_draft::tests::a_malformed_pay_date_is_rejected ... ok
test tests::executive_and_super_admin_can_read_runs ... ok
test payslip_draft::tests::a_malformed_period_is_rejected_rather_than_coerced ... ok
test tests::built_in_admin_is_denied_run_read_even_with_all_branch_scope ... ok

test result: ok. 10 passed; 0 failed; 0 ignored; 0 measured; 0 filtered out; finished in 0.00s

     Running unittests src/lib.rs (/private/tmp/console-account30-cargo/debug/deps/console_payroll_ui-8358075e14608df3)

running 7 tests
test tests::empty_runs_match_unauthenticated_shell ... ok
test tests::shipping_screens_organization_is_ssr_contracts_and_omits_wasm ... ok
test tests::shipping_screens_empty_matches_unauthenticated_shell ... ok
test tests::authorized_runs_carry_contract_keys_and_omit_won ... ok
test tests::shipping_screens_focus_keeps_authorized_nav_and_omits_wasm_off_payroll ... ok
test tests::shipping_screens_home_composes_authorized_sections_only ... ok
test tests::shipping_screens_hr_is_ssr_contracts_and_omits_phone ... ok

test result: ok. 7 passed; 0 failed; 0 ignored; 0 measured; 0 filtered out; finished in 0.00s

     Running unittests src/lib.rs (/private/tmp/console-account30-cargo/debug/deps/console_platform_audit_chain-e291a19ad0349361)

running 5 tests
test tests::canonical_json_is_key_order_independent ... ok
test tests::seal_hash_commits_to_prev ... ok
test tests::null_snapshot_differs_from_json_null ... ok
test tests::lp_encoding_is_injective_across_field_boundaries ... ok
test tests::timestamp_format_is_fixed_width_utc ... ok

test result: ok. 5 passed; 0 failed; 0 ignored; 0 measured; 0 filtered out; finished in 0.00s

     Running unittests src/lib.rs (/private/tmp/console-account30-cargo/debug/deps/console_platform_auth-78ed4b3698d3ad0f)

running 2 tests
test webauthn::tests::mobile_step_up_binding_rejects_zero_replay_attempt ... ok
test webauthn::tests::mobile_step_up_binding_replay_attempt_is_required_but_nullable ... ok

test result: ok. 2 passed; 0 failed; 0 ignored; 0 measured; 0 filtered out; finished in 0.00s

     Running unittests src/lib.rs (/private/tmp/console-account30-cargo/debug/deps/console_platform_authz-b74663255e0664f5)

running 96 tests
test cedar_pbac::authoring::tests::submit_requires_valid_and_review_blocks_self ... ok
test cedar_pbac::authoring::tests::schema_splice_anchor_is_exact ... ok
test cedar_pbac::engine::tests::matrix_generated_role_manage_policy_is_single_super_admin_rule ... ok
test cedar_pbac::authoring::tests::unknown_action_is_invalid ... ok
test cedar_pbac::authoring::tests::non_whitelisted_attr_is_invalid ... ok
test cedar_pbac::authoring::tests::undeclared_object_property_is_still_rejected ... ok
test cedar_pbac::map::tests::canonical_map_entries_are_legacy_only_with_no_bundle_and_derived_ids ... ok
test cedar_pbac::map::tests::canonical_map_json_uses_snake_case_canonical_action_ids ... ok
test cedar_pbac::map::tests::cedar_requiring_mode_fails_closed_without_per_org_bundle ... ok
test cedar_pbac::map::tests::unknown_action_id_fails_closed ... ok
test cedar_pbac::map::tests::unknown_mode_and_empty_resource_type_fail_closed ... ok
test cedar_pbac::map::tests::canonical_map_expands_only_feature_backed_actions_and_scopes_out_the_rest ... ok
test cedar_pbac::mode_contract::compare_lets_cedar_decide ... ok
test cedar_pbac::mode_contract::every_cedar_mode_denies_a_stale_identity ... ok
test cedar_pbac::mode_contract::cedar_only_lets_cedar_decide_and_a_cedar_error_denies ... ok
test cedar_pbac::mode_contract::every_cedar_mode_denies_an_rls_mismatch ... ok
test cedar_pbac::mode_contract::every_cedar_mode_denies_an_invalid_enrollment_map ... ok
test cedar_pbac::mode_contract::every_cedar_mode_denies_an_unavailable_bundle ... ok
test cedar_pbac::mode_contract::legacy_only_lets_legacy_decide_and_cedar_can_neither_grant_nor_veto ... ok
test cedar_pbac::mode_contract::legacy_only_is_the_only_mode_exempt_from_the_fail_closed_guards ... ok
test cedar_pbac::mode_contract::shadow_lets_legacy_enforce_and_the_cedar_policy_outcome_cannot_grant ... ok
test cedar_pbac::mode_contract::shadow_lets_no_cedar_shape_grant_and_credits_every_allow_to_legacy ... ok
test cedar_pbac::residual::tests::membership_lowers_to_any_over_a_bound_array ... ok
test cedar_pbac::residual::tests::forbid_is_and_not_and_can_never_be_out_permitted ... ok
test cedar_pbac::residual::tests::ge_requires_numeric_and_casts_on_instance ... ok
test cedar_pbac::residual::tests::no_permit_denies_by_omission ... ok
test cedar_pbac::residual::tests::owner_scoping_lowers_subject_attr_to_a_bound_literal ... ok
test cedar_pbac::residual::tests::projected_target_maps_field_to_a_gate_checked_column ... ok
test cedar_pbac::residual::tests::unsafe_attributes_column_denies_all ... ok
test cedar_pbac::residual::tests::unconditional_forbid_collapses_whole_filter_to_false ... ok
test cedar_pbac::residual::tests::untranslatable_term_collapses_whole_filter_never_drops ... ok
test resource_branch::tests::a_resource_branch_carries_the_branch_and_tenant_it_was_read_from ... ok
test resource_branch::tests::every_resource_kind_reads_exactly_one_resource_side_table_by_org_and_id ... ok
test temporal::tests::a_grant_with_no_recorded_interval_is_always_effective ... ok
test temporal::tests::an_empty_assignment_set_is_not_an_overlap ... ok
test temporal::tests::an_empty_interval_is_rejected_on_the_wire_too ... ok
test temporal::tests::an_empty_or_inverted_interval_is_rejected ... ok
test temporal::tests::an_inverted_interval_is_rejected_on_the_wire_too ... ok
test temporal::tests::an_open_ended_interval_closes_only_its_lower_end ... ok
test temporal::tests::every_constructible_validity_round_trips_through_serde ... ok
test temporal::tests::a_half_null_interval_does_not_deserialize_into_an_always_effective_grant ... ok
test temporal::tests::an_absent_bound_is_a_refusal_not_a_default ... ok
test temporal::tests::intervals_sharing_a_single_instant_for_one_role_are_rejected ... ok
test temporal::tests::overlap_detection_does_not_depend_on_input_order ... ok
test temporal::tests::the_same_interval_on_two_roles_is_not_an_overlap ... ok
test temporal::tests::touching_half_open_intervals_for_one_role_do_not_overlap ... ok
test temporal::tests::two_interval_less_rows_for_one_role_are_rejected ... ok
test temporal::tests::two_open_ended_intervals_for_one_role_are_rejected ... ok
test temporal::tests::valid_from_is_inside_the_interval_and_valid_to_is_outside ... ok
test tests::a_dated_grant_is_effective_from_valid_from_inclusive_to_valid_to_exclusive ... ok
test tests::a_resource_branch_read_under_another_tenant_is_denied_however_wide_the_scope ... ok
test tests::an_effective_dated_grant_is_invisible_to_authorize_org_wide ... ok
test tests::an_ambiguous_assignment_set_refuses_to_produce_grants ... ok
test tests::an_expired_grant_is_unreachable_from_the_time_blind_grant_list ... ok
test tests::an_effective_dated_grant_is_invisible_to_the_time_blind_entry_points ... ok
test tests::authorize_still_denies_a_resource_branch_outside_scope ... ok
test tests::attendance_management_features_are_admin_and_super_admin_only ... ok
test tests::an_interval_less_grant_decides_identically_on_every_entry_point ... ok
test tests::capability_allows_grant_covering_principal_scope ... ok
test tests::capability_denies_empty_branch_scope_regardless_of_role ... ok
test tests::capability_agrees_with_authorize_on_every_in_scope_branch ... ok
test tests::capability_denies_grant_narrower_than_principal_scope ... ok
test tests::capability_denies_partial_grant_for_all_scoped_principal ... ok
test tests::capability_honors_request_only_permission_level ... ok
test tests::capability_preserves_builtin_admin_on_completion_review ... ok
test tests::capability_replaces_an_order_dependent_grant_verdict_with_a_deny ... ok
test tests::custom_role_runtime_feature_allowed_blocks_only_the_safety_set ... ok
test tests::effective_scope_branch_claim_intersects_live_memberships ... ok
test tests::effective_scope_branch_claim_narrows_live_all ... ok
test tests::effective_scope_fails_closed_on_org_mismatch ... ok
test tests::effective_scope_preserves_legacy_org_live_scope ... ok
test tests::effective_scope_rejects_group_on_ordinary_tenant_routes ... ok
test tests::migrated_sites_keep_todays_admin_verdict ... ok
test tests::effective_scope_sub_org_levels_without_projection_fail_closed ... ok
test tests::one_assignment_is_one_entry_however_many_permissions_it_carries ... ok
test tests::service_authorization_requires_exact_feature_and_branch ... ok
test tests::capability_is_stricter_or_equal_for_every_principal_shape ... ok
test tests::some_is_branch_authorization_for_every_principal_shape ... ok
test tests::the_branch_arm_honors_both_interval_ends_too ... ok
test tests::none_is_branchless_capability_authorization_for_every_principal_shape ... ok
test tests::the_grant_set_resolves_at_decision_time_not_once_per_principal ... ok
test cedar_pbac::engine::tests::invalid_schema_is_not_activated ... ok
test cedar_pbac::engine::tests::matrix_generated_bundle_compiles_and_passes_strict_validation ... ok
test cedar_pbac::authoring::tests::declared_property_type_mismatch_fails_cedar_validation ... ok
test cedar_pbac::authoring::tests::authorize_denies_by_omission_with_no_policies ... ok
test cedar_pbac::authoring::tests::declared_object_property_authors_and_strict_validates ... ok
test cedar_pbac::authoring::tests::owner_permit_generates_and_validates ... ok
test cedar_pbac::engine::tests::invalid_policy_fails_strict_validation_and_is_not_activated ... ok
test cedar_pbac::authoring::tests::simulate_reports_determining_policy_and_no_errors ... ok
test cedar_pbac::engine::tests::evaluate_allows_super_admin_and_denies_others ... ok
test cedar_pbac::engine::tests::per_feature_bundle_keys_differ_across_features ... ok
test cedar_pbac::engine::tests::bundle_digest_is_deterministic_across_compiles ... ok
test cedar_pbac::authoring::tests::object_policy_hides_cross_principal_row ... ok
test cedar_pbac::authoring::tests::forbid_always_wins_over_permit ... ok
test cedar_pbac::engine::tests::per_feature_bundle_matches_the_legacy_matrix ... ok
test cedar_pbac::authoring::tests::resource_type_accepts_dotted_stable_keys_and_still_refuses_everything_else ... ok

test result: ok. 96 passed; 0 failed; 0 ignored; 0 measured; 0 filtered out; finished in 0.04s

     Running unittests src/lib.rs (/private/tmp/console-account30-cargo/debug/deps/console_platform_authz_rest-36e675e8fe43308b)

running 1 test
test store::serde_tests::policy_timestamps_serialize_as_rfc3339_strings ... ok

test result: ok. 1 passed; 0 failed; 0 ignored; 0 measured; 0 filtered out; finished in 0.00s

     Running unittests src/lib.rs (/private/tmp/console-account30-cargo/debug/deps/console_platform_email-4b18d936f8f6520d)

running 7 tests
test tests::validate_rejects_zero_port ... ok
test tests::valid_config_passes_validation ... ok
test tests::stub_mode_parses_only_explicit_non_production_values ... ok
test tests::validate_rejects_empty_host ... ok
test tests::validate_rejects_blank_from_name ... ok
test tests::stub_sender_never_fails_and_does_not_send ... ok
test tests::disabled_sender_fails_closed_without_logging_otp ... ok

test result: ok. 7 passed; 0 failed; 0 ignored; 0 measured; 0 filtered out; finished in 0.00s

     Running unittests src/lib.rs (/private/tmp/console-account30-cargo/debug/deps/console_platform_jobs-cf2dafea9ffe9507)

running 8 tests
test tests::schedule_after_uses_injected_clock ... ok
test soak::tests::floor_to_second_removes_subsecond_precision ... ok
test tests::unique_conflict_detection_only_accepts_idempotency_constraint ... ok
test tests::migration_ledger_accepts_only_successful_forward_rows ... ok
test soak::tests::redact_url_hides_passwords ... ok
test tests::manual_call_required_job_uses_dispatch_scoped_idempotency_key ... ok
test tests::rejects_empty_idempotency_key ... ok
test tests::worker_retention_prunes_only_stale_unreferenced_non_current_workers ... ok

test result: ok. 8 passed; 0 failed; 0 ignored; 0 measured; 0 filtered out; finished in 0.00s

     Running unittests src/lib.rs (/private/tmp/console-account30-cargo/debug/deps/console_platform_push-82b7b5b7d1491440)

running 2 tests
test tests::fcm_config_requires_credentials ... ok
test tests::solapi_hmac_header_is_deterministic ... ok

test result: ok. 2 passed; 0 failed; 0 ignored; 0 measured; 0 filtered out; finished in 0.00s

     Running unittests src/lib.rs (/private/tmp/console-account30-cargo/debug/deps/console_platform_realtime-af585b4a5aa29007)

running 2 tests
test auth_tests::bearer_token_accepts_authorization_header ... ok
test auth_tests::bearer_token_accepts_websocket_subprotocol_pair ... ok

test result: ok. 2 passed; 0 failed; 0 ignored; 0 measured; 0 filtered out; finished in 0.00s

     Running unittests src/lib.rs (/private/tmp/console-account30-cargo/debug/deps/console_platform_request_context-e7328b28acbe45c2)

running 23 tests
test account::exact_authority_binding_acceptance::exact_binding_rejects_each_account_session_and_scope_identity ... ok
test account::exact_authority_binding_acceptance::exact_binding_accepts_equal_current_operands ... ok
test account::exact_authority_binding_acceptance::exact_binding_rejects_each_stale_and_unexpected_future_operand ... ok
test tests::ingress_resolver_rejects_an_untrusted_configured_proxy_suffix ... ok
test tests::ingress_resolver_never_uses_raw_xff_without_a_configured_proxy ... ok
test tests::ingress_resolver_accepts_a_complete_trusted_proxy_suffix ... ok
test tests::audit_ip_uses_direct_peer_when_forwarded_chain_is_insufficient ... ok
test tests::audit_ip_accepts_ingress_resolution_across_multiple_trusted_hops ... ok
test tests::ingress_resolver_rejects_duplicate_forwarded_fields ... ok
test tests::delegated_group_admin_principal_does_not_gain_executive_queue_triage ... ok
test tests::audit_ip_ignores_client_prepended_forwarded_value ... ok
test tests::audit_ip_uses_direct_peer_when_forwarded_chain_is_invalid ... ok
test tests::ingress_resolver_rejects_empty_forwarded_tokens ... ok
test tests::ingress_resolver_rejects_malformed_forwarded_tokens ... ok
test tests::ingress_resolver_rejects_xff_from_an_untrusted_transport_peer ... ok
test tests::nested_audit_context_scope_restores_outer_then_clears ... ok
test diagnostic_nondisclosure_tests::internal_access_scope_failure_does_not_echo_private_diagnostic ... ok
test diagnostic_nondisclosure_tests::branch_resolution_failure_does_not_echo_private_diagnostic ... ok
test diagnostic_nondisclosure_tests::forbidden_access_scope_failure_does_not_echo_private_diagnostic ... ok
test tests::trusted_request_metadata_propagates_exactly_to_audit_context ... ok
test diagnostic_nondisclosure_tests::fixed_public_failure_classes_keep_actionable_statuses ... ok
test diagnostic_nondisclosure_tests::policy_resolution_failure_does_not_echo_private_diagnostic ... ok
test tests::ingress_middleware_reuses_proxy_policy_and_rejects_a_spoofed_suffix ... ok

test result: ok. 23 passed; 0 failed; 0 ignored; 0 measured; 0 filtered out; finished in 0.00s

     Running unittests src/lib.rs (/private/tmp/console-account30-cargo/debug/deps/console_policy_application-8af27d6a6511faa2)

running 1 test
test tests::draft_save_builds_reviewable_artifact_without_enforcement_effect ... ok

test result: ok. 1 passed; 0 failed; 0 ignored; 0 measured; 0 filtered out; finished in 0.00s

     Running unittests src/lib.rs (/private/tmp/console-account30-cargo/debug/deps/console_policy_domain-552aecdccd604064)

running 7 tests
test tests::draft_statuses_are_never_runtime_enforced ... ok
test tests::effect_and_validation_status_roundtrip ... ok
test tests::cedar_policy_status_wire_roundtrips_and_runtime_enforcement ... ok
test tests::review_status_catalog_mapping_never_runtime_enforced ... ok
test tests::selectors_reject_client_supplied_authority_fields ... ok
test tests::validate_key_rejects_empty_uppercase_and_overlong ... ok
test tests::condition_and_principal_constructors_fail_closed ... ok

test result: ok. 7 passed; 0 failed; 0 ignored; 0 measured; 0 filtered out; finished in 0.00s

     Running unittests src/lib.rs (/private/tmp/console-account30-cargo/debug/deps/console_production_rest-e035d79b4a62c63a)

running 5 tests
test service_auth::tests::verifier_is_bound_to_every_authority_dimension ... ok
test digest_tests::idempotency_digest_is_canonical_lowercase_sha256_bytes ... ok
test service_auth::tests::parser_requires_basic_uuid_and_exact_32_byte_secret ... ok
test digest_tests::credential_dto_discloses_only_base64_server_secret_shape ... ok
test digest_tests::ingress_wire_format_remains_tagged_and_disable_receipt_is_explicit ... ok

test result: ok. 5 passed; 0 failed; 0 ignored; 0 measured; 0 filtered out; finished in 0.00s

     Running unittests src/lib.rs (/private/tmp/console-account30-cargo/debug/deps/console_recruiting_application-d840aa86f3f44430)

running 4 tests
test tests::applicant_intake_trims_and_bounds_profile_lines ... ok
test tests::canonical_amount_accepts_bounds_and_rejects_non_canonical_forms ... ok
test tests::offer_terms_and_rejection_parse_their_enums ... ok
test tests::posting_draft_validates_enums_bounds_and_deadline ... ok

test result: ok. 4 passed; 0 failed; 0 ignored; 0 measured; 0 filtered out; finished in 0.00s

     Running unittests src/lib.rs (/private/tmp/console-account30-cargo/debug/deps/console_recruiting_domain-3f1c45fc554bd759)

running 5 tests
test tests::database_values_round_trip_and_unknown_values_fail_by_origin ... ok
test tests::posting_transitions_are_publish_then_close_only ... ok
test tests::pool_daily_never_maps_into_the_hr_employment_vocabulary ... ok
test tests::advance_walks_single_steps_and_fails_closed_at_offer_and_hire_edges ... ok
test tests::posting_vocab_roundtrips_and_input_vs_internal_errors ... ok

test result: ok. 5 passed; 0 failed; 0 ignored; 0 measured; 0 filtered out; finished in 0.00s

     Running unittests src/lib.rs (/private/tmp/console-account30-cargo/debug/deps/console_registry_domain-6346e988db8fdb8c)

running 6 tests
test tests::equipment_drops_blank_management_no ... ok
test tests::customer_and_site_require_non_empty_names ... ok
test tests::equipment_status_korean_wire_roundtrips_and_rejects_unknown ... ok
test tests::equipment_no_rejects_wrong_length_case_dash_and_digits ... ok
test tests::equipment_no_accepts_aaann_nnnn_shape ... ok
test tests::ton_parses_t_suffix_milli_tons_and_keeps_plain_text ... ok

test result: ok. 6 passed; 0 failed; 0 ignored; 0 measured; 0 filtered out; finished in 0.00s

     Running unittests src/lib.rs (/private/tmp/console-account30-cargo/debug/deps/console_registry_rest-de06433213f10c77)

running 2 tests
test tests::registry_capability_preflights_preserve_scope_for_the_store ... ok
test tests::tenant_wide_master_import_requires_org_wide_authority ... ok

test result: ok. 2 passed; 0 failed; 0 ignored; 0 measured; 0 filtered out; finished in 0.00s

     Running unittests src/lib.rs (/private/tmp/console-account30-cargo/debug/deps/console_reporting_adapter_postgres-733ee230a8932f3d)

running 4 tests
test tests::kpi_row_parser_accepts_known_work_order_enums ... ok
test tests::kpi_row_parser_rejects_unknown_status_with_field_value_context ... ok
test tests::kpi_row_parser_rejects_unknown_result_type_with_field_value_context ... ok
test tests::kpi_row_parser_rejects_unknown_priority_with_field_value_context ... ok

test result: ok. 4 passed; 0 failed; 0 ignored; 0 measured; 0 filtered out; finished in 0.00s

     Running unittests src/lib.rs (/private/tmp/console-account30-cargo/debug/deps/console_reporting_application-af147c983ad619e4)

running 10 tests
test analytics_contract_tests::facts_reject_payroll_and_source_kind_mismatches ... ok
test analytics_contract_tests::fact_binding_rejects_cross_vertical_scope_forgery ... ok
test analytics_contract_tests::fact_binding_keeps_cross_scope_authorization_distinct ... ok
test analytics_contract_tests::dashboard_query_carries_context_and_rejects_unauthorized_branches ... ok
test analytics_contract_tests::fact_page_rejects_a_different_authenticated_actor ... ok
test analytics_contract_tests::facts_require_an_explicit_kind_matched_contribution ... ok
test analytics_contract_tests::dashboard_fact_port_rejects_labor_cost_capability ... ok
test analytics_contract_tests::fact_binding_rejects_branch_outside_authorized_scope ... ok
test analytics_contract_tests::labor_cost_query_accepts_only_whole_utc_months ... ok
test analytics_contract_tests::fact_page_requires_a_bounded_issued_capability_contract ... ok

test result: ok. 10 passed; 0 failed; 0 ignored; 0 measured; 0 filtered out; finished in 0.00s

     Running unittests src/lib.rs (/private/tmp/console-account30-cargo/debug/deps/console_reporting_domain-bba7134fa21be85b)

running 7 tests
test tests::analytics_period_is_utc_non_empty_and_half_open ... ok
test tests::labor_cost_requires_a_month_and_refuses_inferred_payroll ... ok
test tests::kpi_rollups_use_typed_work_order_values_without_changing_known_aggregates ... ok
test kpi_export_shaping_tests::company_scope_has_no_id_but_still_labels_the_row ... ok
test kpi_export_shaping_tests::every_row_matches_the_header_width ... ok
test kpi_export_shaping_tests::formats_scope_percentages_seconds_and_delay_reasons ... ok
test tests::duration_evidence_keeps_seconds_exact_and_rejects_invalid_shapes_or_overflow ... ok

test result: ok. 7 passed; 0 failed; 0 ignored; 0 measured; 0 filtered out; finished in 0.00s

     Running unittests src/lib.rs (/private/tmp/console-account30-cargo/debug/deps/console_reporting_rest-8dd025f153988110)

running 3 tests
test tests::scoped_reporting_features_do_not_become_org_wide_only ... ok
test tests::tenant_wide_ops_summary_requires_org_wide_authority ... ok
test tests::kpi_scope_uses_the_requested_branch_or_the_complete_principal_scope ... ok

test result: ok. 3 passed; 0 failed; 0 ignored; 0 measured; 0 filtered out; finished in 0.00s

     Running unittests src/lib.rs (/private/tmp/console-account30-cargo/debug/deps/console_sales_domain-aab626d592de0bc2)

running 5 tests
test tests::only_maintenance_routes_to_repair ... ok
test tests::only_published_and_reserved_are_public ... ok
test tests::parse_rejects_unknown ... ok
test tests::serde_uses_screaming_snake_case ... ok
test tests::enums_round_trip_through_db_strings ... ok

test result: ok. 5 passed; 0 failed; 0 ignored; 0 measured; 0 filtered out; finished in 0.00s

     Running unittests src/lib.rs (/private/tmp/console-account30-cargo/debug/deps/console_support_adapter_postgres-1c8f4bca7714a865)

running 4 tests
test tests::normalized_limit_clamps_and_defaults ... ok
test tests::require_max_chars_accepts_at_the_boundary ... ok
test tests::require_max_chars_counts_unicode_scalars_not_bytes ... ok
test tests::require_max_chars_rejects_over_the_boundary_with_validation ... ok

test result: ok. 4 passed; 0 failed; 0 ignored; 0 measured; 0 filtered out; finished in 0.00s

     Running unittests src/lib.rs (/private/tmp/console-account30-cargo/debug/deps/console_support_application-b99c8a83a165721b)

running 15 tests
test tests::customer_visible_audience_hides_internal_notes ... ok
test tests::case_outbox_intent_is_deterministic_and_contains_no_delivery_url ... ok
test tests::audit_event_with_branch_carries_scope ... ok
test tests::malformed_actor_is_rejected_before_opening_a_transaction ... ok
test tests::wrong_branch_cannot_replay_before_authorization ... ok
test tests::stale_expected_version_is_rejected_without_persistence ... ok
test tests::evidence_binding_commits_matching_case_history_outbox_and_receipt ... ok
test tests::dispatch_handoff_commits_matching_case_history_outbox_and_receipt ... ok
test tests::first_semantic_noop_persists_only_receipt_then_replays_or_conflicts_before_verification ... ok
test tests::case_command_metadata_binds_actor_scope_and_idempotency ... ok
test tests::audit_event_without_branch_is_org_global ... ok
test tests::replay_lookup_follows_case_authorization_and_is_bound_to_canonical_scope_actor_and_case ... ok
test tests::mismatched_receipt_fingerprint_conflicts_without_verification_or_persistence ... ok
test tests::handoff_resolution_commits_matching_case_history_outbox_and_receipt ... ok
test tests::wrong_case_cannot_replay_before_authorization ... ok

test result: ok. 15 passed; 0 failed; 0 ignored; 0 measured; 0 filtered out; finished in 0.00s

     Running unittests src/lib.rs (/private/tmp/console-account30-cargo/debug/deps/console_support_domain-e0645ec16cf2e966)

running 15 tests
test tests::resolved_can_reopen_to_in_progress ... ok
test tests::case_requires_current_version_for_mutation ... ok
test tests::rehydration_rejects_non_contiguous_history ... ok
test tests::valid_transitions_are_accepted ... ok
test tests::sla_due_at_is_derived_from_priority ... ok
test tests::case_handoff_and_evidence_binding_enforce_terminal_and_idempotent_rules ... ok
test tests::db_str_roundtrips_for_all_enums ... ok
test tests::closed_is_terminal ... ok
test tests::no_self_transition_is_allowed ... ok
test tests::acceptance_kind_drives_only_existing_fsm_edges_from_resolved ... ok
test tests::rehydration_rejects_incoherent_handoff_and_evidence_history ... ok
test tests::rehydration_preserves_valid_case_through_read_only_accessors ... ok
test tests::rehydration_rejects_status_projection_that_disagrees_with_history ... ok
test tests::invalid_transitions_are_rejected_for_full_matrix ... ok
test tests::field_enums_roundtrip_db_strings ... ok

test result: ok. 15 passed; 0 failed; 0 ignored; 0 measured; 0 filtered out; finished in 0.00s

     Running unittests src/lib.rs (/private/tmp/console-account30-cargo/debug/deps/console_todos_domain-d707c041c6b39514)

running 3 tests
test tests::text_rejects_blank_and_overlong ... ok
test tests::ref_list_caps_length ... ok
test tests::ref_validates_and_roundtrips ... ok

test result: ok. 3 passed; 0 failed; 0 ignored; 0 measured; 0 filtered out; finished in 0.00s

     Running unittests src/lib.rs (/private/tmp/console-account30-cargo/debug/deps/console_workflow_domain-dcc8f4590d97677a)

running 5 tests
test tests::finalized_runs_are_terminal_and_non_reopenable ... ok
test tests::legal_run_edges_pass_and_illegal_ones_fail ... ok
test tests::node_terminal_states_have_no_outgoing_edges ... ok
test tests::run_status_roundtrips_db_spelling ... ok
test tests::terminal_run_statuses_map_to_the_check_column ... ok

test result: ok. 5 passed; 0 failed; 0 ignored; 0 measured; 0 filtered out; finished in 0.00s

     Running unittests src/lib.rs (/private/tmp/console-account30-cargo/debug/deps/console_workflow_runtime-68efc0d54c81f986)

running 33 tests
test completion::tests::author_finalize_requires_the_initiating_author ... ok
test completion::tests::delegated_finalize_denies_when_legacy_guard_denies ... ok
test authz_guard::tests::legacy_only_allow_is_recorded_not_mutated ... ok
test authz_guard::tests::unknown_policy_fails_closed ... ok
test completion::tests::delegated_finalize_allows_with_reason_and_records_legacy_shadow ... ok
test completion::tests::delegated_finalize_requires_non_blank_reason_before_authorization ... ok
test engine::tests::terminal_run_cannot_be_reopened_for_late_finalization ... ok
test engine::tests::author_finalize_node_parks_run_waiting_before_terminal_success ... ok
test graph::tests::condition_edge_with_invalid_when_label_fails_at_parse ... ok
test graph::tests::condition_missing_a_branch_edge_fails_closed_at_walk ... ok
test graph::tests::condition_node_parses_with_predicate ... ok
test graph::tests::edge_missing_endpoint_fails_at_parse ... ok
test graph::tests::entry_node_is_the_untargeted_node ... ok
test graph::tests::human_node_parses_role_and_policy ... ok
test graph::tests::next_node_follows_the_single_edge ... ok
test graph::tests::no_node_graph_fails_closed ... ok
test graph::tests::simulate_takes_false_branch_to_terminal ... ok
test graph::tests::simulate_takes_true_branch_and_dead_branch_is_absent ... ok
test interpreter::tests::author_finalize_is_a_pre_terminal_waiting_task ... ok
test interpreter::tests::human_task_parks_waiting ... ok
test interpreter::tests::egress_guardrail_fails_closed_without_allowed_decision ... ok
test idempotency::tests::keys_meet_the_spine_length_floor ... ok
test interpreter::tests::guardrail_checklist_opens_audited_waiting_task ... ok
test interpreter::tests::receipt_confirm_is_a_pre_terminal_waiting_task ... ok
test interpreter::tests::job_node_emits_one_keyed_job_event ... ok
test predicate::tests::cmp_and_boolean_combinators_evaluate_deterministically ... ok
test predicate::tests::malformed_predicates_fail_closed_at_parse ... ok
test predicate::tests::eq_ne_in_normalize_int_float_cross_matching ... ok
test trigger::tests::conflicted_run_rejects_definition_drift ... ok
test trigger::tests::conflicted_waiting_run_is_already_started_without_redrive ... ok
test trigger::tests::conflicted_starting_run_transitions_and_resumes_drive ... ok
test interpreter::tests::sod_guardrail_selects_allowed_or_blocked_port_from_server_facts ... ok
test interpreter::tests::guardrail_config_rejects_unknown_fields_and_policies ... ok

test result: ok. 33 passed; 0 failed; 0 ignored; 0 measured; 0 filtered out; finished in 0.00s

     Running unittests src/lib.rs (/private/tmp/console-account30-cargo/debug/deps/console_workflow_runtime_adapter_postgres-090efe1d8c46e7b9)

running 1 test
test tests::ilike_pattern_escapes_metacharacters ... ok

test result: ok. 1 passed; 0 failed; 0 ignored; 0 measured; 0 filtered out; finished in 0.00s

     Running unittests src/lib.rs (/private/tmp/console-account30-cargo/debug/deps/console_workorder_application-2b2da7c03358de42)

running 6 tests
test ai_assistant_port_contract_tests::ai_assistant_port_is_object_safe ... ok
test audit_event_builder_tests::settlement_audit_event_threads_exactly_the_callers_org ... ok
test audit_event_builder_tests::daily_plan_audit_event_threads_exactly_the_callers_org ... ok
test ai_assistant_port_contract_tests::report_draft_contract_carries_work_order_context ... ok
test ai_assistant_port_contract_tests::diagnosis_contract_carries_symptom_and_equipment_model ... ok
test audit_event_builder_tests::work_order_audit_event_threads_exactly_the_callers_org ... ok

test result: ok. 6 passed; 0 failed; 0 ignored; 0 measured; 0 filtered out; finished in 0.00s

     Running unittests src/lib.rs (/private/tmp/console-account30-cargo/debug/deps/console_workorder_domain-62d508d32df71678)

running 8 tests
test tests::maintenance_type_wire_roundtrips_and_rejects_unknown ... ok
test tests::settlement_eligible_work_order_statuses_are_report_review_and_final ... ok
test tests::maintenance_cause_wire_roundtrips_and_rejects_unknown ... ok
test tests::priority_level_wire_roundtrips_and_rejects_unknown ... ok
test tests::work_order_status_wire_roundtrips_and_rejects_unknown ... ok
test tests::settlement_line_kind_wire_roundtrips_and_rejects_unknown ... ok
test tests::settlement_status_wire_roundtrips_and_rejects_unknown ... ok
test tests::validate_status_transition_rejects_illegal_edges_fail_closed ... ok

test result: ok. 8 passed; 0 failed; 0 ignored; 0 measured; 0 filtered out; finished in 0.00s

     Running unittests src/lib.rs (/private/tmp/console-account30-cargo/debug/deps/console_workorder_rest-3405ba33148cb41d)

running 10 tests
test tests::device_audit_branch_is_none_for_an_all_scoped_actor ... ok
test tests::device_audit_branch_is_the_actors_branch_for_a_member ... ok
test tests::normalize_management_no_rejects_empty_input ... ok
test tests::device_registration_is_forbidden_for_an_empty_branch_scope ... ok
test tests::normalize_management_no_strips_hash_and_hogi_suffix ... ok
test tests::work_order_requests_deserialize_rfc3339_timestamps ... ok
test tests::mobile_timestamp_responses_serialize_fractional_rfc3339_strings ... ok
test tests::approval_item_serializes_optional_timestamps_as_rfc3339_strings_or_null ... ok
test tests::work_order_list_item_serializes_timestamps_as_rfc3339_strings ... ok
test tests::work_order_detail_serializes_all_timestamps_as_rfc3339_strings ... ok

test result: ok. 10 passed; 0 failed; 0 ignored; 0 measured; 0 filtered out; finished in 0.00s

   Compiling console-platform-db v0.1.0 (/private/tmp/console-production-tdd-preparation-20260913/backend/crates/platform/db)
   Compiling console-platform-test-support v0.1.0 (/private/tmp/console-production-tdd-preparation-20260913/backend/crates/platform/test-support)
   Compiling console-workflow-runtime v0.1.0 (/private/tmp/console-production-tdd-preparation-20260913/backend/crates/workflow/runtime)
   Compiling console-payroll-ui v0.1.0 (/private/tmp/console-production-tdd-preparation-20260913/backend/crates/payroll/ui)
   Compiling console-intelligence-application v0.1.0 (/private/tmp/console-production-tdd-preparation-20260913/backend/crates/intelligence/application)
   Compiling console-gate-writer-ownership v0.1.0 (/private/tmp/console-production-tdd-preparation-20260913/backend/ci/gates/writer-ownership)
   Compiling console-platform-auth v0.1.0 (/private/tmp/console-production-tdd-preparation-20260913/backend/crates/platform/auth)
   Compiling console-platform-group v0.1.0 (/private/tmp/console-production-tdd-preparation-20260913/backend/crates/platform/group)
   Compiling console-attendance-adapter-postgres v0.1.0 (/private/tmp/console-production-tdd-preparation-20260913/backend/crates/attendance/adapter-postgres)
   Compiling console-workflow-runtime-adapter-postgres v0.1.0 (/private/tmp/console-production-tdd-preparation-20260913/backend/crates/workflow/adapter-postgres)
   Compiling console-platform-audit-chain v0.1.0 (/private/tmp/console-production-tdd-preparation-20260913/backend/crates/platform/audit-chain)
   Compiling console-platform-erasure-ledger v0.1.0 (/private/tmp/console-production-tdd-preparation-20260913/backend/crates/platform/erasure-ledger)
   Compiling console-platform-request-context v0.1.0 (/private/tmp/console-production-tdd-preparation-20260913/backend/crates/platform/request-context)
   Compiling console-platform-provisioning v0.1.0 (/private/tmp/console-production-tdd-preparation-20260913/backend/crates/platform/provisioning)
   Compiling console-platform-storage v0.1.0 (/private/tmp/console-production-tdd-preparation-20260913/backend/crates/platform/storage)
   Compiling console-notifications-adapter-postgres v0.1.0 (/private/tmp/console-production-tdd-preparation-20260913/backend/crates/notifications/adapter-postgres)
   Compiling console-governance-adapter-postgres v0.0.0 (/private/tmp/console-production-tdd-preparation-20260913/backend/crates/governance/adapter-postgres)
   Compiling console-inbox-adapter-postgres v0.1.0 (/private/tmp/console-production-tdd-preparation-20260913/backend/crates/inbox/adapter-postgres)
   Compiling console-dispatch-adapter-postgres v0.1.0 (/private/tmp/console-production-tdd-preparation-20260913/backend/crates/dispatch/adapter-postgres)
   Compiling console-payroll-adapter-postgres v0.1.0 (/private/tmp/console-production-tdd-preparation-20260913/backend/crates/payroll/adapter-postgres)
   Compiling console-messenger-adapter-postgres v0.1.0 (/private/tmp/console-production-tdd-preparation-20260913/backend/crates/messenger/adapter-postgres)
   Compiling console-registry-adapter-postgres v0.1.0 (/private/tmp/console-production-tdd-preparation-20260913/backend/crates/registry/adapter-postgres)
   Compiling console-ontology-canonical-adapter-postgres v0.1.0 (/private/tmp/console-production-tdd-preparation-20260913/backend/crates/ontology/canonical-adapter-postgres)
   Compiling console-ontology-adapter-postgres v0.0.0 (/private/tmp/console-production-tdd-preparation-20260913/backend/crates/ontology/adapter-postgres)
   Compiling console-equipment-adapter-postgres v0.1.0 (/private/tmp/console-production-tdd-preparation-20260913/backend/crates/equipment/adapter-postgres)
   Compiling console-support-adapter-postgres v0.1.0 (/private/tmp/console-production-tdd-preparation-20260913/backend/crates/support/adapter-postgres)
   Compiling console-financial-adapter-postgres v0.0.0 (/private/tmp/console-production-tdd-preparation-20260913/backend/crates/financial/adapter-postgres)
   Compiling console-platform-authz-rest v0.0.0 (/private/tmp/console-production-tdd-preparation-20260913/backend/crates/platform/authz-rest)
   Compiling console-orgchange-adapter-postgres v0.1.0 (/private/tmp/console-production-tdd-preparation-20260913/backend/crates/orgchange/adapter-postgres)
   Compiling console-leave-adapter-postgres v0.1.0 (/private/tmp/console-production-tdd-preparation-20260913/backend/crates/leave/adapter-postgres)
   Compiling console-inventory-adapter-postgres v0.1.0 (/private/tmp/console-production-tdd-preparation-20260913/backend/crates/inventory/adapter-postgres)
   Compiling console-reporting-adapter-postgres v0.1.0 (/private/tmp/console-production-tdd-preparation-20260913/backend/crates/reporting/adapter-postgres)
   Compiling console-logistics-adapter-postgres v0.1.0 (/private/tmp/console-production-tdd-preparation-20260913/backend/crates/logistics/adapter-postgres)
   Compiling console-recruiting-adapter-postgres v0.1.0 (/private/tmp/console-production-tdd-preparation-20260913/backend/crates/recruiting/adapter-postgres)
   Compiling console-finance-gl-adapter-postgres v0.0.0 (/private/tmp/console-production-tdd-preparation-20260913/backend/crates/finance-gl/adapter-postgres)
   Compiling console-compliance-adapter-postgres v0.1.0 (/private/tmp/console-production-tdd-preparation-20260913/backend/crates/compliance/adapter-postgres)
   Compiling console-benefit-adapter-postgres v0.1.0 (/private/tmp/console-production-tdd-preparation-20260913/backend/crates/benefit/adapter-postgres)
   Compiling console-evaluation-adapter-postgres v0.1.0 (/private/tmp/console-production-tdd-preparation-20260913/backend/crates/evaluation/adapter-postgres)
   Compiling console-todos-adapter-postgres v0.1.0 (/private/tmp/console-production-tdd-preparation-20260913/backend/crates/todos/adapter-postgres)
   Compiling console-docs-adapter-postgres v0.1.0 (/private/tmp/console-production-tdd-preparation-20260913/backend/crates/docs/adapter-postgres)
   Compiling console-notices-adapter-postgres v0.1.0 (/private/tmp/console-production-tdd-preparation-20260913/backend/crates/notices/adapter-postgres)
   Compiling console-sales-adapter-postgres v0.1.0 (/private/tmp/console-production-tdd-preparation-20260913/backend/crates/sales/adapter-postgres)
   Compiling console-identity-adapter-postgres v0.1.0 (/private/tmp/console-production-tdd-preparation-20260913/backend/crates/identity/adapter-postgres)
   Compiling console-workorder-adapter-postgres v0.1.0 (/private/tmp/console-production-tdd-preparation-20260913/backend/crates/workorder/adapter-postgres)
   Compiling console-inspection-adapter-postgres v0.0.0 (/private/tmp/console-production-tdd-preparation-20260913/backend/crates/inspection/adapter-postgres)
   Compiling console-comms-adapter-postgres v0.1.0 (/private/tmp/console-production-tdd-preparation-20260913/backend/crates/comms/adapter-postgres)
   Compiling console-governance-rest v0.0.0 (/private/tmp/console-production-tdd-preparation-20260913/backend/crates/governance/rest)
   Compiling console-payroll-rest v0.1.0 (/private/tmp/console-production-tdd-preparation-20260913/backend/crates/payroll/rest)
   Compiling console-registry-rest v0.1.0 (/private/tmp/console-production-tdd-preparation-20260913/backend/crates/registry/rest)
   Compiling console-ontology-rest v0.0.0 (/private/tmp/console-production-tdd-preparation-20260913/backend/crates/ontology/rest)
   Compiling console-recruiting-rest v0.1.0 (/private/tmp/console-production-tdd-preparation-20260913/backend/crates/recruiting/rest)
   Compiling console-todos-rest v0.1.0 (/private/tmp/console-production-tdd-preparation-20260913/backend/crates/todos/rest)
   Compiling console-evaluation-rest v0.1.0 (/private/tmp/console-production-tdd-preparation-20260913/backend/crates/evaluation/rest)
   Compiling console-benefit-rest v0.1.0 (/private/tmp/console-production-tdd-preparation-20260913/backend/crates/benefit/rest)
   Compiling console-finance-gl-rest v0.0.0 (/private/tmp/console-production-tdd-preparation-20260913/backend/crates/finance-gl/rest)
   Compiling console-logistics-rest v0.1.0 (/private/tmp/console-production-tdd-preparation-20260913/backend/crates/logistics/rest)
   Compiling console-compliance-rest v0.1.0 (/private/tmp/console-production-tdd-preparation-20260913/backend/crates/compliance/rest)
   Compiling console-sales-rest v0.1.0 (/private/tmp/console-production-tdd-preparation-20260913/backend/crates/sales/rest)
   Compiling console-docs-rest v0.0.0 (/private/tmp/console-production-tdd-preparation-20260913/backend/crates/docs/rest)
   Compiling console-notices-rest v0.1.0 (/private/tmp/console-production-tdd-preparation-20260913/backend/crates/notices/rest)
   Compiling console-inspection-rest v0.0.0 (/private/tmp/console-production-tdd-preparation-20260913/backend/crates/inspection/rest)
   Compiling console-workorder-rest v0.1.0 (/private/tmp/console-production-tdd-preparation-20260913/backend/crates/workorder/rest)
   Compiling console-identity-rest v0.1.0 (/private/tmp/console-production-tdd-preparation-20260913/backend/crates/identity/rest)
   Compiling console-comms-rest v0.1.0 (/private/tmp/console-production-tdd-preparation-20260913/backend/crates/comms/rest)
   Compiling console-messenger-rest v0.1.0 (/private/tmp/console-production-tdd-preparation-20260913/backend/crates/messenger/rest)
   Compiling console-reporting-rest v0.1.0 (/private/tmp/console-production-tdd-preparation-20260913/backend/crates/reporting/rest)
   Compiling console-financial-rest v0.0.0 (/private/tmp/console-production-tdd-preparation-20260913/backend/crates/financial/rest)
   Compiling console-leave-rest v0.1.0 (/private/tmp/console-production-tdd-preparation-20260913/backend/crates/leave/rest)
   Compiling console-inventory-rest v0.1.0 (/private/tmp/console-production-tdd-preparation-20260913/backend/crates/inventory/rest)
   Compiling console-notifications-rest v0.1.0 (/private/tmp/console-production-tdd-preparation-20260913/backend/crates/notifications/rest)
   Compiling console-equipment-rest v0.1.0 (/private/tmp/console-production-tdd-preparation-20260913/backend/crates/equipment/rest)
   Compiling console-inbox-rest v0.1.0 (/private/tmp/console-production-tdd-preparation-20260913/backend/crates/inbox/rest)
   Compiling console-orgchange-rest v0.1.0 (/private/tmp/console-production-tdd-preparation-20260913/backend/crates/orgchange/rest)
   Compiling console-dispatch-worker v0.1.0 (/private/tmp/console-production-tdd-preparation-20260913/backend/crates/dispatch/worker)
   Compiling console-dispatch-rest v0.1.0 (/private/tmp/console-production-tdd-preparation-20260913/backend/crates/dispatch/rest)
   Compiling console-support-rest v0.1.0 (/private/tmp/console-production-tdd-preparation-20260913/backend/crates/support/rest)
   Compiling console-consulting-rest v0.1.0 (/private/tmp/console-production-tdd-preparation-20260913/backend/crates/consulting/rest)
   Compiling console-analytics-quant-rest v0.1.0 (/private/tmp/console-production-tdd-preparation-20260913/backend/crates/analytics-quant/rest)
   Compiling console-integrity v0.1.0 (/private/tmp/console-production-tdd-preparation-20260913/backend/crates/compliance/integrity)
   Compiling console-platform-auth-rest v0.1.0 (/private/tmp/console-production-tdd-preparation-20260913/backend/crates/platform/auth-rest)
   Compiling console-attendance-rest v0.1.0 (/private/tmp/console-production-tdd-preparation-20260913/backend/crates/attendance/rest)
   Compiling console-platform-realtime v0.1.0 (/private/tmp/console-production-tdd-preparation-20260913/backend/crates/platform/realtime)
   Compiling console-platform-rest v0.1.0 (/private/tmp/console-production-tdd-preparation-20260913/backend/crates/platform/platform-rest)
   Compiling console-production-rest v0.0.0 (/private/tmp/console-production-tdd-preparation-20260913/backend/crates/production/rest)
   Compiling console-facilities-rest v0.1.0 (/private/tmp/console-production-tdd-preparation-20260913/backend/crates/facilities/rest)
   Compiling console-policy-adapter-postgres v0.1.0 (/private/tmp/console-production-tdd-preparation-20260913/backend/crates/policy/adapter-postgres)
   Compiling console-app v0.1.0 (/private/tmp/console-production-tdd-preparation-20260913/backend/app)
    Finished `test` profile [unoptimized + debuginfo] target(s) in 56.73s
warning: the following packages contain code that will be rejected by a future version of Rust: proc-macro-error2 v2.0.1
note: to see what the problems were, use the option `--future-incompat-report`, or run `cargo report future-incompatibilities --id 1`
   Doc-tests console_action_inbox_application

running 0 tests

test result: ok. 0 passed; 0 failed; 0 ignored; 0 measured; 0 filtered out; finished in 0.00s

   Doc-tests console_analytics_quant_rest

running 0 tests

test result: ok. 0 passed; 0 failed; 0 ignored; 0 measured; 0 filtered out; finished in 0.00s

   Doc-tests console_analytics_quant_service

running 0 tests

test result: ok. 0 passed; 0 failed; 0 ignored; 0 measured; 0 filtered out; finished in 0.00s

   Doc-tests console_app

running 0 tests

test result: ok. 0 passed; 0 failed; 0 ignored; 0 measured; 0 filtered out; finished in 0.00s

   Doc-tests console_attendance_adapter_postgres

running 0 tests

test result: ok. 0 passed; 0 failed; 0 ignored; 0 measured; 0 filtered out; finished in 0.00s

   Doc-tests console_attendance_application

running 0 tests

test result: ok. 0 passed; 0 failed; 0 ignored; 0 measured; 0 filtered out; finished in 0.00s

   Doc-tests console_attendance_domain

running 0 tests

test result: ok. 0 passed; 0 failed; 0 ignored; 0 measured; 0 filtered out; finished in 0.00s

   Doc-tests console_attendance_rest

running 0 tests

test result: ok. 0 passed; 0 failed; 0 ignored; 0 measured; 0 filtered out; finished in 0.00s

   Doc-tests console_benefit_adapter_postgres

running 0 tests

test result: ok. 0 passed; 0 failed; 0 ignored; 0 measured; 0 filtered out; finished in 0.00s

   Doc-tests console_benefit_application

running 0 tests

test result: ok. 0 passed; 0 failed; 0 ignored; 0 measured; 0 filtered out; finished in 0.00s

   Doc-tests console_benefit_domain

running 0 tests

test result: ok. 0 passed; 0 failed; 0 ignored; 0 measured; 0 filtered out; finished in 0.00s

   Doc-tests console_benefit_rest

running 0 tests

test result: ok. 0 passed; 0 failed; 0 ignored; 0 measured; 0 filtered out; finished in 0.00s

   Doc-tests console_comms_adapter_imap

running 0 tests

test result: ok. 0 passed; 0 failed; 0 ignored; 0 measured; 0 filtered out; finished in 0.00s

   Doc-tests console_comms_adapter_mox

running 0 tests

test result: ok. 0 passed; 0 failed; 0 ignored; 0 measured; 0 filtered out; finished in 0.00s

   Doc-tests console_comms_adapter_postgres

running 0 tests

test result: ok. 0 passed; 0 failed; 0 ignored; 0 measured; 0 filtered out; finished in 0.00s

   Doc-tests console_comms_adapter_smtp

running 0 tests

test result: ok. 0 passed; 0 failed; 0 ignored; 0 measured; 0 filtered out; finished in 0.00s

   Doc-tests console_comms_application

running 0 tests

test result: ok. 0 passed; 0 failed; 0 ignored; 0 measured; 0 filtered out; finished in 0.00s

   Doc-tests console_comms_credential_cipher

running 0 tests

test result: ok. 0 passed; 0 failed; 0 ignored; 0 measured; 0 filtered out; finished in 0.00s

   Doc-tests console_comms_domain

running 0 tests

test result: ok. 0 passed; 0 failed; 0 ignored; 0 measured; 0 filtered out; finished in 0.00s

   Doc-tests console_comms_mailbox

running 0 tests

test result: ok. 0 passed; 0 failed; 0 ignored; 0 measured; 0 filtered out; finished in 0.00s

   Doc-tests console_comms_rest

running 0 tests

test result: ok. 0 passed; 0 failed; 0 ignored; 0 measured; 0 filtered out; finished in 0.00s

   Doc-tests console_compliance_adapter_postgres

running 0 tests

test result: ok. 0 passed; 0 failed; 0 ignored; 0 measured; 0 filtered out; finished in 0.00s

   Doc-tests console_compliance_application

running 0 tests

test result: ok. 0 passed; 0 failed; 0 ignored; 0 measured; 0 filtered out; finished in 0.00s

   Doc-tests console_compliance_domain

running 0 tests

test result: ok. 0 passed; 0 failed; 0 ignored; 0 measured; 0 filtered out; finished in 0.00s

   Doc-tests console_compliance_rest

running 0 tests

test result: ok. 0 passed; 0 failed; 0 ignored; 0 measured; 0 filtered out; finished in 0.00s

   Doc-tests console_consulting_rest

running 0 tests

test result: ok. 0 passed; 0 failed; 0 ignored; 0 measured; 0 filtered out; finished in 0.00s

   Doc-tests console_contracts

running 0 tests

test result: ok. 0 passed; 0 failed; 0 ignored; 0 measured; 0 filtered out; finished in 0.00s

   Doc-tests console_dispatch_adapter_postgres

running 0 tests

test result: ok. 0 passed; 0 failed; 0 ignored; 0 measured; 0 filtered out; finished in 0.00s

   Doc-tests console_dispatch_application

running 0 tests

test result: ok. 0 passed; 0 failed; 0 ignored; 0 measured; 0 filtered out; finished in 0.00s

   Doc-tests console_dispatch_domain

running 0 tests

test result: ok. 0 passed; 0 failed; 0 ignored; 0 measured; 0 filtered out; finished in 0.00s

   Doc-tests console_dispatch_rest

running 0 tests

test result: ok. 0 passed; 0 failed; 0 ignored; 0 measured; 0 filtered out; finished in 0.00s

   Doc-tests console_dispatch_worker

running 0 tests

test result: ok. 0 passed; 0 failed; 0 ignored; 0 measured; 0 filtered out; finished in 0.00s

   Doc-tests console_docs_adapter_postgres

running 0 tests

test result: ok. 0 passed; 0 failed; 0 ignored; 0 measured; 0 filtered out; finished in 0.00s

   Doc-tests console_docs_application

running 0 tests

test result: ok. 0 passed; 0 failed; 0 ignored; 0 measured; 0 filtered out; finished in 0.00s

   Doc-tests console_docs_domain

running 0 tests

test result: ok. 0 passed; 0 failed; 0 ignored; 0 measured; 0 filtered out; finished in 0.00s

   Doc-tests console_docs_rest

running 0 tests

test result: ok. 0 passed; 0 failed; 0 ignored; 0 measured; 0 filtered out; finished in 0.00s

   Doc-tests console_equipment_adapter_postgres

running 0 tests

test result: ok. 0 passed; 0 failed; 0 ignored; 0 measured; 0 filtered out; finished in 0.00s

   Doc-tests console_equipment_application

running 0 tests

test result: ok. 0 passed; 0 failed; 0 ignored; 0 measured; 0 filtered out; finished in 0.00s

   Doc-tests console_equipment_domain

running 0 tests

test result: ok. 0 passed; 0 failed; 0 ignored; 0 measured; 0 filtered out; finished in 0.00s

   Doc-tests console_equipment_rest

running 0 tests

test result: ok. 0 passed; 0 failed; 0 ignored; 0 measured; 0 filtered out; finished in 0.00s

   Doc-tests console_erp_domain

running 0 tests

test result: ok. 0 passed; 0 failed; 0 ignored; 0 measured; 0 filtered out; finished in 0.00s

   Doc-tests console_evaluation_adapter_postgres

running 0 tests

test result: ok. 0 passed; 0 failed; 0 ignored; 0 measured; 0 filtered out; finished in 0.00s

   Doc-tests console_evaluation_application

running 0 tests

test result: ok. 0 passed; 0 failed; 0 ignored; 0 measured; 0 filtered out; finished in 0.00s

   Doc-tests console_evaluation_domain

running 0 tests

test result: ok. 0 passed; 0 failed; 0 ignored; 0 measured; 0 filtered out; finished in 0.00s

   Doc-tests console_evaluation_rest

running 0 tests

test result: ok. 0 passed; 0 failed; 0 ignored; 0 measured; 0 filtered out; finished in 0.00s

   Doc-tests console_facilities_rest

running 0 tests

test result: ok. 0 passed; 0 failed; 0 ignored; 0 measured; 0 filtered out; finished in 0.00s

   Doc-tests console_finance_gl_adapter_postgres

running 0 tests

test result: ok. 0 passed; 0 failed; 0 ignored; 0 measured; 0 filtered out; finished in 0.00s

   Doc-tests console_finance_gl_application

running 0 tests

test result: ok. 0 passed; 0 failed; 0 ignored; 0 measured; 0 filtered out; finished in 0.00s

   Doc-tests console_finance_gl_domain

running 0 tests

test result: ok. 0 passed; 0 failed; 0 ignored; 0 measured; 0 filtered out; finished in 0.00s

   Doc-tests console_finance_gl_rest

running 0 tests

test result: ok. 0 passed; 0 failed; 0 ignored; 0 measured; 0 filtered out; finished in 0.00s

   Doc-tests console_financial_adapter_postgres

running 0 tests

test result: ok. 0 passed; 0 failed; 0 ignored; 0 measured; 0 filtered out; finished in 0.00s

   Doc-tests console_financial_application

running 0 tests

test result: ok. 0 passed; 0 failed; 0 ignored; 0 measured; 0 filtered out; finished in 0.00s

   Doc-tests console_financial_domain

running 0 tests

test result: ok. 0 passed; 0 failed; 0 ignored; 0 measured; 0 filtered out; finished in 0.00s

   Doc-tests console_financial_rest

running 0 tests

test result: ok. 0 passed; 0 failed; 0 ignored; 0 measured; 0 filtered out; finished in 0.00s

   Doc-tests console_gate_audit_coverage

running 0 tests

test result: ok. 0 passed; 0 failed; 0 ignored; 0 measured; 0 filtered out; finished in 0.00s

   Doc-tests console_gate_dev_auth_absence

running 0 tests

test result: ok. 0 passed; 0 failed; 0 ignored; 0 measured; 0 filtered out; finished in 0.00s

   Doc-tests console_gate_fabricated_branch

running 1 test
test ci/gates/fabricated-branch/src/lib.rs - (line 8) ... ignored

test result: ok. 0 passed; 0 failed; 1 ignored; 0 measured; 0 filtered out; finished in 0.00s


running 1 test
test ci/gates/fabricated-branch/src/lib.rs - continues_on_next_line (line 306) ... ignored

test result: ok. 0 passed; 0 failed; 1 ignored; 0 measured; 0 filtered out; finished in 0.00s

all doctests ran in 1.41s; merged doctests compilation took 1.18s
   Doc-tests console_gate_iac_tier

running 0 tests

test result: ok. 0 passed; 0 failed; 0 ignored; 0 measured; 0 filtered out; finished in 0.00s

   Doc-tests console_gate_layer_boundary

running 0 tests

test result: ok. 0 passed; 0 failed; 0 ignored; 0 measured; 0 filtered out; finished in 0.00s

   Doc-tests console_gate_migration_safety

running 0 tests

test result: ok. 0 passed; 0 failed; 0 ignored; 0 measured; 0 filtered out; finished in 0.00s

   Doc-tests console_gate_personal_data_classification

running 0 tests

test result: ok. 0 passed; 0 failed; 0 ignored; 0 measured; 0 filtered out; finished in 0.00s

   Doc-tests console_gate_pii_no_logs

running 0 tests

test result: ok. 0 passed; 0 failed; 0 ignored; 0 measured; 0 filtered out; finished in 0.00s

   Doc-tests console_gate_rls_arming

running 0 tests

test result: ok. 0 passed; 0 failed; 0 ignored; 0 measured; 0 filtered out; finished in 0.00s

   Doc-tests console_gate_tenant_isolation

running 0 tests

test result: ok. 0 passed; 0 failed; 0 ignored; 0 measured; 0 filtered out; finished in 0.00s

   Doc-tests console_gate_vendor_lockin

running 0 tests

test result: ok. 0 passed; 0 failed; 0 ignored; 0 measured; 0 filtered out; finished in 0.00s

   Doc-tests console_gate_writer_ownership

running 0 tests

test result: ok. 0 passed; 0 failed; 0 ignored; 0 measured; 0 filtered out; finished in 0.00s

   Doc-tests console_governance_adapter_postgres

running 0 tests

test result: ok. 0 passed; 0 failed; 0 ignored; 0 measured; 0 filtered out; finished in 0.00s

   Doc-tests console_governance_application

running 0 tests

test result: ok. 0 passed; 0 failed; 0 ignored; 0 measured; 0 filtered out; finished in 0.00s

   Doc-tests console_governance_domain

running 0 tests

test result: ok. 0 passed; 0 failed; 0 ignored; 0 measured; 0 filtered out; finished in 0.00s

   Doc-tests console_governance_rest

running 0 tests

test result: ok. 0 passed; 0 failed; 0 ignored; 0 measured; 0 filtered out; finished in 0.00s

   Doc-tests console_identity_adapter_postgres

running 0 tests

test result: ok. 0 passed; 0 failed; 0 ignored; 0 measured; 0 filtered out; finished in 0.00s

   Doc-tests console_identity_application

running 0 tests

test result: ok. 0 passed; 0 failed; 0 ignored; 0 measured; 0 filtered out; finished in 0.00s

   Doc-tests console_identity_domain

running 0 tests

test result: ok. 0 passed; 0 failed; 0 ignored; 0 measured; 0 filtered out; finished in 0.00s

   Doc-tests console_identity_rest

running 0 tests

test result: ok. 0 passed; 0 failed; 0 ignored; 0 measured; 0 filtered out; finished in 0.00s

   Doc-tests console_inbox_adapter_postgres

running 0 tests

test result: ok. 0 passed; 0 failed; 0 ignored; 0 measured; 0 filtered out; finished in 0.00s

   Doc-tests console_inbox_application

running 0 tests

test result: ok. 0 passed; 0 failed; 0 ignored; 0 measured; 0 filtered out; finished in 0.00s

   Doc-tests console_inbox_domain

running 0 tests

test result: ok. 0 passed; 0 failed; 0 ignored; 0 measured; 0 filtered out; finished in 0.00s

   Doc-tests console_inbox_rest

running 0 tests

test result: ok. 0 passed; 0 failed; 0 ignored; 0 measured; 0 filtered out; finished in 0.00s

   Doc-tests console_inspection_adapter_postgres

running 0 tests

test result: ok. 0 passed; 0 failed; 0 ignored; 0 measured; 0 filtered out; finished in 0.00s

   Doc-tests console_inspection_application

running 0 tests

test result: ok. 0 passed; 0 failed; 0 ignored; 0 measured; 0 filtered out; finished in 0.00s

   Doc-tests console_inspection_domain

running 0 tests

test result: ok. 0 passed; 0 failed; 0 ignored; 0 measured; 0 filtered out; finished in 0.00s

   Doc-tests console_inspection_rest

running 0 tests

test result: ok. 0 passed; 0 failed; 0 ignored; 0 measured; 0 filtered out; finished in 0.00s

   Doc-tests console_integrity

running 0 tests

test result: ok. 0 passed; 0 failed; 0 ignored; 0 measured; 0 filtered out; finished in 0.00s

   Doc-tests console_intelligence_application

running 0 tests

test result: ok. 0 passed; 0 failed; 0 ignored; 0 measured; 0 filtered out; finished in 0.00s

   Doc-tests console_inventory_adapter_postgres

running 0 tests

test result: ok. 0 passed; 0 failed; 0 ignored; 0 measured; 0 filtered out; finished in 0.00s

   Doc-tests console_inventory_application

running 0 tests

test result: ok. 0 passed; 0 failed; 0 ignored; 0 measured; 0 filtered out; finished in 0.00s

   Doc-tests console_inventory_domain

running 0 tests

test result: ok. 0 passed; 0 failed; 0 ignored; 0 measured; 0 filtered out; finished in 0.00s

   Doc-tests console_inventory_rest

running 0 tests

test result: ok. 0 passed; 0 failed; 0 ignored; 0 measured; 0 filtered out; finished in 0.00s

   Doc-tests console_kernel_core

running 0 tests

test result: ok. 0 passed; 0 failed; 0 ignored; 0 measured; 0 filtered out; finished in 0.00s

   Doc-tests console_leave_adapter_postgres

running 0 tests

test result: ok. 0 passed; 0 failed; 0 ignored; 0 measured; 0 filtered out; finished in 0.00s

   Doc-tests console_leave_application

running 0 tests

test result: ok. 0 passed; 0 failed; 0 ignored; 0 measured; 0 filtered out; finished in 0.00s

   Doc-tests console_leave_domain

running 0 tests

test result: ok. 0 passed; 0 failed; 0 ignored; 0 measured; 0 filtered out; finished in 0.00s

   Doc-tests console_leave_rest

running 0 tests

test result: ok. 0 passed; 0 failed; 0 ignored; 0 measured; 0 filtered out; finished in 0.00s

   Doc-tests console_logistics_adapter_postgres

running 0 tests

test result: ok. 0 passed; 0 failed; 0 ignored; 0 measured; 0 filtered out; finished in 0.00s

   Doc-tests console_logistics_application

running 0 tests

test result: ok. 0 passed; 0 failed; 0 ignored; 0 measured; 0 filtered out; finished in 0.00s

   Doc-tests console_logistics_domain

running 0 tests

test result: ok. 0 passed; 0 failed; 0 ignored; 0 measured; 0 filtered out; finished in 0.00s

   Doc-tests console_logistics_rest

running 0 tests

test result: ok. 0 passed; 0 failed; 0 ignored; 0 measured; 0 filtered out; finished in 0.00s

   Doc-tests console_messenger_adapter_postgres

running 0 tests

test result: ok. 0 passed; 0 failed; 0 ignored; 0 measured; 0 filtered out; finished in 0.00s

   Doc-tests console_messenger_application

running 0 tests

test result: ok. 0 passed; 0 failed; 0 ignored; 0 measured; 0 filtered out; finished in 0.00s

   Doc-tests console_messenger_domain

running 0 tests

test result: ok. 0 passed; 0 failed; 0 ignored; 0 measured; 0 filtered out; finished in 0.00s

   Doc-tests console_messenger_rest

running 0 tests

test result: ok. 0 passed; 0 failed; 0 ignored; 0 measured; 0 filtered out; finished in 0.00s

   Doc-tests console_notices_adapter_postgres

running 0 tests

test result: ok. 0 passed; 0 failed; 0 ignored; 0 measured; 0 filtered out; finished in 0.00s

   Doc-tests console_notices_application

running 0 tests

test result: ok. 0 passed; 0 failed; 0 ignored; 0 measured; 0 filtered out; finished in 0.00s

   Doc-tests console_notices_domain

running 0 tests

test result: ok. 0 passed; 0 failed; 0 ignored; 0 measured; 0 filtered out; finished in 0.00s

   Doc-tests console_notices_rest

running 0 tests

test result: ok. 0 passed; 0 failed; 0 ignored; 0 measured; 0 filtered out; finished in 0.00s

   Doc-tests console_notifications_adapter_postgres

running 0 tests

test result: ok. 0 passed; 0 failed; 0 ignored; 0 measured; 0 filtered out; finished in 0.00s

   Doc-tests console_notifications_application

running 0 tests

test result: ok. 0 passed; 0 failed; 0 ignored; 0 measured; 0 filtered out; finished in 0.00s

   Doc-tests console_notifications_domain

running 0 tests

test result: ok. 0 passed; 0 failed; 0 ignored; 0 measured; 0 filtered out; finished in 0.00s

   Doc-tests console_notifications_rest

running 0 tests

test result: ok. 0 passed; 0 failed; 0 ignored; 0 measured; 0 filtered out; finished in 0.00s

   Doc-tests console_ontology_adapter_postgres

running 0 tests

test result: ok. 0 passed; 0 failed; 0 ignored; 0 measured; 0 filtered out; finished in 0.00s

   Doc-tests console_ontology_application

running 0 tests

test result: ok. 0 passed; 0 failed; 0 ignored; 0 measured; 0 filtered out; finished in 0.00s

   Doc-tests console_ontology_canonical_adapter_postgres

running 0 tests

test result: ok. 0 passed; 0 failed; 0 ignored; 0 measured; 0 filtered out; finished in 0.00s

   Doc-tests console_ontology_canonical_domain

running 0 tests

test result: ok. 0 passed; 0 failed; 0 ignored; 0 measured; 0 filtered out; finished in 0.00s

   Doc-tests console_ontology_domain

running 0 tests

test result: ok. 0 passed; 0 failed; 0 ignored; 0 measured; 0 filtered out; finished in 0.00s

   Doc-tests console_ontology_rest

running 0 tests

test result: ok. 0 passed; 0 failed; 0 ignored; 0 measured; 0 filtered out; finished in 0.00s

   Doc-tests console_orgchange_adapter_postgres

running 0 tests

test result: ok. 0 passed; 0 failed; 0 ignored; 0 measured; 0 filtered out; finished in 0.00s

   Doc-tests console_orgchange_domain

running 0 tests

test result: ok. 0 passed; 0 failed; 0 ignored; 0 measured; 0 filtered out; finished in 0.00s

   Doc-tests console_orgchange_rest

running 0 tests

test result: ok. 0 passed; 0 failed; 0 ignored; 0 measured; 0 filtered out; finished in 0.00s

   Doc-tests console_payroll_adapter_postgres

running 0 tests

test result: ok. 0 passed; 0 failed; 0 ignored; 0 measured; 0 filtered out; finished in 0.00s

   Doc-tests console_payroll_domain

running 0 tests

test result: ok. 0 passed; 0 failed; 0 ignored; 0 measured; 0 filtered out; finished in 0.00s

   Doc-tests console_payroll_rest

running 0 tests

test result: ok. 0 passed; 0 failed; 0 ignored; 0 measured; 0 filtered out; finished in 0.00s

   Doc-tests console_payroll_ui

running 0 tests

test result: ok. 0 passed; 0 failed; 0 ignored; 0 measured; 0 filtered out; finished in 0.00s

   Doc-tests console_platform_audit_chain

running 0 tests

test result: ok. 0 passed; 0 failed; 0 ignored; 0 measured; 0 filtered out; finished in 0.00s

   Doc-tests console_platform_auth

running 0 tests

test result: ok. 0 passed; 0 failed; 0 ignored; 0 measured; 0 filtered out; finished in 0.00s

   Doc-tests console_platform_auth_rest

running 0 tests

test result: ok. 0 passed; 0 failed; 0 ignored; 0 measured; 0 filtered out; finished in 0.00s

   Doc-tests console_platform_authz

running 7 tests
test crates/platform/authz/src/resource_branch.rs - resource_branch::ResourceBranch (line 207) ... ok
test crates/platform/authz/src/temporal.rs - temporal::GrantValidity (line 52) ... ok
test crates/platform/authz/src/lib.rs - authorize (line 1619) ... ok
test crates/platform/authz/src/resource_branch.rs - resource_branch::ResourceBranch (line 148) ... ok
test crates/platform/authz/src/lib.rs - authorize_scoped (line 1455) ... ok
test crates/platform/authz/src/lib.rs - authorize_scoped (line 1478) ... ok
test crates/platform/authz/src/resource_branch.rs - resource_branch::ResourceBranch (line 228) ... ok

test result: ok. 7 passed; 0 failed; 0 ignored; 0 measured; 0 filtered out; finished in 0.01s


running 10 tests
test crates/platform/authz/src/temporal.rs - temporal::GrantValidity (line 60) - compile fail ... ok
test crates/platform/authz/src/resource_branch.rs - resource_branch::ResourceBranch (line 195) - compile fail ... ok
test crates/platform/authz/src/lib.rs - authorize (line 1607) - compile fail ... ok
test crates/platform/authz/src/resource_branch.rs - resource_branch::ResourceBranch (line 173) - compile fail ... ok
test crates/platform/authz/src/lib.rs - authorize_scoped (line 1466) - compile fail ... ok
test crates/platform/authz/src/lib.rs - authorize_scoped (line 1501) - compile fail ... ok
test crates/platform/authz/src/resource_branch.rs - resource_branch::ResourceBranch (line 161) - compile fail ... ok
test crates/platform/authz/src/lib.rs - authorize_scoped (line 1527) - compile fail ... ok
test crates/platform/authz/src/resource_branch.rs - resource_branch::ResourceBranch (line 182) - compile fail ... ok
test crates/platform/authz/src/resource_branch.rs - resource_branch::ResourceBranch (line 221) - compile fail ... ok

test result: ok. 10 passed; 0 failed; 0 ignored; 0 measured; 0 filtered out; finished in 2.93s

all doctests ran in 4.64s; merged doctests compilation took 1.46s
   Doc-tests console_platform_authz_rest

running 0 tests

test result: ok. 0 passed; 0 failed; 0 ignored; 0 measured; 0 filtered out; finished in 0.00s

   Doc-tests console_platform_db

running 3 tests
test crates/platform/db/src/audit_tx.rs - audit_tx::with_audit (line 48) ... ignored
test crates/platform/db/src/audit_tx.rs - audit_tx::with_org_conn (line 225) ... ignored
test crates/platform/db/src/versioning.rs - versioning (line 30) ... ignored

test result: ok. 0 passed; 0 failed; 3 ignored; 0 measured; 0 filtered out; finished in 0.00s

all doctests ran in 1.33s; merged doctests compilation took 1.15s
   Doc-tests console_platform_email

running 0 tests

test result: ok. 0 passed; 0 failed; 0 ignored; 0 measured; 0 filtered out; finished in 0.00s

   Doc-tests console_platform_erasure_ledger

running 0 tests

test result: ok. 0 passed; 0 failed; 0 ignored; 0 measured; 0 filtered out; finished in 0.00s

   Doc-tests console_platform_excel

running 0 tests

test result: ok. 0 passed; 0 failed; 0 ignored; 0 measured; 0 filtered out; finished in 0.00s

   Doc-tests console_platform_group

running 0 tests

test result: ok. 0 passed; 0 failed; 0 ignored; 0 measured; 0 filtered out; finished in 0.00s

   Doc-tests console_platform_jobs

running 0 tests

test result: ok. 0 passed; 0 failed; 0 ignored; 0 measured; 0 filtered out; finished in 0.00s

   Doc-tests console_platform_provisioning

running 0 tests

test result: ok. 0 passed; 0 failed; 0 ignored; 0 measured; 0 filtered out; finished in 0.00s

   Doc-tests console_platform_push

running 0 tests

test result: ok. 0 passed; 0 failed; 0 ignored; 0 measured; 0 filtered out; finished in 0.00s

   Doc-tests console_platform_realtime

running 0 tests

test result: ok. 0 passed; 0 failed; 0 ignored; 0 measured; 0 filtered out; finished in 0.00s

   Doc-tests console_platform_request_context

running 0 tests

test result: ok. 0 passed; 0 failed; 0 ignored; 0 measured; 0 filtered out; finished in 0.00s

   Doc-tests console_platform_rest

running 0 tests

test result: ok. 0 passed; 0 failed; 0 ignored; 0 measured; 0 filtered out; finished in 0.00s

   Doc-tests console_platform_storage

running 0 tests

test result: ok. 0 passed; 0 failed; 0 ignored; 0 measured; 0 filtered out; finished in 0.00s

   Doc-tests console_platform_test_support

running 0 tests

test result: ok. 0 passed; 0 failed; 0 ignored; 0 measured; 0 filtered out; finished in 0.00s

   Doc-tests console_policy_adapter_postgres

running 0 tests

test result: ok. 0 passed; 0 failed; 0 ignored; 0 measured; 0 filtered out; finished in 0.00s

   Doc-tests console_policy_application

running 0 tests

test result: ok. 0 passed; 0 failed; 0 ignored; 0 measured; 0 filtered out; finished in 0.00s

   Doc-tests console_policy_domain

running 0 tests

test result: ok. 0 passed; 0 failed; 0 ignored; 0 measured; 0 filtered out; finished in 0.00s

   Doc-tests console_production_rest

running 0 tests

test result: ok. 0 passed; 0 failed; 0 ignored; 0 measured; 0 filtered out; finished in 0.00s

   Doc-tests console_recruiting_adapter_postgres

running 0 tests

test result: ok. 0 passed; 0 failed; 0 ignored; 0 measured; 0 filtered out; finished in 0.00s

   Doc-tests console_recruiting_application

running 0 tests

test result: ok. 0 passed; 0 failed; 0 ignored; 0 measured; 0 filtered out; finished in 0.00s

   Doc-tests console_recruiting_domain

running 0 tests

test result: ok. 0 passed; 0 failed; 0 ignored; 0 measured; 0 filtered out; finished in 0.00s

   Doc-tests console_recruiting_rest

running 0 tests

test result: ok. 0 passed; 0 failed; 0 ignored; 0 measured; 0 filtered out; finished in 0.00s

   Doc-tests console_registry_adapter_postgres

running 0 tests

test result: ok. 0 passed; 0 failed; 0 ignored; 0 measured; 0 filtered out; finished in 0.00s

   Doc-tests console_registry_application

running 0 tests

test result: ok. 0 passed; 0 failed; 0 ignored; 0 measured; 0 filtered out; finished in 0.00s

   Doc-tests console_registry_domain

running 0 tests

test result: ok. 0 passed; 0 failed; 0 ignored; 0 measured; 0 filtered out; finished in 0.00s

   Doc-tests console_registry_rest

running 0 tests

test result: ok. 0 passed; 0 failed; 0 ignored; 0 measured; 0 filtered out; finished in 0.00s

   Doc-tests console_reporting_adapter_postgres

running 0 tests

test result: ok. 0 passed; 0 failed; 0 ignored; 0 measured; 0 filtered out; finished in 0.00s

   Doc-tests console_reporting_application

running 0 tests

test result: ok. 0 passed; 0 failed; 0 ignored; 0 measured; 0 filtered out; finished in 0.00s

   Doc-tests console_reporting_domain

running 0 tests

test result: ok. 0 passed; 0 failed; 0 ignored; 0 measured; 0 filtered out; finished in 0.00s

   Doc-tests console_reporting_rest

running 0 tests

test result: ok. 0 passed; 0 failed; 0 ignored; 0 measured; 0 filtered out; finished in 0.00s

   Doc-tests console_sales_adapter_postgres

running 0 tests

test result: ok. 0 passed; 0 failed; 0 ignored; 0 measured; 0 filtered out; finished in 0.00s

   Doc-tests console_sales_application

running 0 tests

test result: ok. 0 passed; 0 failed; 0 ignored; 0 measured; 0 filtered out; finished in 0.00s

   Doc-tests console_sales_domain

running 0 tests

test result: ok. 0 passed; 0 failed; 0 ignored; 0 measured; 0 filtered out; finished in 0.00s

   Doc-tests console_sales_rest

running 0 tests

test result: ok. 0 passed; 0 failed; 0 ignored; 0 measured; 0 filtered out; finished in 0.00s

   Doc-tests console_support_adapter_postgres

running 0 tests

test result: ok. 0 passed; 0 failed; 0 ignored; 0 measured; 0 filtered out; finished in 0.00s

   Doc-tests console_support_application

running 0 tests

test result: ok. 0 passed; 0 failed; 0 ignored; 0 measured; 0 filtered out; finished in 0.00s

   Doc-tests console_support_domain

running 0 tests

test result: ok. 0 passed; 0 failed; 0 ignored; 0 measured; 0 filtered out; finished in 0.00s

   Doc-tests console_support_rest

running 0 tests

test result: ok. 0 passed; 0 failed; 0 ignored; 0 measured; 0 filtered out; finished in 0.00s

   Doc-tests console_todos_adapter_postgres

running 0 tests

test result: ok. 0 passed; 0 failed; 0 ignored; 0 measured; 0 filtered out; finished in 0.00s

   Doc-tests console_todos_application

running 0 tests

test result: ok. 0 passed; 0 failed; 0 ignored; 0 measured; 0 filtered out; finished in 0.00s

   Doc-tests console_todos_domain

running 0 tests

test result: ok. 0 passed; 0 failed; 0 ignored; 0 measured; 0 filtered out; finished in 0.00s

   Doc-tests console_todos_rest

running 0 tests

test result: ok. 0 passed; 0 failed; 0 ignored; 0 measured; 0 filtered out; finished in 0.00s

   Doc-tests console_workflow_domain

running 0 tests

test result: ok. 0 passed; 0 failed; 0 ignored; 0 measured; 0 filtered out; finished in 0.00s

   Doc-tests console_workflow_runtime

running 0 tests

test result: ok. 0 passed; 0 failed; 0 ignored; 0 measured; 0 filtered out; finished in 0.00s

   Doc-tests console_workflow_runtime_adapter_postgres

running 0 tests

test result: ok. 0 passed; 0 failed; 0 ignored; 0 measured; 0 filtered out; finished in 0.00s

   Doc-tests console_workorder_adapter_postgres

running 0 tests

test result: ok. 0 passed; 0 failed; 0 ignored; 0 measured; 0 filtered out; finished in 0.00s

   Doc-tests console_workorder_application

running 1 test
test crates/workorder/application/src/lib.rs - AiAssistantPort (line 301) ... ok

test result: ok. 1 passed; 0 failed; 0 ignored; 0 measured; 0 filtered out; finished in 0.00s

all doctests ran in 1.55s; merged doctests compilation took 1.36s
   Doc-tests console_workorder_domain

running 0 tests

test result: ok. 0 passed; 0 failed; 0 ignored; 0 measured; 0 filtered out; finished in 0.00s

   Doc-tests console_workorder_rest

running 0 tests

test result: ok. 0 passed; 0 failed; 0 ignored; 0 measured; 0 filtered out; finished in 0.00s

    Finished `test` profile [unoptimized + debuginfo] target(s) in 0.22s
     Running tests/attendance_policy.rs (/private/tmp/console-account30-cargo/debug/deps/attendance_policy-f49e521b7b5b7ec1)

running 8 tests
test duplicate_assignment_is_only_a_replay_when_the_fingerprint_matches ... ok
test close_gate_rejects_open_exceptions ... ok
test branch_authority_cannot_be_widened_by_requested_branch ... ok
test org_wide_caller_may_query_all_branches ... ok
test substitution_assignment_requires_an_employee_worker ... ok
test substitution_candidate_eligibility_rejects_every_disqualifying_fact ... ok
test branch_limited_caller_cannot_omit_branch_or_read_another_branch ... ok
test substitution_candidate_query_normalizes_search_and_pagination ... ok

test result: ok. 8 passed; 0 failed; 0 ignored; 0 measured; 0 filtered out; finished in 0.00s

    Finished `test` profile [unoptimized + debuginfo] target(s) in 0.21s
     Running tests/location_consent_fsm.rs (/private/tmp/console-account30-cargo/debug/deps/location_consent_fsm-366a2c7e9d3073f4)

running 2 tests
test consent_lifecycle_accepts_legal_edges_and_records_timestamps ... ok
test consent_lifecycle_rejects_illegal_edges ... ok

test result: ok. 2 passed; 0 failed; 0 ignored; 0 measured; 0 filtered out; finished in 0.00s

     Running tests/location_ping_policy.rs (/private/tmp/console-account30-cargo/debug/deps/location_ping_policy-220078c2ae417f74)

running 2 tests
test ping_volume_bound_caps_rows_by_on_duty_window_ping_rate_and_users ... ok
test location_ping_validates_coordinate_ranges ... ok

test result: ok. 2 passed; 0 failed; 0 ignored; 0 measured; 0 filtered out; finished in 0.00s

    Finished `test` profile [unoptimized + debuginfo] target(s) in 0.33s
     Running tests/cedar_diagnostic_fail_closed.rs (/private/tmp/console-account30-cargo/debug/deps/cedar_diagnostic_fail_closed-c542543d3c9632e7)

running 5 tests
test clean_compiled_permit_with_nonoverflowing_forbid_allows ... ok
test valid_field_policy_controls_show_clean_allow_and_matching_forbid ... ok
test field_visibility_fails_closed_when_allow_has_diagnostics ... ok
test compiled_allow_with_runtime_overflow_diagnostic_fails_closed ... ok
test row_visibility_fails_closed_when_allow_has_diagnostics ... ok

test result: ok. 5 passed; 0 failed; 0 ignored; 0 measured; 0 filtered out; finished in 0.04s

     Running tests/cedar_pbac_legacy_only_observe_and_record.rs (/private/tmp/console-account30-cargo/debug/deps/cedar_pbac_legacy_only_observe_and_record-5462789e9dc91d61)

running 5 tests
test shadow_deny_is_recorded_but_carries_zero_enforcement_weight ... ok
test legacy_only_boundary_is_byte_identical_to_legacy_for_a_would_be_allow ... ok
test legacy_only_boundary_is_byte_identical_to_legacy_for_a_would_be_deny ... ok
test shadow_allow_on_a_denied_request_is_recorded_but_cannot_grant ... ok
test observation_yields_exactly_one_audit_event_per_guarded_decision ... ok

test result: ok. 5 passed; 0 failed; 0 ignored; 0 measured; 0 filtered out; finished in 0.00s

     Running tests/cedar_pbac_readiness_cases.rs (/private/tmp/console-account30-cargo/debug/deps/cedar_pbac_readiness_cases-13393033c75f8f37)

running 2 tests
test ceo_covert_audit_stream_cedar_allows_only_with_clearance ... ok
test every_readiness_case_binds_to_a_fail_closed_boundary_decision ... ok

test result: ok. 2 passed; 0 failed; 0 ignored; 0 measured; 0 filtered out; finished in 0.06s

    Finished `test` profile [unoptimized + debuginfo] target(s) in 0.20s
     Running tests/range_and_history.rs (/private/tmp/console-account30-cargo/debug/deps/range_and_history-86f33dfc95f8b23b)

running 2 tests
test historical_substitution_requires_a_full_planned_absence_interval ... ok
test selected_month_plus_d7_is_the_only_default_listing_window ... ok

test result: ok. 2 passed; 0 failed; 0 ignored; 0 measured; 0 filtered out; finished in 0.00s

    Finished `test` profile [unoptimized + debuginfo] target(s) in 0.22s
     Running tests/compose.rs (/private/tmp/console-account30-cargo/debug/deps/compose-aea0255d8ad26da1)

running 37 tests
test a_ref_truncated_before_its_target_is_rejected_in_every_section ... ok
test a_ref_from_a_schema_body_is_checked_too ... ok
test a_ref_to_a_schema_nobody_defines_is_rejected ... ok
test a_ref_is_terminated_by_the_yaml_delimiter_that_follows_it ... ok
test a_cross_file_ref_is_rejected_even_when_the_local_set_knows_the_name ... ok
test a_ref_another_fragment_defines_is_not_dangling ... ok
test a_ref_whose_name_contains_legal_punctuation_resolves ... ok
test a_foreign_host_pointer_is_rejected_outside_a_ref_key ... ok
test a_ref_into_a_component_section_openapi_does_not_define_is_rejected ... ok
test a_ref_target_that_is_not_a_component_key_is_rejected ... ok
test a_response_ref_is_dangling_once_responses_are_contributed ... ok
test a_response_ref_resolves_against_a_contributed_response ... ok
test a_ref_a_fragment_declares_external_is_not_dangling ... ok
test a_ref_that_is_not_a_components_pointer_is_rejected ... ok
test a_dangling_ref_is_rejected_even_when_a_prefix_of_its_name_resolves ... ok
test a_pointer_to_an_undefined_schema_is_rejected_in_every_position ... ok
test a_ref_into_a_real_non_schema_component_section_composes ... ok
test a_resolving_pointer_composes_from_every_position ... ok
test an_empty_ref_target_is_rejected ... ok
test components_block_is_omitted_when_no_fragment_contributes_a_schema ... ok
test compose_document_emits_openapi_info_preamble ... ok
test composed_output_nests_operations_under_their_path ... ok
test composition_is_byte_identical_regardless_of_author_indentation ... ok
test composition_is_byte_identical_across_two_runs ... ok
test duplicate_error_message_names_both_contributors ... ok
test composition_is_byte_identical_regardless_of_fragment_order ... ok
test duplicate_operation_key_is_rejected ... ok
test duplicate_parameter_key_is_rejected ... ok
test duplicate_path_key_across_fragments_is_rejected ... ok
test every_duplicate_is_reported_not_just_the_first ... ok
test schema_refs_follows_a_discriminator_mapping ... ok
test first_yaml_alias_before_anchor_detects_inverted_order ... ok
test duplicate_schema_key_across_fragments_is_rejected ... ok
test prose_that_mentions_a_ref_key_is_not_a_ref ... ok
test schema_refs_yields_schema_refs_only ... ok
test security_schemes_parameters_and_responses_compose_under_components ... ok
test yaml_anchor_path_emits_before_aliasing_paths ... ok

test result: ok. 37 passed; 0 failed; 0 ignored; 0 measured; 0 filtered out; finished in 0.00s

   Compiling console-todos-domain v0.1.0 (/private/tmp/console-production-tdd-preparation-20260913/backend/crates/todos/domain)
   Compiling console-todos-application v0.1.0 (/private/tmp/console-production-tdd-preparation-20260913/backend/crates/todos/application)
   Compiling console-todos-adapter-postgres v0.1.0 (/private/tmp/console-production-tdd-preparation-20260913/backend/crates/todos/adapter-postgres)
   Compiling console-todos-rest v0.1.0 (/private/tmp/console-production-tdd-preparation-20260913/backend/crates/todos/rest)
    Finished `test` profile [unoptimized + debuginfo] target(s) in 5.00s
     Running tests/openapi_fragment.rs (/private/tmp/console-account30-cargo/debug/deps/openapi_fragment-e744c96109aa2b2b)

running 8 tests
test todos_face_composes ... ok
test composed_todos_fragment_is_byte_stable ... ok
test fragment_and_router_declare_the_same_paths ... ok
test the_published_contract_publishes_exactly_this_faces_paths ... ok
test composed_todos_paths_match_the_published_contract ... ok
test every_borrowed_schema_exists_in_the_published_contract ... ok
test composed_todos_schemas_match_the_published_contract ... ok
test the_published_contract_needs_exactly_the_schemas_this_face_owns ... ok

test result: ok. 8 passed; 0 failed; 0 ignored; 0 measured; 0 filtered out; finished in 0.10s

    Finished `dev` profile [unoptimized + debuginfo] target(s) in 0.19s
     Running `/private/tmp/console-account30-cargo/debug/console-openapi-gen`
wrote /private/tmp/console-production-tdd-preparation-20260913/backend/openapi/openapi.yaml (1225418 bytes)
    Finished `test` profile [unoptimized + debuginfo] target(s) in 0.21s
     Running tests/quote_and_residual.rs (/private/tmp/console-account30-cargo/debug/deps/quote_and_residual-4b38bd97d576eacc)

running 4 tests
test residual_recompute_supports_straight_line_and_declining_balance_without_flooring_negative_data ... ok
test purchase_fsm_requires_admin_then_thresholded_executive_approval_before_execution ... ok
test rental_quote_persists_floored_residual_even_when_flooring_flag_disabled ... ok
test rental_quote_floors_negative_residual_for_nonnegative_line_items ... ok

test result: ok. 4 passed; 0 failed; 0 ignored; 0 measured; 0 filtered out; finished in 0.00s

    Finished `test` profile [unoptimized + debuginfo] target(s) in 0.20s
     Running tests/equipment.rs (/private/tmp/console-account30-cargo/debug/deps/equipment-d86e98b458504085)

running 8 tests
test money_won_allows_negative_residual_values ... ok
test equipment_no_rejects_values_that_cannot_produce_prefix_columns ... ok
test equipment_no_derives_the_same_mid_formula_columns_as_the_workbook ... ok
test equipment_status_covers_actual_master_list_values ... ok
test ton_keeps_original_text_and_derives_milli_tons_when_numeric ... ok
test substitute_matching_keeps_unknown_ton_conservative ... ok
test substitute_matching_excludes_wrong_spec_power_and_lower_capacity ... ok
test substitute_matching_keeps_exact_ton_before_nearest_above ... ok

test result: ok. 8 passed; 0 failed; 0 ignored; 0 measured; 0 filtered out; finished in 0.00s

    Finished `test` profile [unoptimized + debuginfo] target(s) in 0.21s
     Running tests/mentions.rs (/private/tmp/console-account30-cargo/debug/deps/mentions-ac535beead2fed1d)

running 3 tests
test ignores_object_links_code_links_and_plain_text ... ok
test ignores_at_that_is_not_boundary_preceded_or_not_a_uuid ... ok
test extracts_boundary_preceded_uuid_mentions_in_order_without_duplicates ... ok

test result: ok. 3 passed; 0 failed; 0 ignored; 0 measured; 0 filtered out; finished in 0.00s

     Running tests/object_code_refs.rs (/private/tmp/console-account30-cargo/debug/deps/object_code_refs-c5565572e21a73a1)

running 4 tests
test drops_hashtag_noise_and_malformed_candidates ... ok
test message_body_rejects_over_max_length ... ok
test extracts_boundary_preceded_codes_in_order_without_duplicates ... ok
test caps_refs_per_message_at_max_object_code_refs ... ok

test result: ok. 4 passed; 0 failed; 0 ignored; 0 measured; 0 filtered out; finished in 0.00s

     Running tests/parity.rs (/private/tmp/console-account30-cargo/debug/deps/parity-6ba21133631cd325)

running 3 tests
test default_visibility_only_named_team_is_a_channel ... ok
test presence_derives_from_activity_age ... ok
test visibility_db_roundtrip ... ok

test result: ok. 3 passed; 0 failed; 0 ignored; 0 measured; 0 filtered out; finished in 0.00s

     Running tests/thread_kind.rs (/private/tmp/console-account30-cargo/debug/deps/thread_kind-518c90130cafd668)

running 2 tests
test message_body_trims_and_rejects_blank ... ok
test thread_kind_db_wire_uses_plan_values ... ok

test result: ok. 2 passed; 0 failed; 0 ignored; 0 measured; 0 filtered out; finished in 0.00s

   Compiling console-workorder-domain v0.1.0 (/private/tmp/console-production-tdd-preparation-20260913/backend/crates/workorder/domain)
    Finished `test` profile [unoptimized + debuginfo] target(s) in 2.45s
     Running tests/approval_and_assignment.rs (/private/tmp/console-account30-cargo/debug/deps/approval_and_assignment-b076cfcd1b7a6b80)

running 5 tests
test completion_evidence_interlock_reports_verified_state ... ok
test approval_rejects_out_of_order_or_wrong_actor_steps ... ok
test workorder_completion_requires_completed_approval_line_and_verified_evidence ... ok
test multi_assignment_requires_at_least_one_assignee_exactly_one_primary_and_unique_users ... ok
test approval_line_unlocks_in_order_and_completes_after_executive ... ok

test result: ok. 5 passed; 0 failed; 0 ignored; 0 measured; 0 filtered out; finished in 0.00s

     Running tests/serde_roundtrips.rs (/private/tmp/console-account30-cargo/debug/deps/serde_roundtrips-c6851c6b3f6f23bd)

running 2 tests
test db_string_parsers_accept_prior_project_values_and_reject_unknowns ... ok
test all_wire_enums_roundtrip_as_screaming_snake_case ... ok

test result: ok. 2 passed; 0 failed; 0 ignored; 0 measured; 0 filtered out; finished in 0.00s

     Running tests/settlement_fsm.rs (/private/tmp/console-account30-cargo/debug/deps/settlement_fsm-422f8cd538abbb18)

running 5 tests
test every_declared_edge_validates ... ok
test returned_submission_goes_back_to_draft ... ok
test settlement_eligibility_covers_report_review_and_final_only ... ok
test draft_cannot_jump_to_approved ... ok
test approved_and_void_are_terminal ... ok

test result: ok. 5 passed; 0 failed; 0 ignored; 0 measured; 0 filtered out; finished in 0.00s

     Running tests/workorder_fsm.rs (/private/tmp/console-account30-cargo/debug/deps/workorder_fsm-b75bb52a59f16e6b)

running 3 tests
test guarded_transitions_reject_missing_authority_or_invariants ... ok
test explicit_transition_table_matches_expected_edges_and_documents_rationale ... ok
test transition_matrix_asserts_all_256_cells ... ok

test result: ok. 3 passed; 0 failed; 0 ignored; 0 measured; 0 filtered out; finished in 0.00s

   Compiling console-platform-db v0.1.0 (/private/tmp/console-production-tdd-preparation-20260913/backend/crates/platform/db)
   Compiling console-platform-test-support v0.1.0 (/private/tmp/console-production-tdd-preparation-20260913/backend/crates/platform/test-support)
   Compiling console-platform-auth v0.1.0 (/private/tmp/console-production-tdd-preparation-20260913/backend/crates/platform/auth)
    Finished `test` profile [unoptimized + debuginfo] target(s) in 6.30s
     Running tests/jwt_es256.rs (/private/tmp/console-account30-cargo/debug/deps/jwt_es256-9b8f06a50bfc450e)

running 29 tests
test access_scope_claims_must_be_a_complete_pair ... ok
test account_crypto::issuance_rejects_zero_ttl_expired_ceiling_invalid_identity_and_generation ... ok
test es256_access_token_can_carry_group_roles_without_widening_scope ... ok
test es256_access_token_carries_feature_grant_ui_hints ... ok
test account_crypto::lifetime_arithmetic_near_representable_time_limit_does_not_overflow ... ok
test account_crypto::csrf_issuance_respects_five_minute_and_family_ceilings ... ok
test es256_access_token_carries_optional_display_name_claim ... ok
test es256_access_token_stamps_subject_authz_freshness ... ok
test es256_scoped_token_rejects_unknown_group_role_on_issue ... ok
test es256_access_token_round_trips_explicit_access_scope_claims ... ok
test es256_access_token_round_trips_with_expected_claims ... ok
test es256_rejects_actor_home_org_on_non_delegated_tokens ... ok
test account_crypto::csrf_round_trip_is_closed_and_has_no_access_or_assurance_projection ... ok
test es256_view_as_token_refuses_group_roles ... ok
test group_admin_tenant_context_token_rejects_super_admin_role ... ok
test es256_scoped_token_rejects_unknown_group_role_on_verify ... ok
test group_admin_tenant_context_token_is_bounded_and_distinct_from_super_admin ... ok
test account_crypto::access_issuance_respects_configured_fifteen_minute_and_family_ceilings ... ok
test legacy_access_token_without_freshness_claims_defaults_to_zero ... ok
test account_crypto::account_csrf_and_legacy_parsers_are_separate_in_both_directions ... ok
test account_crypto::access_round_trip_is_closed_company_free_and_bound_to_primary_metadata ... ok
test account_crypto::empty_configured_issuer_never_enables_account_or_csrf_tokens ... ok
test account_crypto::wrong_keys_hmac_payload_tampering_and_malformed_tokens_are_refused ... ok
test account_crypto::expired_access_preserves_verified_claims_without_skipping_other_validation ... ok
test account_crypto::signed_token_debug_and_invalid_claim_errors_do_not_echo_secrets ... ok
test account_crypto::both_protocols_require_exact_issuer_audience_and_kind ... ok
test account_crypto::time_validation_has_no_grace_and_enforces_signed_lifetime_and_primary_age ... ok
test account_crypto::identity_generation_and_assurance_claims_have_closed_canonical_values ... ok
test account_crypto::both_protocols_reject_missing_extra_and_raw_duplicate_claims ... ok

test result: ok. 29 passed; 0 failed; 0 ignored; 0 measured; 0 filtered out; finished in 0.34s

     Running tests/jwt_verifier.rs (/private/tmp/console-account30-cargo/debug/deps/jwt_verifier-6ddbbc570c6f6494)

running 7 tests
test public_key_verifier_accepts_es256_access_token ... ok
test account_protocol_separation::unmarked_legacy_token_remains_valid_in_both_verifiers ... ok
test legacy_protocol_compatibility::unrelated_unknown_fields_and_null_protocol_marker_preserve_legacy_compatibility ... ok
test account_protocol_separation::account_csrf_marker_cannot_enter_legacy_parser_with_legacy_shaped_claims ... ok
test account_protocol_separation::account_access_marker_cannot_enter_legacy_parser_with_legacy_shaped_claims ... ok
test legacy_protocol_compatibility::duplicate_known_claims_remain_refused_in_both_verifiers ... ok
test legacy_protocol_compatibility::duplicate_recognized_protocol_markers_are_refused_in_both_orders ... ok

test result: ok. 7 passed; 0 failed; 0 ignored; 0 measured; 0 filtered out; finished in 0.08s

     Running tests/well_known.rs (/private/tmp/console-account30-cargo/debug/deps/well_known-8567c001d07dba4f)

running 1 test
test app_link_documents_render_static_passkey_metadata ... ok

test result: ok. 1 passed; 0 failed; 0 ignored; 0 measured; 0 filtered out; finished in 0.00s

    Finished `test` profile [unoptimized + debuginfo] target(s) in 0.27s
     Running tests/template_fidelity.rs (/private/tmp/console-account30-cargo/debug/deps/template_fidelity-316ae03fb34d7648)

running 5 tests
test precondition_sheet_name ... ok
test precondition_merged_cell_count ... ok
test precondition_section_headers ... ok
test precondition_title_cell ... ok
test roundtrip_fill_and_read_back ... ok

test result: ok. 5 passed; 0 failed; 0 ignored; 0 measured; 0 filtered out; finished in 0.13s

     Running tests/template_fill_engine.rs (/private/tmp/console-account30-cargo/debug/deps/template_fill_engine-b685a11484a17949)

running 4 tests
test daily_status_descriptor_matches_real_template_sections ... ok
test pending_backlog_overflow_inserts_rows_before_section_4_and_shifts_merges ... ok
test fills_each_daily_status_section_and_clears_stale_template_rows ... ok
test daily_log_workbook_loads_and_roundtrips_with_three_sheet_structure_intact ... ok

test result: ok. 4 passed; 0 failed; 0 ignored; 0 measured; 0 filtered out; finished in 0.69s

   Compiling console-messenger-domain v0.1.0 (/private/tmp/console-production-tdd-preparation-20260913/backend/crates/messenger/domain)
   Compiling console-workorder-domain v0.1.0 (/private/tmp/console-production-tdd-preparation-20260913/backend/crates/workorder/domain)
   Compiling console-platform-request-context v0.1.0 (/private/tmp/console-production-tdd-preparation-20260913/backend/crates/platform/request-context)
   Compiling console-messenger-application v0.1.0 (/private/tmp/console-production-tdd-preparation-20260913/backend/crates/messenger/application)
   Compiling console-workorder-application v0.1.0 (/private/tmp/console-production-tdd-preparation-20260913/backend/crates/workorder/application)
   Compiling console-platform-realtime v0.1.0 (/private/tmp/console-production-tdd-preparation-20260913/backend/crates/platform/realtime)
   Compiling console-messenger-adapter-postgres v0.1.0 (/private/tmp/console-production-tdd-preparation-20260913/backend/crates/messenger/adapter-postgres)
    Finished `test` profile [unoptimized + debuginfo] target(s) in 4.74s
     Running tests/hub.rs (/private/tmp/console-account30-cargo/debug/deps/hub-2e05fa842c87aaaa)

running 5 tests
test failed_replay_connect_does_not_leave_an_orphaned_connection ... ok
test same_account_ack_fanout_respects_active_company ... ok
test bounded_mpsc_disconnects_lagging_connection_with_resume_cursor_policy ... ok
test same_account_message_fanout_respects_active_company ... ok
test notification_fans_out_only_to_its_recipient ... ok

test result: ok. 5 passed; 0 failed; 0 ignored; 0 measured; 0 filtered out; finished in 0.00s

     Running tests/notify_payload.rs (/private/tmp/console-account30-cargo/debug/deps/notify_payload-10b9b2cddd860f4a)

running 2 tests
test notifier_rejects_payloads_at_send_time_when_they_reach_the_postgres_ceiling ... ok
test message_notify_payload_serializes_ids_only_under_postgres_ceiling ... ok

test result: ok. 2 passed; 0 failed; 0 ignored; 0 measured; 0 filtered out; finished in 0.00s

   Compiling console-workorder-rest v0.1.0 (/private/tmp/console-production-tdd-preparation-20260913/backend/crates/workorder/rest)
   Compiling console-app v0.1.0 (/private/tmp/console-production-tdd-preparation-20260913/backend/app)
warning: linker stderr: ld: __eh_frame section too large (max 16MB) to encode dwarf unwind offsets in compact unwind table, performance of exception handling might be affected
  |
  = note: `#[warn(linker_messages)]` on by default

warning: `console-app` (bin "console-app") generated 1 warning
warning: `console-app` (test "intelligence_bind") generated 1 warning (1 duplicate)
warning: `console-app` (test "well_known") generated 1 warning (1 duplicate)
    Finished `test` profile [unoptimized + debuginfo] target(s) in 10.45s
warning: the following packages contain code that will be rejected by a future version of Rust: proc-macro-error2 v2.0.1
note: to see what the problems were, use the option `--future-incompat-report`, or run `cargo report future-incompatibilities --id 1`
     Running tests/config.rs (/private/tmp/console-account30-cargo/debug/deps/config-3dfc3499e2449756)

running 12 tests
test storefront_org_id_drives_public_support_intake_org ... ok
test mox_settings_are_resolved_from_app_config_pairs ... ok
test solapi_credentials_without_approved_template_disable_alimtalk_instead_of_crashing ... ok
test invalid_storefront_org_id_is_rejected ... ok
test invalid_email_stub_mode_is_rejected ... ok
test partial_smtp_config_in_production_like_env_is_rejected ... ok
test solapi_credentials_with_approved_template_enable_alimtalk ... ok
test partial_smtp_config_in_explicit_e2e_mode_selects_stub_sender ... ok
test no_email_config_in_explicit_test_mode_selects_stub_sender ... ok
test no_email_config_without_stub_mode_selects_disabled_sender ... ok
test no_email_config_in_explicit_dev_mode_selects_stub_sender ... ok
test complete_smtp_config_initializes_real_sender_config ... ok

test result: ok. 12 passed; 0 failed; 0 ignored; 0 measured; 0 filtered out; finished in 0.02s

     Running tests/database_durability_config.rs (/private/tmp/console-account30-cargo/debug/deps/database_durability_config-f51092040fdb6739)

running 9 tests
test public_config_mutation_requires_policy_before_database_transport ... ok
test configured_api_and_worker_require_explicit_durability_policy ... ok
test explicit_local_policy_keeps_single_node_development_usable ... ok
test invalid_explicit_durability_policy_never_selects_local ... ok
test invalid_explicit_policy_is_rejected_for_database_free_api_and_migrate ... ok
test injected_postgres_requires_policy_even_without_database_url ... ok
test migrate_tagged_injected_postgres_requires_policy ... ok
test database_free_api_and_migrate_do_not_require_durability_policy ... ok
test injected_postgres_accepts_explicit_local_without_connecting ... ok

test result: ok. 9 passed; 0 failed; 0 ignored; 0 measured; 0 filtered out; finished in 0.02s

     Running tests/dev_seed_notification_links.rs (/private/tmp/console-account30-cargo/debug/deps/dev_seed_notification_links-c4e846fd26de7398)

running 1 test
test every_seeded_notification_link_deserializes ... ok

test result: ok. 1 passed; 0 failed; 0 ignored; 0 measured; 0 filtered out; finished in 0.00s

     Running tests/intelligence_bind.rs (/private/tmp/console-account30-cargo/debug/deps/intelligence_bind-a9aa9d3f4b61487a)

running 3 tests
test get_internal_intelligence_bind_succeeds_on_loopback_listen_addr ... ok
test get_internal_intelligence_bind_is_absent_when_listen_addr_is_unset ... ok
test get_internal_intelligence_bind_is_absent_when_listen_addr_is_non_loopback ... ok

test result: ok. 3 passed; 0 failed; 0 ignored; 0 measured; 0 filtered out; finished in 0.03s

     Running tests/openslo_files.rs (/private/tmp/console-account30-cargo/debug/deps/openslo_files-0a453d81022a4e9d)

running 1 test
test openslo_v1_files_have_required_slo_shape ... ok

test result: ok. 1 passed; 0 failed; 0 ignored; 0 measured; 0 filtered out; finished in 0.00s

     Running tests/well_known.rs (/private/tmp/console-account30-cargo/debug/deps/well_known-423482f3b00d3763)

running 3 tests
test assetlinks_serves_configured_android_package ... ok
test aasa_serves_configured_ios_app_ids ... ok
test well_known_endpoints_serve_empty_but_valid_documents_when_unconfigured ... ok

test result: ok. 3 passed; 0 failed; 0 ignored; 0 measured; 0 filtered out; finished in 0.03s

     Running tests/workbench_api.rs (/private/tmp/console-account30-cargo/debug/deps/workbench_api-daa4a2565ea99a5e)

running 12 tests
test workbench::tests::explicit_branch_must_intersect_effective_scope ... ok
test workbench::tests::rejects_unknown_one_sided_malformed_and_overlong_queries ... ok
test workbench::tests::one_request_instant_drives_both_kst_default_range_and_as_of_at_rollover ... ok
test workbench::tests::defaults_to_the_kst_calendar_day ... ok
test action_without_due_time_omits_due_at_instead_of_serializing_null ... ok
test all_unavailable_fails_closed_instead_of_fabricating_a_partial_payload ... ok
test sorts_truncates_and_propagates_one_identical_context_to_every_source ... ok
test explicit_branch_requires_every_native_source_scope_not_ordinary_partial_denial ... ok
test workbench::tests::workbench_errors_match_the_standard_error_body_contract ... ok
test excludes_source_rows_from_a_snapshot_newer_than_the_request_ceiling ... ok
test partial_denied_or_unavailable_never_returns_stale_items_or_raw_errors ... ok
test hung_source_times_out_while_other_envelopes_remain_authoritative ... ok

test result: ok. 12 passed; 0 failed; 0 ignored; 0 measured; 0 filtered out; finished in 0.75s

   Compiling console-gate-writer-ownership v0.1.0 (/private/tmp/console-production-tdd-preparation-20260913/backend/ci/gates/writer-ownership)
    Finished `test` profile [unoptimized + debuginfo] target(s) in 0.80s
     Running tests/gate_detects_violation.rs (/private/tmp/console-account30-cargo/debug/deps/gate_detects_violation-0c7ab9044d3d88c8)

running 55 tests
test a_cfg_test_attribute_and_its_item_on_one_line_consume_only_that_item ... ok
test a_permitted_crate_that_writes_nothing_is_stale ... ok
test a_commented_closing_brace_does_not_swallow_the_file ... ok
test a_command_line_flag_after_a_verb_word_is_not_a_write ... ok
test an_unparseable_file_is_scanned_rather_than_skipped ... ok
test a_test_support_name_alone_buys_no_exemption ... ok
test an_unresolved_write_naming_the_shared_store_is_still_charged ... ok
test cfg_test_modules_inside_src_are_excluded ... ok
test a_gate_name_outside_ci_gates_buys_no_exemption ... ok
test comments_are_not_writers ... ok
test dev_dependency_only_crates_are_excluded ... ok
test escaped_newline_line_comment_still_charges_the_write ... ok
test a_verbatim_item_is_read_rather_than_skipped ... ok
test a_verbatim_foreign_item_is_read_rather_than_skipped ... ok
test an_unreadable_target_is_charged_to_a_table_the_file_names_as_an_identifier ... ok
test a_block_comment_body_may_hold_a_quote_and_a_semicolon ... ok
test a_hash_in_a_macro_token_stream_does_not_hide_the_next_group ... ok
test gate_roster_covers_every_object_key ... ok
test gate_detects_an_unpermitted_writer_of_the_shared_receipt_store ... ok
test gate_passes_when_only_the_owner_writes ... ok
test gate_detects_second_writer_of_an_owned_table ... ok
test gate_detects_creatively_spelled_second_writer ... ok
test every_permitted_crate_may_write_the_shared_receipt_store ... ok
test integration_tests_and_migrations_are_excluded_from_the_static_gate ... ok
test known_residual_a_line_comment_that_runs_off_the_end_of_its_literal ... ok
test orgchange_no_longer_compiles_the_employment_seam ... ok
test production_code_after_a_cfg_test_module_is_still_scanned ... ok
test a_comment_where_the_statement_expects_a_separator_or_a_table_is_charged ... ok
test every_verbatim_arm_syn_emits_is_read_rather_than_skipped ... ok
test ratchet_entries_are_well_formed ... ok
test selecting_from_the_shared_receipt_store_is_not_a_write ... ok
test stale_ratchet_entries_fail_the_gate ... ok
test the_permitted_set_is_derived_from_the_receipt_owner_roster ... ok
test quoted_sql_data_is_not_a_write_target ... ok
test the_shared_roster_is_disjoint_from_the_owned_registry ... ok
test topology_script_table_roster_matches_the_registry ... ok
test topology_script_names_the_roles_that_lose_dml ... ok
test a_write_whose_target_position_holds_a_placeholder_or_a_literal_boundary_is_charged_as_unresolved ... ok
test every_literal_kind_that_can_carry_a_statement_is_read ... ok
test cfg_predicates_that_do_not_gate_on_test_are_production ... ok
test unresolved_fallback_does_not_fire_on_reads ... ok
test ordinary_rust_that_puts_a_block_comment_marker_near_a_verb_is_not_charged ... ok
test workspace_inherited_package_rename_does_not_skip_a_shipped_writer ... ok
test known_residual_a_dash_inside_quoted_sql_data_hides_a_later_statement ... ok
test a_cfg_test_item_is_consumed_by_its_own_shape ... ok
test known_residual_a_write_that_misses_either_charging_condition_is_not_charged ... ok
test a_verb_ending_a_token_stream_does_not_take_the_next_node_as_its_target ... ok
test only_a_doc_attribute_is_dropped_at_item_level ... ok
test an_item_is_skipped_only_when_its_cfg_cannot_hold_without_test ... ok
test the_doc_attribute_rule_is_the_same_in_both_positions ... ok
test gate_detects_every_measured_evasion ... ok
test console_workflow_no_longer_writes_the_pay_run_tables ... ok
test employment_is_owned_by_the_canonical_adapter ... ok
test console_app_no_longer_writes_the_employment_tables ... ok
test measured_tip_has_exactly_the_ratcheted_dual_writers ... ok

test result: ok. 55 passed; 0 failed; 0 ignored; 0 measured; 0 filtered out; finished in 2.88s

domain-unit: all invocations passed

── [fast] Platform contract drift gate  (cwd: .)
npm notice run check:platform-contract-drift
npm notice run node --test scripts/check-platform-contract-drift.test.mjs && node scripts/check-platform-contract-drift.mjs
▶ module-scope path constant resolution
  ✔ fails closed when an imported PATH would bind an unrelated same-named declaration (2.125083ms)
  ✔ does not report an unrelated same-named path as served under OpenAPI agreement (2.496792ms)
  ✔ still resolves a path constant declared in the same module (0.729417ms)
✔ module-scope path constant resolution (5.859375ms)
▶ fail-closed inputs
  ✔ rejects an unreadable OpenAPI document (0.336709ms)
  ✔ rejects zero /api/ backend operations (0.391458ms)
✔ fail-closed inputs (0.821333ms)
▶ real tree
  ✔ keeps the committed backend inventory sensible (298.552583ms)
✔ real tree (298.717625ms)
ℹ tests 6
ℹ suites 3
ℹ pass 6
ℹ fail 0
ℹ cancelled 0
ℹ skipped 0
ℹ todo 0
ℹ duration_ms 355.691666
OpenAPI route drift gate passed (587 backend /api/ operations across 55 route sources).

── [fast] Employee import replay contract  (cwd: .)
npm notice run test:employee-import-contract
npm notice run node --test scripts/check-employee-import-replay-contract.test.mjs
✔ employee import replay accounting is required in the OpenAPI wire contract (1.766958ms)
✔ hosted CI runs the employee import replay contract (0.464709ms)
ℹ tests 2
ℹ suites 0
ℹ pass 2
ℹ fail 0
ℹ cancelled 0
ℹ skipped 0
ℹ todo 0
ℹ duration_ms 46.852375

── [fast] Ontology write precondition contract  (cwd: .)
npm notice run test:ontology-write-precondition
npm notice run node --test scripts/check-ontology-write-precondition.test.mjs
✔ ontology stage declares strong required If-Match and exact precondition statuses (0.593916ms)
✔ ontology lifecycle transition declares the same write precondition contract (0.138875ms)
✔ object type wire contract carries key revision (0.290041ms)
✔ hosted CI runs the ontology write precondition contract (0.893541ms)
ℹ tests 4
ℹ suites 0
ℹ pass 4
ℹ fail 0
ℹ cancelled 0
ℹ skipped 0
ℹ todo 0
ℹ duration_ms 48.159083

Not mirrored locally (21):
  • Install workspace dependencies -- `npm ci` deletes node_modules; `Canonical npm lockfile` below covers lockfile drift
  • Classify path class -- Actions-only PATH_CLASS_* event SHAs; `CI preflight contract` covers classification; local mirror always exercises the heavy path
  • Release metadata semantic gate -- requires the exact hosted event base/head commits after release-only classification; run manually with `node scripts/check-release-metadata.mjs --base <base-sha> --head <release-tip-sha>`
  • Install pinned DotSlash runtime -- runner bootstrap; a local checkout already has the tools/buck2 shim
  • Collect failures -- reads the hosted steps context (toJSON(steps)); no local equivalent
  • Path-class skip proof -- skip proofs run only for thin path classes on hosted CI; local mirror always exercises the heavy path
  • Install pinned DotSlash runtime -- runner bootstrap; a local checkout already has the tools/buck2 shim
  • Collect failures -- reads the hosted steps context (toJSON(steps)); no local equivalent
  • Path-class skip proof -- skip proofs run only for thin path classes on hosted CI; local mirror always exercises the heavy path
  • Install pinned DotSlash runtime -- runner bootstrap; a local checkout already has the tools/buck2 shim
  • Collect failures -- reads the hosted steps context (toJSON(steps)); no local equivalent
  • Install workspace dependencies -- `npm ci` deletes node_modules; `Canonical npm lockfile` below covers lockfile drift
  • Path-class skip proof -- skip proofs run only for thin path classes on hosted CI; local mirror always exercises the heavy path
  • Install kubectl (for kustomize renderer) -- downloads a pinned kubectl; local checkouts use the one already on PATH
  • Install kustomize (NetworkPolicy static render proof) -- downloads a pinned kustomize; local checkouts use the one already on PATH, and the script falls back to `kubectl kustomize`
  • Install production-hardening test dependencies -- hosted dependency bootstrap; `npm ci --ignore-scripts` would replace an already-installed local node_modules tree
  • Path-class skip proof -- skip proofs run only for thin path classes on hosted CI; local mirror always exercises the heavy path
  • Path-class skip proof -- skip proofs run only for thin path classes on hosted CI; local mirror always exercises the heavy path
  • Install Node tooling -- `npm ci` deletes node_modules; `Canonical npm lockfile` covers lockfile drift
  • Path-class skip proof -- skip proofs run only for thin path classes on hosted CI; local mirror always exercises the heavy path
  • Install pinned DotSlash runtime -- runner bootstrap; a local checkout already has the tools/buck2 shim

FAILED (2):
  ✗ Audit-coverage gate
  ✗ RLS-arming gate
